$MeshFormat
4.1 0 8
$EndMeshFormat
$PhysicalNames
6
1 1 "left_bottom"
1 2 "bottom"
1 3 "right"
1 4 "top"
1 5 "left_top"
2 10 "domain"
$EndPhysicalNames
$Entities
5 5 1 0
1 0 0 0 0
2 1.0 0 0 0
3 1.0 1.0 0 0
4 0 1.0 0 0
5 0 0.4 0 0
1 0 0 0 1.0 0 0 1 2 2 1 -2
2 1.0 0 0 1.0 1.0 0 1 3 2 2 -3
3 0 1.0 0 1.0 1.0 0 1 4 2 3 -4
4 0 0.4 0 0 1.0 0 1 5 2 4 -5
5 0 0 0 0 0.4 0 1 1 2 5 -1
1 0 0 0 1.0 1.0 0 1 10 5 1 2 3 4 5
$EndEntities
$Nodes
11 6561 1 6561
0 1 0 1
1
0.0 0.0 0
0 2 0 1
2
1.0 0.0 0
0 3 0 1
3
1.0 1.0 0
0 4 0 1
4
0.0 1.0 0
0 5 0 1
5
0.0 0.4 0
1 1 0 79
6
7
8
9
10
11
12
13
14
15
16
17
18
19
20
21
22
23
24
25
26
27
28
29
30
31
32
33
34
35
36
37
38
39
40
41
42
43
44
45
46
47
48
49
50
51
52
53
54
55
56
57
58
59
60
61
62
63
64
65
66
67
68
69
70
71
72
73
74
75
76
77
78
79
80
81
82
83
84
0.0125 0.0 0
0.025 0.0 0
0.0375 0.0 0
0.05 0.0 0
0.0625 0.0 0
0.075 0.0 0
0.0875 0.0 0
0.1 0.0 0
0.1125 0.0 0
0.125 0.0 0
0.1375 0.0 0
0.15 0.0 0
0.1625 0.0 0
0.175 0.0 0
0.1875 0.0 0
0.2 0.0 0
0.2125 0.0 0
0.225 0.0 0
0.2375 0.0 0
0.25 0.0 0
0.2625 0.0 0
0.275 0.0 0
0.2875 0.0 0
0.3 0.0 0
0.3125 0.0 0
0.325 0.0 0
0.3375 0.0 0
0.35 0.0 0
0.3625 0.0 0
0.375 0.0 0
0.3875 0.0 0
0.4 0.0 0
0.4125 0.0 0
0.425 0.0 0
0.4375 0.0 0
0.45 0.0 0
0.4625 0.0 0
0.475 0.0 0
0.4875 0.0 0
0.5 0.0 0
0.5125 0.0 0
0.525 0.0 0
0.5375 0.0 0
0.55 0.0 0
0.5625 0.0 0
0.575 0.0 0
0.5875 0.0 0
0.6 0.0 0
0.6125 0.0 0
0.625 0.0 0
0.6375 0.0 0
0.65 0.0 0
0.6625 0.0 0
0.675 0.0 0
0.6875 0.0 0
0.7 0.0 0
0.7125 0.0 0
0.725 0.0 0
0.7375 0.0 0
0.75 0.0 0
0.7625 0.0 0
0.775 0.0 0
0.7875 0.0 0
0.8 0.0 0
0.8125 0.0 0
0.825 0.0 0
0.8375 0.0 0
0.85 0.0 0
0.8625 0.0 0
0.875 0.0 0
0.8875 0.0 0
0.9 0.0 0
0.9125 0.0 0
0.925 0.0 0
0.9375 0.0 0
0.95 0.0 0
0.9625 0.0 0
0.975 0.0 0
0.9875 0.0 0
1 2 0 79
85
86
87
88
89
90
91
92
93
94
95
96
97
98
99
100
101
102
103
104
105
106
107
108
109
110
111
112
113
114
115
116
117
118
119
120
121
122
123
124
125
126
127
128
129
130
131
132
133
134
135
136
137
138
139
140
141
142
143
144
145
146
147
148
149
150
151
152
153
154
155
156
157
158
159
160
161
162
163
1.0 0.0125 0
1.0 0.025 0
1.0 0.0375 0
1.0 0.05 0
1.0 0.0625 0
1.0 0.075 0
1.0 0.0875 0
1.0 0.1 0
1.0 0.1125 0
1.0 0.125 0
1.0 0.1375 0
1.0 0.15 0
1.0 0.1625 0
1.0 0.175 0
1.0 0.1875 0
1.0 0.2 0
1.0 0.2125 0
1.0 0.225 0
1.0 0.2375 0
1.0 0.25 0
1.0 0.2625 0
1.0 0.275 0
1.0 0.2875 0
1.0 0.3 0
1.0 0.3125 0
1.0 0.325 0
1.0 0.3375 0
1.0 0.35 0
1.0 0.3625 0
1.0 0.375 0
1.0 0.3875 0
1.0 0.4 0
1.0 0.4125 0
1.0 0.425 0
1.0 0.4375 0
1.0 0.45 0
1.0 0.4625 0
1.0 0.475 0
1.0 0.4875 0
1.0 0.5 0
1.0 0.5125 0
1.0 0.525 0
1.0 0.5375 0
1.0 0.55 0
1.0 0.5625 0
1.0 0.575 0
1.0 0.5875 0
1.0 0.6 0
1.0 0.6125 0
1.0 0.625 0
1.0 0.6375 0
1.0 0.65 0
1.0 0.6625 0
1.0 0.675 0
1.0 0.6875 0
1.0 0.7 0
1.0 0.7125 0
1.0 0.725 0
1.0 0.7375 0
1.0 0.75 0
1.0 0.7625 0
1.0 0.775 0
1.0 0.7875 0
1.0 0.8 0
1.0 0.8125 0
1.0 0.825 0
1.0 0.8375 0
1.0 0.85 0
1.0 0.8625 0
1.0 0.875 0
1.0 0.8875 0
1.0 0.9 0
1.0 0.9125 0
1.0 0.925 0
1.0 0.9375 0
1.0 0.95 0
1.0 0.9625 0
1.0 0.975 0
1.0 0.9875 0
1 3 0 79
164
165
166
167
168
169
170
171
172
173
174
175
176
177
178
179
180
181
182
183
184
185
186
187
188
189
190
191
192
193
194
195
196
197
198
199
200
201
202
203
204
205
206
207
208
209
210
211
212
213
214
215
216
217
218
219
220
221
222
223
224
225
226
227
228
229
230
231
232
233
234
235
236
237
238
239
240
241
242
0.9875 1.0 0
0.975 1.0 0
0.9625 1.0 0
0.95 1.0 0
0.9375 1.0 0
0.925 1.0 0
0.9125 1.0 0
0.9 1.0 0
0.8875 1.0 0
0.875 1.0 0
0.8625 1.0 0
0.85 1.0 0
0.8375 1.0 0
0.825 1.0 0
0.8125 1.0 0
0.8 1.0 0
0.7875 1.0 0
0.775 1.0 0
0.7625 1.0 0
0.75 1.0 0
0.7375 1.0 0
0.725 1.0 0
0.7125 1.0 0
0.7 1.0 0
0.6875 1.0 0
0.675 1.0 0
0.6625 1.0 0
0.65 1.0 0
0.6375 1.0 0
0.625 1.0 0
0.6125 1.0 0
0.6 1.0 0
0.5875 1.0 0
0.575 1.0 0
0.5625 1.0 0
0.55 1.0 0
0.5375 1.0 0
0.525 1.0 0
0.5125 1.0 0
0.5 1.0 0
0.4875 1.0 0
0.475 1.0 0
0.4625 1.0 0
0.45 1.0 0
0.4375 1.0 0
0.425 1.0 0
0.4125 1.0 0
0.4 1.0 0
0.3875 1.0 0
0.375 1.0 0
0.3625 1.0 0
0.35 1.0 0
0.3375 1.0 0
0.325 1.0 0
0.3125 1.0 0
0.3 1.0 0
0.2875 1.0 0
0.275 1.0 0
0.2625 1.0 0
0.25 1.0 0
0.2375 1.0 0
0.225 1.0 0
0.2125 1.0 0
0.2 1.0 0
0.1875 1.0 0
0.175 1.0 0
0.1625 1.0 0
0.15 1.0 0
0.1375 1.0 0
0.125 1.0 0
0.1125 1.0 0
0.1 1.0 0
0.0875 1.0 0
0.075 1.0 0
0.0625 1.0 0
0.05 1.0 0
0.0375 1.0 0
0.025 1.0 0
0.0125 1.0 0
1 4 0 47
243
244
245
246
247
248
249
250
251
252
253
254
255
256
257
258
259
260
261
262
263
264
265
266
267
268
269
270
271
272
273
274
275
276
277
278
279
280
281
282
283
284
285
286
287
288
289
0.0 0.9875 0
0.0 0.975 0
0.0 0.9625 0
0.0 0.95 0
0.0 0.9375 0
0.0 0.925 0
0.0 0.9125 0
0.0 0.9 0
0.0 0.8875 0
0.0 0.875 0
0.0 0.8625 0
0.0 0.85 0
0.0 0.8375 0
0.0 0.825 0
0.0 0.8125 0
0.0 0.8 0
0.0 0.7875 0
0.0 0.775 0
0.0 0.7625 0
0.0 0.75 0
0.0 0.7375 0
0.0 0.725 0
0.0 0.7125 0
0.0 0.7 0
0.0 0.6875 0
0.0 0.675 0
0.0 0.6625 0
0.0 0.65 0
0.0 0.6375 0
0.0 0.625 0
0.0 0.6125 0
0.0 0.6 0
0.0 0.5875 0
0.0 0.575 0
0.0 0.5625 0
0.0 0.55 0
0.0 0.5375 0
0.0 0.525 0
0.0 0.5125 0
0.0 0.5 0
0.0 0.4875 0
0.0 0.475 0
0.0 0.4625 0
0.0 0.45 0
0.0 0.4375 0
0.0 0.425 0
0.0 0.4125 0
1 5 0 31
290
291
292
293
294
295
296
297
298
299
300
301
302
303
304
305
306
307
308
309
310
311
312
313
314
315
316
317
318
319
320
0.0 0.3875 0
0.0 0.375 0
0.0 0.3625 0
0.0 0.35 0
0.0 0.3375 0
0.0 0.325 0
0.0 0.3125 0
0.0 0.3 0
0.0 0.2875 0
0.0 0.275 0
0.0 0.2625 0
0.0 0.25 0
0.0 0.2375 0
0.0 0.225 0
0.0 0.2125 0
0.0 0.2 0
0.0 0.1875 0
0.0 0.175 0
0.0 0.1625 0
0.0 0.15 0
0.0 0.1375 0
0.0 0.125 0
0.0 0.1125 0
0.0 0.1 0
0.0 0.0875 0
0.0 0.075 0
0.0 0.0625 0
0.0 0.05 0
0.0 0.0375 0
0.0 0.025 0
0.0 0.0125 0
2 1 0 6241
321
322
323
324
325
326
327
328
329
330
331
332
333
334
335
336
337
338
339
340
341
342
343
344
345
346
347
348
349
350
351
352
353
354
355
356
357
358
359
360
361
362
363
364
365
366
367
368
369
370
371
372
373
374
375
376
377
378
379
380
381
382
383
384
385
386
387
388
389
390
391
392
393
394
395
396
397
398
399
400
401
402
403
404
405
406
407
408
409
410
411
412
413
414
415
416
417
418
419
420
421
422
423
424
425
426
427
428
429
430
431
432
433
434
435
436
437
438
439
440
441
442
443
444
445
446
447
448
449
450
451
452
453
454
455
456
457
458
459
460
461
462
463
464
465
466
467
468
469
470
471
472
473
474
475
476
477
478
479
480
481
482
483
484
485
486
487
488
489
490
491
492
493
494
495
496
497
498
499
500
501
502
503
504
505
506
507
508
509
510
511
512
513
514
515
516
517
518
519
520
521
522
523
524
525
526
527
528
529
530
531
532
533
534
535
536
537
538
539
540
541
542
543
544
545
546
547
548
549
550
551
552
553
554
555
556
557
558
559
560
561
562
563
564
565
566
567
568
569
570
571
572
573
574
575
576
577
578
579
580
581
582
583
584
585
586
587
588
589
590
591
592
593
594
595
596
597
598
599
600
601
602
603
604
605
606
607
608
609
610
611
612
613
614
615
616
617
618
619
620
621
622
623
624
625
626
627
628
629
630
631
632
633
634
635
636
637
638
639
640
641
642
643
644
645
646
647
648
649
650
651
652
653
654
655
656
657
658
659
660
661
662
663
664
665
666
667
668
669
670
671
672
673
674
675
676
677
678
679
680
681
682
683
684
685
686
687
688
689
690
691
692
693
694
695
696
697
698
699
700
701
702
703
704
705
706
707
708
709
710
711
712
713
714
715
716
717
718
719
720
721
722
723
724
725
726
727
728
729
730
731
732
733
734
735
736
737
738
739
740
741
742
743
744
745
746
747
748
749
750
751
752
753
754
755
756
757
758
759
760
761
762
763
764
765
766
767
768
769
770
771
772
773
774
775
776
777
778
779
780
781
782
783
784
785
786
787
788
789
790
791
792
793
794
795
796
797
798
799
800
801
802
803
804
805
806
807
808
809
810
811
812
813
814
815
816
817
818
819
820
821
822
823
824
825
826
827
828
829
830
831
832
833
834
835
836
837
838
839
840
841
842
843
844
845
846
847
848
849
850
851
852
853
854
855
856
857
858
859
860
861
862
863
864
865
866
867
868
869
870
871
872
873
874
875
876
877
878
879
880
881
882
883
884
885
886
887
888
889
890
891
892
893
894
895
896
897
898
899
900
901
902
903
904
905
906
907
908
909
910
911
912
913
914
915
916
917
918
919
920
921
922
923
924
925
926
927
928
929
930
931
932
933
934
935
936
937
938
939
940
941
942
943
944
945
946
947
948
949
950
951
952
953
954
955
956
957
958
959
960
961
962
963
964
965
966
967
968
969
970
971
972
973
974
975
976
977
978
979
980
981
982
983
984
985
986
987
988
989
990
991
992
993
994
995
996
997
998
999
1000
1001
1002
1003
1004
1005
1006
1007
1008
1009
1010
1011
1012
1013
1014
1015
1016
1017
1018
1019
1020
1021
1022
1023
1024
1025
1026
1027
1028
1029
1030
1031
1032
1033
1034
1035
1036
1037
1038
1039
1040
1041
1042
1043
1044
1045
1046
1047
1048
1049
1050
1051
1052
1053
1054
1055
1056
1057
1058
1059
1060
1061
1062
1063
1064
1065
1066
1067
1068
1069
1070
1071
1072
1073
1074
1075
1076
1077
1078
1079
1080
1081
1082
1083
1084
1085
1086
1087
1088
1089
1090
1091
1092
1093
1094
1095
1096
1097
1098
1099
1100
1101
1102
1103
1104
1105
1106
1107
1108
1109
1110
1111
1112
1113
1114
1115
1116
1117
1118
1119
1120
1121
1122
1123
1124
1125
1126
1127
1128
1129
1130
1131
1132
1133
1134
1135
1136
1137
1138
1139
1140
1141
1142
1143
1144
1145
1146
1147
1148
1149
1150
1151
1152
1153
1154
1155
1156
1157
1158
1159
1160
1161
1162
1163
1164
1165
1166
1167
1168
1169
1170
1171
1172
1173
1174
1175
1176
1177
1178
1179
1180
1181
1182
1183
1184
1185
1186
1187
1188
1189
1190
1191
1192
1193
1194
1195
1196
1197
1198
1199
1200
1201
1202
1203
1204
1205
1206
1207
1208
1209
1210
1211
1212
1213
1214
1215
1216
1217
1218
1219
1220
1221
1222
1223
1224
1225
1226
1227
1228
1229
1230
1231
1232
1233
1234
1235
1236
1237
1238
1239
1240
1241
1242
1243
1244
1245
1246
1247
1248
1249
1250
1251
1252
1253
1254
1255
1256
1257
1258
1259
1260
1261
1262
1263
1264
1265
1266
1267
1268
1269
1270
1271
1272
1273
1274
1275
1276
1277
1278
1279
1280
1281
1282
1283
1284
1285
1286
1287
1288
1289
1290
1291
1292
1293
1294
1295
1296
1297
1298
1299
1300
1301
1302
1303
1304
1305
1306
1307
1308
1309
1310
1311
1312
1313
1314
1315
1316
1317
1318
1319
1320
1321
1322
1323
1324
1325
1326
1327
1328
1329
1330
1331
1332
1333
1334
1335
1336
1337
1338
1339
1340
1341
1342
1343
1344
1345
1346
1347
1348
1349
1350
1351
1352
1353
1354
1355
1356
1357
1358
1359
1360
1361
1362
1363
1364
1365
1366
1367
1368
1369
1370
1371
1372
1373
1374
1375
1376
1377
1378
1379
1380
1381
1382
1383
1384
1385
1386
1387
1388
1389
1390
1391
1392
1393
1394
1395
1396
1397
1398
1399
1400
1401
1402
1403
1404
1405
1406
1407
1408
1409
1410
1411
1412
1413
1414
1415
1416
1417
1418
1419
1420
1421
1422
1423
1424
1425
1426
1427
1428
1429
1430
1431
1432
1433
1434
1435
1436
1437
1438
1439
1440
1441
1442
1443
1444
1445
1446
1447
1448
1449
1450
1451
1452
1453
1454
1455
1456
1457
1458
1459
1460
1461
1462
1463
1464
1465
1466
1467
1468
1469
1470
1471
1472
1473
1474
1475
1476
1477
1478
1479
1480
1481
1482
1483
1484
1485
1486
1487
1488
1489
1490
1491
1492
1493
1494
1495
1496
1497
1498
1499
1500
1501
1502
1503
1504
1505
1506
1507
1508
1509
1510
1511
1512
1513
1514
1515
1516
1517
1518
1519
1520
1521
1522
1523
1524
1525
1526
1527
1528
1529
1530
1531
1532
1533
1534
1535
1536
1537
1538
1539
1540
1541
1542
1543
1544
1545
1546
1547
1548
1549
1550
1551
1552
1553
1554
1555
1556
1557
1558
1559
1560
1561
1562
1563
1564
1565
1566
1567
1568
1569
1570
1571
1572
1573
1574
1575
1576
1577
1578
1579
1580
1581
1582
1583
1584
1585
1586
1587
1588
1589
1590
1591
1592
1593
1594
1595
1596
1597
1598
1599
1600
1601
1602
1603
1604
1605
1606
1607
1608
1609
1610
1611
1612
1613
1614
1615
1616
1617
1618
1619
1620
1621
1622
1623
1624
1625
1626
1627
1628
1629
1630
1631
1632
1633
1634
1635
1636
1637
1638
1639
1640
1641
1642
1643
1644
1645
1646
1647
1648
1649
1650
1651
1652
1653
1654
1655
1656
1657
1658
1659
1660
1661
1662
1663
1664
1665
1666
1667
1668
1669
1670
1671
1672
1673
1674
1675
1676
1677
1678
1679
1680
1681
1682
1683
1684
1685
1686
1687
1688
1689
1690
1691
1692
1693
1694
1695
1696
1697
1698
1699
1700
1701
1702
1703
1704
1705
1706
1707
1708
1709
1710
1711
1712
1713
1714
1715
1716
1717
1718
1719
1720
1721
1722
1723
1724
1725
1726
1727
1728
1729
1730
1731
1732
1733
1734
1735
1736
1737
1738
1739
1740
1741
1742
1743
1744
1745
1746
1747
1748
1749
1750
1751
1752
1753
1754
1755
1756
1757
1758
1759
1760
1761
1762
1763
1764
1765
1766
1767
1768
1769
1770
1771
1772
1773
1774
1775
1776
1777
1778
1779
1780
1781
1782
1783
1784
1785
1786
1787
1788
1789
1790
1791
1792
1793
1794
1795
1796
1797
1798
1799
1800
1801
1802
1803
1804
1805
1806
1807
1808
1809
1810
1811
1812
1813
1814
1815
1816
1817
1818
1819
1820
1821
1822
1823
1824
1825
1826
1827
1828
1829
1830
1831
1832
1833
1834
1835
1836
1837
1838
1839
1840
1841
1842
1843
1844
1845
1846
1847
1848
1849
1850
1851
1852
1853
1854
1855
1856
1857
1858
1859
1860
1861
1862
1863
1864
1865
1866
1867
1868
1869
1870
1871
1872
1873
1874
1875
1876
1877
1878
1879
1880
1881
1882
1883
1884
1885
1886
1887
1888
1889
1890
1891
1892
1893
1894
1895
1896
1897
1898
1899
1900
1901
1902
1903
1904
1905
1906
1907
1908
1909
1910
1911
1912
1913
1914
1915
1916
1917
1918
1919
1920
1921
1922
1923
1924
1925
1926
1927
1928
1929
1930
1931
1932
1933
1934
1935
1936
1937
1938
1939
1940
1941
1942
1943
1944
1945
1946
1947
1948
1949
1950
1951
1952
1953
1954
1955
1956
1957
1958
1959
1960
1961
1962
1963
1964
1965
1966
1967
1968
1969
1970
1971
1972
1973
1974
1975
1976
1977
1978
1979
1980
1981
1982
1983
1984
1985
1986
1987
1988
1989
1990
1991
1992
1993
1994
1995
1996
1997
1998
1999
2000
2001
2002
2003
2004
2005
2006
2007
2008
2009
2010
2011
2012
2013
2014
2015
2016
2017
2018
2019
2020
2021
2022
2023
2024
2025
2026
2027
2028
2029
2030
2031
2032
2033
2034
2035
2036
2037
2038
2039
2040
2041
2042
2043
2044
2045
2046
2047
2048
2049
2050
2051
2052
2053
2054
2055
2056
2057
2058
2059
2060
2061
2062
2063
2064
2065
2066
2067
2068
2069
2070
2071
2072
2073
2074
2075
2076
2077
2078
2079
2080
2081
2082
2083
2084
2085
2086
2087
2088
2089
2090
2091
2092
2093
2094
2095
2096
2097
2098
2099
2100
2101
2102
2103
2104
2105
2106
2107
2108
2109
2110
2111
2112
2113
2114
2115
2116
2117
2118
2119
2120
2121
2122
2123
2124
2125
2126
2127
2128
2129
2130
2131
2132
2133
2134
2135
2136
2137
2138
2139
2140
2141
2142
2143
2144
2145
2146
2147
2148
2149
2150
2151
2152
2153
2154
2155
2156
2157
2158
2159
2160
2161
2162
2163
2164
2165
2166
2167
2168
2169
2170
2171
2172
2173
2174
2175
2176
2177
2178
2179
2180
2181
2182
2183
2184
2185
2186
2187
2188
2189
2190
2191
2192
2193
2194
2195
2196
2197
2198
2199
2200
2201
2202
2203
2204
2205
2206
2207
2208
2209
2210
2211
2212
2213
2214
2215
2216
2217
2218
2219
2220
2221
2222
2223
2224
2225
2226
2227
2228
2229
2230
2231
2232
2233
2234
2235
2236
2237
2238
2239
2240
2241
2242
2243
2244
2245
2246
2247
2248
2249
2250
2251
2252
2253
2254
2255
2256
2257
2258
2259
2260
2261
2262
2263
2264
2265
2266
2267
2268
2269
2270
2271
2272
2273
2274
2275
2276
2277
2278
2279
2280
2281
2282
2283
2284
2285
2286
2287
2288
2289
2290
2291
2292
2293
2294
2295
2296
2297
2298
2299
2300
2301
2302
2303
2304
2305
2306
2307
2308
2309
2310
2311
2312
2313
2314
2315
2316
2317
2318
2319
2320
2321
2322
2323
2324
2325
2326
2327
2328
2329
2330
2331
2332
2333
2334
2335
2336
2337
2338
2339
2340
2341
2342
2343
2344
2345
2346
2347
2348
2349
2350
2351
2352
2353
2354
2355
2356
2357
2358
2359
2360
2361
2362
2363
2364
2365
2366
2367
2368
2369
2370
2371
2372
2373
2374
2375
2376
2377
2378
2379
2380
2381
2382
2383
2384
2385
2386
2387
2388
2389
2390
2391
2392
2393
2394
2395
2396
2397
2398
2399
2400
2401
2402
2403
2404
2405
2406
2407
2408
2409
2410
2411
2412
2413
2414
2415
2416
2417
2418
2419
2420
2421
2422
2423
2424
2425
2426
2427
2428
2429
2430
2431
2432
2433
2434
2435
2436
2437
2438
2439
2440
2441
2442
2443
2444
2445
2446
2447
2448
2449
2450
2451
2452
2453
2454
2455
2456
2457
2458
2459
2460
2461
2462
2463
2464
2465
2466
2467
2468
2469
2470
2471
2472
2473
2474
2475
2476
2477
2478
2479
2480
2481
2482
2483
2484
2485
2486
2487
2488
2489
2490
2491
2492
2493
2494
2495
2496
2497
2498
2499
2500
2501
2502
2503
2504
2505
2506
2507
2508
2509
2510
2511
2512
2513
2514
2515
2516
2517
2518
2519
2520
2521
2522
2523
2524
2525
2526
2527
2528
2529
2530
2531
2532
2533
2534
2535
2536
2537
2538
2539
2540
2541
2542
2543
2544
2545
2546
2547
2548
2549
2550
2551
2552
2553
2554
2555
2556
2557
2558
2559
2560
2561
2562
2563
2564
2565
2566
2567
2568
2569
2570
2571
2572
2573
2574
2575
2576
2577
2578
2579
2580
2581
2582
2583
2584
2585
2586
2587
2588
2589
2590
2591
2592
2593
2594
2595
2596
2597
2598
2599
2600
2601
2602
2603
2604
2605
2606
2607
2608
2609
2610
2611
2612
2613
2614
2615
2616
2617
2618
2619
2620
2621
2622
2623
2624
2625
2626
2627
2628
2629
2630
2631
2632
2633
2634
2635
2636
2637
2638
2639
2640
2641
2642
2643
2644
2645
2646
2647
2648
2649
2650
2651
2652
2653
2654
2655
2656
2657
2658
2659
2660
2661
2662
2663
2664
2665
2666
2667
2668
2669
2670
2671
2672
2673
2674
2675
2676
2677
2678
2679
2680
2681
2682
2683
2684
2685
2686
2687
2688
2689
2690
2691
2692
2693
2694
2695
2696
2697
2698
2699
2700
2701
2702
2703
2704
2705
2706
2707
2708
2709
2710
2711
2712
2713
2714
2715
2716
2717
2718
2719
2720
2721
2722
2723
2724
2725
2726
2727
2728
2729
2730
2731
2732
2733
2734
2735
2736
2737
2738
2739
2740
2741
2742
2743
2744
2745
2746
2747
2748
2749
2750
2751
2752
2753
2754
2755
2756
2757
2758
2759
2760
2761
2762
2763
2764
2765
2766
2767
2768
2769
2770
2771
2772
2773
2774
2775
2776
2777
2778
2779
2780
2781
2782
2783
2784
2785
2786
2787
2788
2789
2790
2791
2792
2793
2794
2795
2796
2797
2798
2799
2800
2801
2802
2803
2804
2805
2806
2807
2808
2809
2810
2811
2812
2813
2814
2815
2816
2817
2818
2819
2820
2821
2822
2823
2824
2825
2826
2827
2828
2829
2830
2831
2832
2833
2834
2835
2836
2837
2838
2839
2840
2841
2842
2843
2844
2845
2846
2847
2848
2849
2850
2851
2852
2853
2854
2855
2856
2857
2858
2859
2860
2861
2862
2863
2864
2865
2866
2867
2868
2869
2870
2871
2872
2873
2874
2875
2876
2877
2878
2879
2880
2881
2882
2883
2884
2885
2886
2887
2888
2889
2890
2891
2892
2893
2894
2895
2896
2897
2898
2899
2900
2901
2902
2903
2904
2905
2906
2907
2908
2909
2910
2911
2912
2913
2914
2915
2916
2917
2918
2919
2920
2921
2922
2923
2924
2925
2926
2927
2928
2929
2930
2931
2932
2933
2934
2935
2936
2937
2938
2939
2940
2941
2942
2943
2944
2945
2946
2947
2948
2949
2950
2951
2952
2953
2954
2955
2956
2957
2958
2959
2960
2961
2962
2963
2964
2965
2966
2967
2968
2969
2970
2971
2972
2973
2974
2975
2976
2977
2978
2979
2980
2981
2982
2983
2984
2985
2986
2987
2988
2989
2990
2991
2992
2993
2994
2995
2996
2997
2998
2999
3000
3001
3002
3003
3004
3005
3006
3007
3008
3009
3010
3011
3012
3013
3014
3015
3016
3017
3018
3019
3020
3021
3022
3023
3024
3025
3026
3027
3028
3029
3030
3031
3032
3033
3034
3035
3036
3037
3038
3039
3040
3041
3042
3043
3044
3045
3046
3047
3048
3049
3050
3051
3052
3053
3054
3055
3056
3057
3058
3059
3060
3061
3062
3063
3064
3065
3066
3067
3068
3069
3070
3071
3072
3073
3074
3075
3076
3077
3078
3079
3080
3081
3082
3083
3084
3085
3086
3087
3088
3089
3090
3091
3092
3093
3094
3095
3096
3097
3098
3099
3100
3101
3102
3103
3104
3105
3106
3107
3108
3109
3110
3111
3112
3113
3114
3115
3116
3117
3118
3119
3120
3121
3122
3123
3124
3125
3126
3127
3128
3129
3130
3131
3132
3133
3134
3135
3136
3137
3138
3139
3140
3141
3142
3143
3144
3145
3146
3147
3148
3149
3150
3151
3152
3153
3154
3155
3156
3157
3158
3159
3160
3161
3162
3163
3164
3165
3166
3167
3168
3169
3170
3171
3172
3173
3174
3175
3176
3177
3178
3179
3180
3181
3182
3183
3184
3185
3186
3187
3188
3189
3190
3191
3192
3193
3194
3195
3196
3197
3198
3199
3200
3201
3202
3203
3204
3205
3206
3207
3208
3209
3210
3211
3212
3213
3214
3215
3216
3217
3218
3219
3220
3221
3222
3223
3224
3225
3226
3227
3228
3229
3230
3231
3232
3233
3234
3235
3236
3237
3238
3239
3240
3241
3242
3243
3244
3245
3246
3247
3248
3249
3250
3251
3252
3253
3254
3255
3256
3257
3258
3259
3260
3261
3262
3263
3264
3265
3266
3267
3268
3269
3270
3271
3272
3273
3274
3275
3276
3277
3278
3279
3280
3281
3282
3283
3284
3285
3286
3287
3288
3289
3290
3291
3292
3293
3294
3295
3296
3297
3298
3299
3300
3301
3302
3303
3304
3305
3306
3307
3308
3309
3310
3311
3312
3313
3314
3315
3316
3317
3318
3319
3320
3321
3322
3323
3324
3325
3326
3327
3328
3329
3330
3331
3332
3333
3334
3335
3336
3337
3338
3339
3340
3341
3342
3343
3344
3345
3346
3347
3348
3349
3350
3351
3352
3353
3354
3355
3356
3357
3358
3359
3360
3361
3362
3363
3364
3365
3366
3367
3368
3369
3370
3371
3372
3373
3374
3375
3376
3377
3378
3379
3380
3381
3382
3383
3384
3385
3386
3387
3388
3389
3390
3391
3392
3393
3394
3395
3396
3397
3398
3399
3400
3401
3402
3403
3404
3405
3406
3407
3408
3409
3410
3411
3412
3413
3414
3415
3416
3417
3418
3419
3420
3421
3422
3423
3424
3425
3426
3427
3428
3429
3430
3431
3432
3433
3434
3435
3436
3437
3438
3439
3440
3441
3442
3443
3444
3445
3446
3447
3448
3449
3450
3451
3452
3453
3454
3455
3456
3457
3458
3459
3460
3461
3462
3463
3464
3465
3466
3467
3468
3469
3470
3471
3472
3473
3474
3475
3476
3477
3478
3479
3480
3481
3482
3483
3484
3485
3486
3487
3488
3489
3490
3491
3492
3493
3494
3495
3496
3497
3498
3499
3500
3501
3502
3503
3504
3505
3506
3507
3508
3509
3510
3511
3512
3513
3514
3515
3516
3517
3518
3519
3520
3521
3522
3523
3524
3525
3526
3527
3528
3529
3530
3531
3532
3533
3534
3535
3536
3537
3538
3539
3540
3541
3542
3543
3544
3545
3546
3547
3548
3549
3550
3551
3552
3553
3554
3555
3556
3557
3558
3559
3560
3561
3562
3563
3564
3565
3566
3567
3568
3569
3570
3571
3572
3573
3574
3575
3576
3577
3578
3579
3580
3581
3582
3583
3584
3585
3586
3587
3588
3589
3590
3591
3592
3593
3594
3595
3596
3597
3598
3599
3600
3601
3602
3603
3604
3605
3606
3607
3608
3609
3610
3611
3612
3613
3614
3615
3616
3617
3618
3619
3620
3621
3622
3623
3624
3625
3626
3627
3628
3629
3630
3631
3632
3633
3634
3635
3636
3637
3638
3639
3640
3641
3642
3643
3644
3645
3646
3647
3648
3649
3650
3651
3652
3653
3654
3655
3656
3657
3658
3659
3660
3661
3662
3663
3664
3665
3666
3667
3668
3669
3670
3671
3672
3673
3674
3675
3676
3677
3678
3679
3680
3681
3682
3683
3684
3685
3686
3687
3688
3689
3690
3691
3692
3693
3694
3695
3696
3697
3698
3699
3700
3701
3702
3703
3704
3705
3706
3707
3708
3709
3710
3711
3712
3713
3714
3715
3716
3717
3718
3719
3720
3721
3722
3723
3724
3725
3726
3727
3728
3729
3730
3731
3732
3733
3734
3735
3736
3737
3738
3739
3740
3741
3742
3743
3744
3745
3746
3747
3748
3749
3750
3751
3752
3753
3754
3755
3756
3757
3758
3759
3760
3761
3762
3763
3764
3765
3766
3767
3768
3769
3770
3771
3772
3773
3774
3775
3776
3777
3778
3779
3780
3781
3782
3783
3784
3785
3786
3787
3788
3789
3790
3791
3792
3793
3794
3795
3796
3797
3798
3799
3800
3801
3802
3803
3804
3805
3806
3807
3808
3809
3810
3811
3812
3813
3814
3815
3816
3817
3818
3819
3820
3821
3822
3823
3824
3825
3826
3827
3828
3829
3830
3831
3832
3833
3834
3835
3836
3837
3838
3839
3840
3841
3842
3843
3844
3845
3846
3847
3848
3849
3850
3851
3852
3853
3854
3855
3856
3857
3858
3859
3860
3861
3862
3863
3864
3865
3866
3867
3868
3869
3870
3871
3872
3873
3874
3875
3876
3877
3878
3879
3880
3881
3882
3883
3884
3885
3886
3887
3888
3889
3890
3891
3892
3893
3894
3895
3896
3897
3898
3899
3900
3901
3902
3903
3904
3905
3906
3907
3908
3909
3910
3911
3912
3913
3914
3915
3916
3917
3918
3919
3920
3921
3922
3923
3924
3925
3926
3927
3928
3929
3930
3931
3932
3933
3934
3935
3936
3937
3938
3939
3940
3941
3942
3943
3944
3945
3946
3947
3948
3949
3950
3951
3952
3953
3954
3955
3956
3957
3958
3959
3960
3961
3962
3963
3964
3965
3966
3967
3968
3969
3970
3971
3972
3973
3974
3975
3976
3977
3978
3979
3980
3981
3982
3983
3984
3985
3986
3987
3988
3989
3990
3991
3992
3993
3994
3995
3996
3997
3998
3999
4000
4001
4002
4003
4004
4005
4006
4007
4008
4009
4010
4011
4012
4013
4014
4015
4016
4017
4018
4019
4020
4021
4022
4023
4024
4025
4026
4027
4028
4029
4030
4031
4032
4033
4034
4035
4036
4037
4038
4039
4040
4041
4042
4043
4044
4045
4046
4047
4048
4049
4050
4051
4052
4053
4054
4055
4056
4057
4058
4059
4060
4061
4062
4063
4064
4065
4066
4067
4068
4069
4070
4071
4072
4073
4074
4075
4076
4077
4078
4079
4080
4081
4082
4083
4084
4085
4086
4087
4088
4089
4090
4091
4092
4093
4094
4095
4096
4097
4098
4099
4100
4101
4102
4103
4104
4105
4106
4107
4108
4109
4110
4111
4112
4113
4114
4115
4116
4117
4118
4119
4120
4121
4122
4123
4124
4125
4126
4127
4128
4129
4130
4131
4132
4133
4134
4135
4136
4137
4138
4139
4140
4141
4142
4143
4144
4145
4146
4147
4148
4149
4150
4151
4152
4153
4154
4155
4156
4157
4158
4159
4160
4161
4162
4163
4164
4165
4166
4167
4168
4169
4170
4171
4172
4173
4174
4175
4176
4177
4178
4179
4180
4181
4182
4183
4184
4185
4186
4187
4188
4189
4190
4191
4192
4193
4194
4195
4196
4197
4198
4199
4200
4201
4202
4203
4204
4205
4206
4207
4208
4209
4210
4211
4212
4213
4214
4215
4216
4217
4218
4219
4220
4221
4222
4223
4224
4225
4226
4227
4228
4229
4230
4231
4232
4233
4234
4235
4236
4237
4238
4239
4240
4241
4242
4243
4244
4245
4246
4247
4248
4249
4250
4251
4252
4253
4254
4255
4256
4257
4258
4259
4260
4261
4262
4263
4264
4265
4266
4267
4268
4269
4270
4271
4272
4273
4274
4275
4276
4277
4278
4279
4280
4281
4282
4283
4284
4285
4286
4287
4288
4289
4290
4291
4292
4293
4294
4295
4296
4297
4298
4299
4300
4301
4302
4303
4304
4305
4306
4307
4308
4309
4310
4311
4312
4313
4314
4315
4316
4317
4318
4319
4320
4321
4322
4323
4324
4325
4326
4327
4328
4329
4330
4331
4332
4333
4334
4335
4336
4337
4338
4339
4340
4341
4342
4343
4344
4345
4346
4347
4348
4349
4350
4351
4352
4353
4354
4355
4356
4357
4358
4359
4360
4361
4362
4363
4364
4365
4366
4367
4368
4369
4370
4371
4372
4373
4374
4375
4376
4377
4378
4379
4380
4381
4382
4383
4384
4385
4386
4387
4388
4389
4390
4391
4392
4393
4394
4395
4396
4397
4398
4399
4400
4401
4402
4403
4404
4405
4406
4407
4408
4409
4410
4411
4412
4413
4414
4415
4416
4417
4418
4419
4420
4421
4422
4423
4424
4425
4426
4427
4428
4429
4430
4431
4432
4433
4434
4435
4436
4437
4438
4439
4440
4441
4442
4443
4444
4445
4446
4447
4448
4449
4450
4451
4452
4453
4454
4455
4456
4457
4458
4459
4460
4461
4462
4463
4464
4465
4466
4467
4468
4469
4470
4471
4472
4473
4474
4475
4476
4477
4478
4479
4480
4481
4482
4483
4484
4485
4486
4487
4488
4489
4490
4491
4492
4493
4494
4495
4496
4497
4498
4499
4500
4501
4502
4503
4504
4505
4506
4507
4508
4509
4510
4511
4512
4513
4514
4515
4516
4517
4518
4519
4520
4521
4522
4523
4524
4525
4526
4527
4528
4529
4530
4531
4532
4533
4534
4535
4536
4537
4538
4539
4540
4541
4542
4543
4544
4545
4546
4547
4548
4549
4550
4551
4552
4553
4554
4555
4556
4557
4558
4559
4560
4561
4562
4563
4564
4565
4566
4567
4568
4569
4570
4571
4572
4573
4574
4575
4576
4577
4578
4579
4580
4581
4582
4583
4584
4585
4586
4587
4588
4589
4590
4591
4592
4593
4594
4595
4596
4597
4598
4599
4600
4601
4602
4603
4604
4605
4606
4607
4608
4609
4610
4611
4612
4613
4614
4615
4616
4617
4618
4619
4620
4621
4622
4623
4624
4625
4626
4627
4628
4629
4630
4631
4632
4633
4634
4635
4636
4637
4638
4639
4640
4641
4642
4643
4644
4645
4646
4647
4648
4649
4650
4651
4652
4653
4654
4655
4656
4657
4658
4659
4660
4661
4662
4663
4664
4665
4666
4667
4668
4669
4670
4671
4672
4673
4674
4675
4676
4677
4678
4679
4680
4681
4682
4683
4684
4685
4686
4687
4688
4689
4690
4691
4692
4693
4694
4695
4696
4697
4698
4699
4700
4701
4702
4703
4704
4705
4706
4707
4708
4709
4710
4711
4712
4713
4714
4715
4716
4717
4718
4719
4720
4721
4722
4723
4724
4725
4726
4727
4728
4729
4730
4731
4732
4733
4734
4735
4736
4737
4738
4739
4740
4741
4742
4743
4744
4745
4746
4747
4748
4749
4750
4751
4752
4753
4754
4755
4756
4757
4758
4759
4760
4761
4762
4763
4764
4765
4766
4767
4768
4769
4770
4771
4772
4773
4774
4775
4776
4777
4778
4779
4780
4781
4782
4783
4784
4785
4786
4787
4788
4789
4790
4791
4792
4793
4794
4795
4796
4797
4798
4799
4800
4801
4802
4803
4804
4805
4806
4807
4808
4809
4810
4811
4812
4813
4814
4815
4816
4817
4818
4819
4820
4821
4822
4823
4824
4825
4826
4827
4828
4829
4830
4831
4832
4833
4834
4835
4836
4837
4838
4839
4840
4841
4842
4843
4844
4845
4846
4847
4848
4849
4850
4851
4852
4853
4854
4855
4856
4857
4858
4859
4860
4861
4862
4863
4864
4865
4866
4867
4868
4869
4870
4871
4872
4873
4874
4875
4876
4877
4878
4879
4880
4881
4882
4883
4884
4885
4886
4887
4888
4889
4890
4891
4892
4893
4894
4895
4896
4897
4898
4899
4900
4901
4902
4903
4904
4905
4906
4907
4908
4909
4910
4911
4912
4913
4914
4915
4916
4917
4918
4919
4920
4921
4922
4923
4924
4925
4926
4927
4928
4929
4930
4931
4932
4933
4934
4935
4936
4937
4938
4939
4940
4941
4942
4943
4944
4945
4946
4947
4948
4949
4950
4951
4952
4953
4954
4955
4956
4957
4958
4959
4960
4961
4962
4963
4964
4965
4966
4967
4968
4969
4970
4971
4972
4973
4974
4975
4976
4977
4978
4979
4980
4981
4982
4983
4984
4985
4986
4987
4988
4989
4990
4991
4992
4993
4994
4995
4996
4997
4998
4999
5000
5001
5002
5003
5004
5005
5006
5007
5008
5009
5010
5011
5012
5013
5014
5015
5016
5017
5018
5019
5020
5021
5022
5023
5024
5025
5026
5027
5028
5029
5030
5031
5032
5033
5034
5035
5036
5037
5038
5039
5040
5041
5042
5043
5044
5045
5046
5047
5048
5049
5050
5051
5052
5053
5054
5055
5056
5057
5058
5059
5060
5061
5062
5063
5064
5065
5066
5067
5068
5069
5070
5071
5072
5073
5074
5075
5076
5077
5078
5079
5080
5081
5082
5083
5084
5085
5086
5087
5088
5089
5090
5091
5092
5093
5094
5095
5096
5097
5098
5099
5100
5101
5102
5103
5104
5105
5106
5107
5108
5109
5110
5111
5112
5113
5114
5115
5116
5117
5118
5119
5120
5121
5122
5123
5124
5125
5126
5127
5128
5129
5130
5131
5132
5133
5134
5135
5136
5137
5138
5139
5140
5141
5142
5143
5144
5145
5146
5147
5148
5149
5150
5151
5152
5153
5154
5155
5156
5157
5158
5159
5160
5161
5162
5163
5164
5165
5166
5167
5168
5169
5170
5171
5172
5173
5174
5175
5176
5177
5178
5179
5180
5181
5182
5183
5184
5185
5186
5187
5188
5189
5190
5191
5192
5193
5194
5195
5196
5197
5198
5199
5200
5201
5202
5203
5204
5205
5206
5207
5208
5209
5210
5211
5212
5213
5214
5215
5216
5217
5218
5219
5220
5221
5222
5223
5224
5225
5226
5227
5228
5229
5230
5231
5232
5233
5234
5235
5236
5237
5238
5239
5240
5241
5242
5243
5244
5245
5246
5247
5248
5249
5250
5251
5252
5253
5254
5255
5256
5257
5258
5259
5260
5261
5262
5263
5264
5265
5266
5267
5268
5269
5270
5271
5272
5273
5274
5275
5276
5277
5278
5279
5280
5281
5282
5283
5284
5285
5286
5287
5288
5289
5290
5291
5292
5293
5294
5295
5296
5297
5298
5299
5300
5301
5302
5303
5304
5305
5306
5307
5308
5309
5310
5311
5312
5313
5314
5315
5316
5317
5318
5319
5320
5321
5322
5323
5324
5325
5326
5327
5328
5329
5330
5331
5332
5333
5334
5335
5336
5337
5338
5339
5340
5341
5342
5343
5344
5345
5346
5347
5348
5349
5350
5351
5352
5353
5354
5355
5356
5357
5358
5359
5360
5361
5362
5363
5364
5365
5366
5367
5368
5369
5370
5371
5372
5373
5374
5375
5376
5377
5378
5379
5380
5381
5382
5383
5384
5385
5386
5387
5388
5389
5390
5391
5392
5393
5394
5395
5396
5397
5398
5399
5400
5401
5402
5403
5404
5405
5406
5407
5408
5409
5410
5411
5412
5413
5414
5415
5416
5417
5418
5419
5420
5421
5422
5423
5424
5425
5426
5427
5428
5429
5430
5431
5432
5433
5434
5435
5436
5437
5438
5439
5440
5441
5442
5443
5444
5445
5446
5447
5448
5449
5450
5451
5452
5453
5454
5455
5456
5457
5458
5459
5460
5461
5462
5463
5464
5465
5466
5467
5468
5469
5470
5471
5472
5473
5474
5475
5476
5477
5478
5479
5480
5481
5482
5483
5484
5485
5486
5487
5488
5489
5490
5491
5492
5493
5494
5495
5496
5497
5498
5499
5500
5501
5502
5503
5504
5505
5506
5507
5508
5509
5510
5511
5512
5513
5514
5515
5516
5517
5518
5519
5520
5521
5522
5523
5524
5525
5526
5527
5528
5529
5530
5531
5532
5533
5534
5535
5536
5537
5538
5539
5540
5541
5542
5543
5544
5545
5546
5547
5548
5549
5550
5551
5552
5553
5554
5555
5556
5557
5558
5559
5560
5561
5562
5563
5564
5565
5566
5567
5568
5569
5570
5571
5572
5573
5574
5575
5576
5577
5578
5579
5580
5581
5582
5583
5584
5585
5586
5587
5588
5589
5590
5591
5592
5593
5594
5595
5596
5597
5598
5599
5600
5601
5602
5603
5604
5605
5606
5607
5608
5609
5610
5611
5612
5613
5614
5615
5616
5617
5618
5619
5620
5621
5622
5623
5624
5625
5626
5627
5628
5629
5630
5631
5632
5633
5634
5635
5636
5637
5638
5639
5640
5641
5642
5643
5644
5645
5646
5647
5648
5649
5650
5651
5652
5653
5654
5655
5656
5657
5658
5659
5660
5661
5662
5663
5664
5665
5666
5667
5668
5669
5670
5671
5672
5673
5674
5675
5676
5677
5678
5679
5680
5681
5682
5683
5684
5685
5686
5687
5688
5689
5690
5691
5692
5693
5694
5695
5696
5697
5698
5699
5700
5701
5702
5703
5704
5705
5706
5707
5708
5709
5710
5711
5712
5713
5714
5715
5716
5717
5718
5719
5720
5721
5722
5723
5724
5725
5726
5727
5728
5729
5730
5731
5732
5733
5734
5735
5736
5737
5738
5739
5740
5741
5742
5743
5744
5745
5746
5747
5748
5749
5750
5751
5752
5753
5754
5755
5756
5757
5758
5759
5760
5761
5762
5763
5764
5765
5766
5767
5768
5769
5770
5771
5772
5773
5774
5775
5776
5777
5778
5779
5780
5781
5782
5783
5784
5785
5786
5787
5788
5789
5790
5791
5792
5793
5794
5795
5796
5797
5798
5799
5800
5801
5802
5803
5804
5805
5806
5807
5808
5809
5810
5811
5812
5813
5814
5815
5816
5817
5818
5819
5820
5821
5822
5823
5824
5825
5826
5827
5828
5829
5830
5831
5832
5833
5834
5835
5836
5837
5838
5839
5840
5841
5842
5843
5844
5845
5846
5847
5848
5849
5850
5851
5852
5853
5854
5855
5856
5857
5858
5859
5860
5861
5862
5863
5864
5865
5866
5867
5868
5869
5870
5871
5872
5873
5874
5875
5876
5877
5878
5879
5880
5881
5882
5883
5884
5885
5886
5887
5888
5889
5890
5891
5892
5893
5894
5895
5896
5897
5898
5899
5900
5901
5902
5903
5904
5905
5906
5907
5908
5909
5910
5911
5912
5913
5914
5915
5916
5917
5918
5919
5920
5921
5922
5923
5924
5925
5926
5927
5928
5929
5930
5931
5932
5933
5934
5935
5936
5937
5938
5939
5940
5941
5942
5943
5944
5945
5946
5947
5948
5949
5950
5951
5952
5953
5954
5955
5956
5957
5958
5959
5960
5961
5962
5963
5964
5965
5966
5967
5968
5969
5970
5971
5972
5973
5974
5975
5976
5977
5978
5979
5980
5981
5982
5983
5984
5985
5986
5987
5988
5989
5990
5991
5992
5993
5994
5995
5996
5997
5998
5999
6000
6001
6002
6003
6004
6005
6006
6007
6008
6009
6010
6011
6012
6013
6014
6015
6016
6017
6018
6019
6020
6021
6022
6023
6024
6025
6026
6027
6028
6029
6030
6031
6032
6033
6034
6035
6036
6037
6038
6039
6040
6041
6042
6043
6044
6045
6046
6047
6048
6049
6050
6051
6052
6053
6054
6055
6056
6057
6058
6059
6060
6061
6062
6063
6064
6065
6066
6067
6068
6069
6070
6071
6072
6073
6074
6075
6076
6077
6078
6079
6080
6081
6082
6083
6084
6085
6086
6087
6088
6089
6090
6091
6092
6093
6094
6095
6096
6097
6098
6099
6100
6101
6102
6103
6104
6105
6106
6107
6108
6109
6110
6111
6112
6113
6114
6115
6116
6117
6118
6119
6120
6121
6122
6123
6124
6125
6126
6127
6128
6129
6130
6131
6132
6133
6134
6135
6136
6137
6138
6139
6140
6141
6142
6143
6144
6145
6146
6147
6148
6149
6150
6151
6152
6153
6154
6155
6156
6157
6158
6159
6160
6161
6162
6163
6164
6165
6166
6167
6168
6169
6170
6171
6172
6173
6174
6175
6176
6177
6178
6179
6180
6181
6182
6183
6184
6185
6186
6187
6188
6189
6190
6191
6192
6193
6194
6195
6196
6197
6198
6199
6200
6201
6202
6203
6204
6205
6206
6207
6208
6209
6210
6211
6212
6213
6214
6215
6216
6217
6218
6219
6220
6221
6222
6223
6224
6225
6226
6227
6228
6229
6230
6231
6232
6233
6234
6235
6236
6237
6238
6239
6240
6241
6242
6243
6244
6245
6246
6247
6248
6249
6250
6251
6252
6253
6254
6255
6256
6257
6258
6259
6260
6261
6262
6263
6264
6265
6266
6267
6268
6269
6270
6271
6272
6273
6274
6275
6276
6277
6278
6279
6280
6281
6282
6283
6284
6285
6286
6287
6288
6289
6290
6291
6292
6293
6294
6295
6296
6297
6298
6299
6300
6301
6302
6303
6304
6305
6306
6307
6308
6309
6310
6311
6312
6313
6314
6315
6316
6317
6318
6319
6320
6321
6322
6323
6324
6325
6326
6327
6328
6329
6330
6331
6332
6333
6334
6335
6336
6337
6338
6339
6340
6341
6342
6343
6344
6345
6346
6347
6348
6349
6350
6351
6352
6353
6354
6355
6356
6357
6358
6359
6360
6361
6362
6363
6364
6365
6366
6367
6368
6369
6370
6371
6372
6373
6374
6375
6376
6377
6378
6379
6380
6381
6382
6383
6384
6385
6386
6387
6388
6389
6390
6391
6392
6393
6394
6395
6396
6397
6398
6399
6400
6401
6402
6403
6404
6405
6406
6407
6408
6409
6410
6411
6412
6413
6414
6415
6416
6417
6418
6419
6420
6421
6422
6423
6424
6425
6426
6427
6428
6429
6430
6431
6432
6433
6434
6435
6436
6437
6438
6439
6440
6441
6442
6443
6444
6445
6446
6447
6448
6449
6450
6451
6452
6453
6454
6455
6456
6457
6458
6459
6460
6461
6462
6463
6464
6465
6466
6467
6468
6469
6470
6471
6472
6473
6474
6475
6476
6477
6478
6479
6480
6481
6482
6483
6484
6485
6486
6487
6488
6489
6490
6491
6492
6493
6494
6495
6496
6497
6498
6499
6500
6501
6502
6503
6504
6505
6506
6507
6508
6509
6510
6511
6512
6513
6514
6515
6516
6517
6518
6519
6520
6521
6522
6523
6524
6525
6526
6527
6528
6529
6530
6531
6532
6533
6534
6535
6536
6537
6538
6539
6540
6541
6542
6543
6544
6545
6546
6547
6548
6549
6550
6551
6552
6553
6554
6555
6556
6557
6558
6559
6560
6561
0.0125 0.0125 0
0.025 0.0125 0
0.0375 0.0125 0
0.05 0.0125 0
0.0625 0.0125 0
0.075 0.0125 0
0.0875 0.0125 0
0.1 0.0125 0
0.1125 0.0125 0
0.125 0.0125 0
0.1375 0.0125 0
0.15 0.0125 0
0.1625 0.0125 0
0.175 0.0125 0
0.1875 0.0125 0
0.2 0.0125 0
0.2125 0.0125 0
0.225 0.0125 0
0.2375 0.0125 0
0.25 0.0125 0
0.2625 0.0125 0
0.275 0.0125 0
0.2875 0.0125 0
0.3 0.0125 0
0.3125 0.0125 0
0.325 0.0125 0
0.3375 0.0125 0
0.35 0.0125 0
0.3625 0.0125 0
0.375 0.0125 0
0.3875 0.0125 0
0.4 0.0125 0
0.4125 0.0125 0
0.425 0.0125 0
0.4375 0.0125 0
0.45 0.0125 0
0.4625 0.0125 0
0.475 0.0125 0
0.4875 0.0125 0
0.5 0.0125 0
0.5125 0.0125 0
0.525 0.0125 0
0.5375 0.0125 0
0.55 0.0125 0
0.5625 0.0125 0
0.575 0.0125 0
0.5875 0.0125 0
0.6 0.0125 0
0.6125 0.0125 0
0.625 0.0125 0
0.6375 0.0125 0
0.65 0.0125 0
0.6625 0.0125 0
0.675 0.0125 0
0.6875 0.0125 0
0.7 0.0125 0
0.7125 0.0125 0
0.725 0.0125 0
0.7375 0.0125 0
0.75 0.0125 0
0.7625 0.0125 0
0.775 0.0125 0
0.7875 0.0125 0
0.8 0.0125 0
0.8125 0.0125 0
0.825 0.0125 0
0.8375 0.0125 0
0.85 0.0125 0
0.8625 0.0125 0
0.875 0.0125 0
0.8875 0.0125 0
0.9 0.0125 0
0.9125 0.0125 0
0.925 0.0125 0
0.9375 0.0125 0
0.95 0.0125 0
0.9625 0.0125 0
0.975 0.0125 0
0.9875 0.0125 0
0.0125 0.025 0
0.025 0.025 0
0.0375 0.025 0
0.05 0.025 0
0.0625 0.025 0
0.075 0.025 0
0.0875 0.025 0
0.1 0.025 0
0.1125 0.025 0
0.125 0.025 0
0.1375 0.025 0
0.15 0.025 0
0.1625 0.025 0
0.175 0.025 0
0.1875 0.025 0
0.2 0.025 0
0.2125 0.025 0
0.225 0.025 0
0.2375 0.025 0
0.25 0.025 0
0.2625 0.025 0
0.275 0.025 0
0.2875 0.025 0
0.3 0.025 0
0.3125 0.025 0
0.325 0.025 0
0.3375 0.025 0
0.35 0.025 0
0.3625 0.025 0
0.375 0.025 0
0.3875 0.025 0
0.4 0.025 0
0.4125 0.025 0
0.425 0.025 0
0.4375 0.025 0
0.45 0.025 0
0.4625 0.025 0
0.475 0.025 0
0.4875 0.025 0
0.5 0.025 0
0.5125 0.025 0
0.525 0.025 0
0.5375 0.025 0
0.55 0.025 0
0.5625 0.025 0
0.575 0.025 0
0.5875 0.025 0
0.6 0.025 0
0.6125 0.025 0
0.625 0.025 0
0.6375 0.025 0
0.65 0.025 0
0.6625 0.025 0
0.675 0.025 0
0.6875 0.025 0
0.7 0.025 0
0.7125 0.025 0
0.725 0.025 0
0.7375 0.025 0
0.75 0.025 0
0.7625 0.025 0
0.775 0.025 0
0.7875 0.025 0
0.8 0.025 0
0.8125 0.025 0
0.825 0.025 0
0.8375 0.025 0
0.85 0.025 0
0.8625 0.025 0
0.875 0.025 0
0.8875 0.025 0
0.9 0.025 0
0.9125 0.025 0
0.925 0.025 0
0.9375 0.025 0
0.95 0.025 0
0.9625 0.025 0
0.975 0.025 0
0.9875 0.025 0
0.0125 0.0375 0
0.025 0.0375 0
0.0375 0.0375 0
0.05 0.0375 0
0.0625 0.0375 0
0.075 0.0375 0
0.0875 0.0375 0
0.1 0.0375 0
0.1125 0.0375 0
0.125 0.0375 0
0.1375 0.0375 0
0.15 0.0375 0
0.1625 0.0375 0
0.175 0.0375 0
0.1875 0.0375 0
0.2 0.0375 0
0.2125 0.0375 0
0.225 0.0375 0
0.2375 0.0375 0
0.25 0.0375 0
0.2625 0.0375 0
0.275 0.0375 0
0.2875 0.0375 0
0.3 0.0375 0
0.3125 0.0375 0
0.325 0.0375 0
0.3375 0.0375 0
0.35 0.0375 0
0.3625 0.0375 0
0.375 0.0375 0
0.3875 0.0375 0
0.4 0.0375 0
0.4125 0.0375 0
0.425 0.0375 0
0.4375 0.0375 0
0.45 0.0375 0
0.4625 0.0375 0
0.475 0.0375 0
0.4875 0.0375 0
0.5 0.0375 0
0.5125 0.0375 0
0.525 0.0375 0
0.5375 0.0375 0
0.55 0.0375 0
0.5625 0.0375 0
0.575 0.0375 0
0.5875 0.0375 0
0.6 0.0375 0
0.6125 0.0375 0
0.625 0.0375 0
0.6375 0.0375 0
0.65 0.0375 0
0.6625 0.0375 0
0.675 0.0375 0
0.6875 0.0375 0
0.7 0.0375 0
0.7125 0.0375 0
0.725 0.0375 0
0.7375 0.0375 0
0.75 0.0375 0
0.7625 0.0375 0
0.775 0.0375 0
0.7875 0.0375 0
0.8 0.0375 0
0.8125 0.0375 0
0.825 0.0375 0
0.8375 0.0375 0
0.85 0.0375 0
0.8625 0.0375 0
0.875 0.0375 0
0.8875 0.0375 0
0.9 0.0375 0
0.9125 0.0375 0
0.925 0.0375 0
0.9375 0.0375 0
0.95 0.0375 0
0.9625 0.0375 0
0.975 0.0375 0
0.9875 0.0375 0
0.0125 0.05 0
0.025 0.05 0
0.0375 0.05 0
0.05 0.05 0
0.0625 0.05 0
0.075 0.05 0
0.0875 0.05 0
0.1 0.05 0
0.1125 0.05 0
0.125 0.05 0
0.1375 0.05 0
0.15 0.05 0
0.1625 0.05 0
0.175 0.05 0
0.1875 0.05 0
0.2 0.05 0
0.2125 0.05 0
0.225 0.05 0
0.2375 0.05 0
0.25 0.05 0
0.2625 0.05 0
0.275 0.05 0
0.2875 0.05 0
0.3 0.05 0
0.3125 0.05 0
0.325 0.05 0
0.3375 0.05 0
0.35 0.05 0
0.3625 0.05 0
0.375 0.05 0
0.3875 0.05 0
0.4 0.05 0
0.4125 0.05 0
0.425 0.05 0
0.4375 0.05 0
0.45 0.05 0
0.4625 0.05 0
0.475 0.05 0
0.4875 0.05 0
0.5 0.05 0
0.5125 0.05 0
0.525 0.05 0
0.5375 0.05 0
0.55 0.05 0
0.5625 0.05 0
0.575 0.05 0
0.5875 0.05 0
0.6 0.05 0
0.6125 0.05 0
0.625 0.05 0
0.6375 0.05 0
0.65 0.05 0
0.6625 0.05 0
0.675 0.05 0
0.6875 0.05 0
0.7 0.05 0
0.7125 0.05 0
0.725 0.05 0
0.7375 0.05 0
0.75 0.05 0
0.7625 0.05 0
0.775 0.05 0
0.7875 0.05 0
0.8 0.05 0
0.8125 0.05 0
0.825 0.05 0
0.8375 0.05 0
0.85 0.05 0
0.8625 0.05 0
0.875 0.05 0
0.8875 0.05 0
0.9 0.05 0
0.9125 0.05 0
0.925 0.05 0
0.9375 0.05 0
0.95 0.05 0
0.9625 0.05 0
0.975 0.05 0
0.9875 0.05 0
0.0125 0.0625 0
0.025 0.0625 0
0.0375 0.0625 0
0.05 0.0625 0
0.0625 0.0625 0
0.075 0.0625 0
0.0875 0.0625 0
0.1 0.0625 0
0.1125 0.0625 0
0.125 0.0625 0
0.1375 0.0625 0
0.15 0.0625 0
0.1625 0.0625 0
0.175 0.0625 0
0.1875 0.0625 0
0.2 0.0625 0
0.2125 0.0625 0
0.225 0.0625 0
0.2375 0.0625 0
0.25 0.0625 0
0.2625 0.0625 0
0.275 0.0625 0
0.2875 0.0625 0
0.3 0.0625 0
0.3125 0.0625 0
0.325 0.0625 0
0.3375 0.0625 0
0.35 0.0625 0
0.3625 0.0625 0
0.375 0.0625 0
0.3875 0.0625 0
0.4 0.0625 0
0.4125 0.0625 0
0.425 0.0625 0
0.4375 0.0625 0
0.45 0.0625 0
0.4625 0.0625 0
0.475 0.0625 0
0.4875 0.0625 0
0.5 0.0625 0
0.5125 0.0625 0
0.525 0.0625 0
0.5375 0.0625 0
0.55 0.0625 0
0.5625 0.0625 0
0.575 0.0625 0
0.5875 0.0625 0
0.6 0.0625 0
0.6125 0.0625 0
0.625 0.0625 0
0.6375 0.0625 0
0.65 0.0625 0
0.6625 0.0625 0
0.675 0.0625 0
0.6875 0.0625 0
0.7 0.0625 0
0.7125 0.0625 0
0.725 0.0625 0
0.7375 0.0625 0
0.75 0.0625 0
0.7625 0.0625 0
0.775 0.0625 0
0.7875 0.0625 0
0.8 0.0625 0
0.8125 0.0625 0
0.825 0.0625 0
0.8375 0.0625 0
0.85 0.0625 0
0.8625 0.0625 0
0.875 0.0625 0
0.8875 0.0625 0
0.9 0.0625 0
0.9125 0.0625 0
0.925 0.0625 0
0.9375 0.0625 0
0.95 0.0625 0
0.9625 0.0625 0
0.975 0.0625 0
0.9875 0.0625 0
0.0125 0.075 0
0.025 0.075 0
0.0375 0.075 0
0.05 0.075 0
0.0625 0.075 0
0.075 0.075 0
0.0875 0.075 0
0.1 0.075 0
0.1125 0.075 0
0.125 0.075 0
0.1375 0.075 0
0.15 0.075 0
0.1625 0.075 0
0.175 0.075 0
0.1875 0.075 0
0.2 0.075 0
0.2125 0.075 0
0.225 0.075 0
0.2375 0.075 0
0.25 0.075 0
0.2625 0.075 0
0.275 0.075 0
0.2875 0.075 0
0.3 0.075 0
0.3125 0.075 0
0.325 0.075 0
0.3375 0.075 0
0.35 0.075 0
0.3625 0.075 0
0.375 0.075 0
0.3875 0.075 0
0.4 0.075 0
0.4125 0.075 0
0.425 0.075 0
0.4375 0.075 0
0.45 0.075 0
0.4625 0.075 0
0.475 0.075 0
0.4875 0.075 0
0.5 0.075 0
0.5125 0.075 0
0.525 0.075 0
0.5375 0.075 0
0.55 0.075 0
0.5625 0.075 0
0.575 0.075 0
0.5875 0.075 0
0.6 0.075 0
0.6125 0.075 0
0.625 0.075 0
0.6375 0.075 0
0.65 0.075 0
0.6625 0.075 0
0.675 0.075 0
0.6875 0.075 0
0.7 0.075 0
0.7125 0.075 0
0.725 0.075 0
0.7375 0.075 0
0.75 0.075 0
0.7625 0.075 0
0.775 0.075 0
0.7875 0.075 0
0.8 0.075 0
0.8125 0.075 0
0.825 0.075 0
0.8375 0.075 0
0.85 0.075 0
0.8625 0.075 0
0.875 0.075 0
0.8875 0.075 0
0.9 0.075 0
0.9125 0.075 0
0.925 0.075 0
0.9375 0.075 0
0.95 0.075 0
0.9625 0.075 0
0.975 0.075 0
0.9875 0.075 0
0.0125 0.0875 0
0.025 0.0875 0
0.0375 0.0875 0
0.05 0.0875 0
0.0625 0.0875 0
0.075 0.0875 0
0.0875 0.0875 0
0.1 0.0875 0
0.1125 0.0875 0
0.125 0.0875 0
0.1375 0.0875 0
0.15 0.0875 0
0.1625 0.0875 0
0.175 0.0875 0
0.1875 0.0875 0
0.2 0.0875 0
0.2125 0.0875 0
0.225 0.0875 0
0.2375 0.0875 0
0.25 0.0875 0
0.2625 0.0875 0
0.275 0.0875 0
0.2875 0.0875 0
0.3 0.0875 0
0.3125 0.0875 0
0.325 0.0875 0
0.3375 0.0875 0
0.35 0.0875 0
0.3625 0.0875 0
0.375 0.0875 0
0.3875 0.0875 0
0.4 0.0875 0
0.4125 0.0875 0
0.425 0.0875 0
0.4375 0.0875 0
0.45 0.0875 0
0.4625 0.0875 0
0.475 0.0875 0
0.4875 0.0875 0
0.5 0.0875 0
0.5125 0.0875 0
0.525 0.0875 0
0.5375 0.0875 0
0.55 0.0875 0
0.5625 0.0875 0
0.575 0.0875 0
0.5875 0.0875 0
0.6 0.0875 0
0.6125 0.0875 0
0.625 0.0875 0
0.6375 0.0875 0
0.65 0.0875 0
0.6625 0.0875 0
0.675 0.0875 0
0.6875 0.0875 0
0.7 0.0875 0
0.7125 0.0875 0
0.725 0.0875 0
0.7375 0.0875 0
0.75 0.0875 0
0.7625 0.0875 0
0.775 0.0875 0
0.7875 0.0875 0
0.8 0.0875 0
0.8125 0.0875 0
0.825 0.0875 0
0.8375 0.0875 0
0.85 0.0875 0
0.8625 0.0875 0
0.875 0.0875 0
0.8875 0.0875 0
0.9 0.0875 0
0.9125 0.0875 0
0.925 0.0875 0
0.9375 0.0875 0
0.95 0.0875 0
0.9625 0.0875 0
0.975 0.0875 0
0.9875 0.0875 0
0.0125 0.1 0
0.025 0.1 0
0.0375 0.1 0
0.05 0.1 0
0.0625 0.1 0
0.075 0.1 0
0.0875 0.1 0
0.1 0.1 0
0.1125 0.1 0
0.125 0.1 0
0.1375 0.1 0
0.15 0.1 0
0.1625 0.1 0
0.175 0.1 0
0.1875 0.1 0
0.2 0.1 0
0.2125 0.1 0
0.225 0.1 0
0.2375 0.1 0
0.25 0.1 0
0.2625 0.1 0
0.275 0.1 0
0.2875 0.1 0
0.3 0.1 0
0.3125 0.1 0
0.325 0.1 0
0.3375 0.1 0
0.35 0.1 0
0.3625 0.1 0
0.375 0.1 0
0.3875 0.1 0
0.4 0.1 0
0.4125 0.1 0
0.425 0.1 0
0.4375 0.1 0
0.45 0.1 0
0.4625 0.1 0
0.475 0.1 0
0.4875 0.1 0
0.5 0.1 0
0.5125 0.1 0
0.525 0.1 0
0.5375 0.1 0
0.55 0.1 0
0.5625 0.1 0
0.575 0.1 0
0.5875 0.1 0
0.6 0.1 0
0.6125 0.1 0
0.625 0.1 0
0.6375 0.1 0
0.65 0.1 0
0.6625 0.1 0
0.675 0.1 0
0.6875 0.1 0
0.7 0.1 0
0.7125 0.1 0
0.725 0.1 0
0.7375 0.1 0
0.75 0.1 0
0.7625 0.1 0
0.775 0.1 0
0.7875 0.1 0
0.8 0.1 0
0.8125 0.1 0
0.825 0.1 0
0.8375 0.1 0
0.85 0.1 0
0.8625 0.1 0
0.875 0.1 0
0.8875 0.1 0
0.9 0.1 0
0.9125 0.1 0
0.925 0.1 0
0.9375 0.1 0
0.95 0.1 0
0.9625 0.1 0
0.975 0.1 0
0.9875 0.1 0
0.0125 0.1125 0
0.025 0.1125 0
0.0375 0.1125 0
0.05 0.1125 0
0.0625 0.1125 0
0.075 0.1125 0
0.0875 0.1125 0
0.1 0.1125 0
0.1125 0.1125 0
0.125 0.1125 0
0.1375 0.1125 0
0.15 0.1125 0
0.1625 0.1125 0
0.175 0.1125 0
0.1875 0.1125 0
0.2 0.1125 0
0.2125 0.1125 0
0.225 0.1125 0
0.2375 0.1125 0
0.25 0.1125 0
0.2625 0.1125 0
0.275 0.1125 0
0.2875 0.1125 0
0.3 0.1125 0
0.3125 0.1125 0
0.325 0.1125 0
0.3375 0.1125 0
0.35 0.1125 0
0.3625 0.1125 0
0.375 0.1125 0
0.3875 0.1125 0
0.4 0.1125 0
0.4125 0.1125 0
0.425 0.1125 0
0.4375 0.1125 0
0.45 0.1125 0
0.4625 0.1125 0
0.475 0.1125 0
0.4875 0.1125 0
0.5 0.1125 0
0.5125 0.1125 0
0.525 0.1125 0
0.5375 0.1125 0
0.55 0.1125 0
0.5625 0.1125 0
0.575 0.1125 0
0.5875 0.1125 0
0.6 0.1125 0
0.6125 0.1125 0
0.625 0.1125 0
0.6375 0.1125 0
0.65 0.1125 0
0.6625 0.1125 0
0.675 0.1125 0
0.6875 0.1125 0
0.7 0.1125 0
0.7125 0.1125 0
0.725 0.1125 0
0.7375 0.1125 0
0.75 0.1125 0
0.7625 0.1125 0
0.775 0.1125 0
0.7875 0.1125 0
0.8 0.1125 0
0.8125 0.1125 0
0.825 0.1125 0
0.8375 0.1125 0
0.85 0.1125 0
0.8625 0.1125 0
0.875 0.1125 0
0.8875 0.1125 0
0.9 0.1125 0
0.9125 0.1125 0
0.925 0.1125 0
0.9375 0.1125 0
0.95 0.1125 0
0.9625 0.1125 0
0.975 0.1125 0
0.9875 0.1125 0
0.0125 0.125 0
0.025 0.125 0
0.0375 0.125 0
0.05 0.125 0
0.0625 0.125 0
0.075 0.125 0
0.0875 0.125 0
0.1 0.125 0
0.1125 0.125 0
0.125 0.125 0
0.1375 0.125 0
0.15 0.125 0
0.1625 0.125 0
0.175 0.125 0
0.1875 0.125 0
0.2 0.125 0
0.2125 0.125 0
0.225 0.125 0
0.2375 0.125 0
0.25 0.125 0
0.2625 0.125 0
0.275 0.125 0
0.2875 0.125 0
0.3 0.125 0
0.3125 0.125 0
0.325 0.125 0
0.3375 0.125 0
0.35 0.125 0
0.3625 0.125 0
0.375 0.125 0
0.3875 0.125 0
0.4 0.125 0
0.4125 0.125 0
0.425 0.125 0
0.4375 0.125 0
0.45 0.125 0
0.4625 0.125 0
0.475 0.125 0
0.4875 0.125 0
0.5 0.125 0
0.5125 0.125 0
0.525 0.125 0
0.5375 0.125 0
0.55 0.125 0
0.5625 0.125 0
0.575 0.125 0
0.5875 0.125 0
0.6 0.125 0
0.6125 0.125 0
0.625 0.125 0
0.6375 0.125 0
0.65 0.125 0
0.6625 0.125 0
0.675 0.125 0
0.6875 0.125 0
0.7 0.125 0
0.7125 0.125 0
0.725 0.125 0
0.7375 0.125 0
0.75 0.125 0
0.7625 0.125 0
0.775 0.125 0
0.7875 0.125 0
0.8 0.125 0
0.8125 0.125 0
0.825 0.125 0
0.8375 0.125 0
0.85 0.125 0
0.8625 0.125 0
0.875 0.125 0
0.8875 0.125 0
0.9 0.125 0
0.9125 0.125 0
0.925 0.125 0
0.9375 0.125 0
0.95 0.125 0
0.9625 0.125 0
0.975 0.125 0
0.9875 0.125 0
0.0125 0.1375 0
0.025 0.1375 0
0.0375 0.1375 0
0.05 0.1375 0
0.0625 0.1375 0
0.075 0.1375 0
0.0875 0.1375 0
0.1 0.1375 0
0.1125 0.1375 0
0.125 0.1375 0
0.1375 0.1375 0
0.15 0.1375 0
0.1625 0.1375 0
0.175 0.1375 0
0.1875 0.1375 0
0.2 0.1375 0
0.2125 0.1375 0
0.225 0.1375 0
0.2375 0.1375 0
0.25 0.1375 0
0.2625 0.1375 0
0.275 0.1375 0
0.2875 0.1375 0
0.3 0.1375 0
0.3125 0.1375 0
0.325 0.1375 0
0.3375 0.1375 0
0.35 0.1375 0
0.3625 0.1375 0
0.375 0.1375 0
0.3875 0.1375 0
0.4 0.1375 0
0.4125 0.1375 0
0.425 0.1375 0
0.4375 0.1375 0
0.45 0.1375 0
0.4625 0.1375 0
0.475 0.1375 0
0.4875 0.1375 0
0.5 0.1375 0
0.5125 0.1375 0
0.525 0.1375 0
0.5375 0.1375 0
0.55 0.1375 0
0.5625 0.1375 0
0.575 0.1375 0
0.5875 0.1375 0
0.6 0.1375 0
0.6125 0.1375 0
0.625 0.1375 0
0.6375 0.1375 0
0.65 0.1375 0
0.6625 0.1375 0
0.675 0.1375 0
0.6875 0.1375 0
0.7 0.1375 0
0.7125 0.1375 0
0.725 0.1375 0
0.7375 0.1375 0
0.75 0.1375 0
0.7625 0.1375 0
0.775 0.1375 0
0.7875 0.1375 0
0.8 0.1375 0
0.8125 0.1375 0
0.825 0.1375 0
0.8375 0.1375 0
0.85 0.1375 0
0.8625 0.1375 0
0.875 0.1375 0
0.8875 0.1375 0
0.9 0.1375 0
0.9125 0.1375 0
0.925 0.1375 0
0.9375 0.1375 0
0.95 0.1375 0
0.9625 0.1375 0
0.975 0.1375 0
0.9875 0.1375 0
0.0125 0.15 0
0.025 0.15 0
0.0375 0.15 0
0.05 0.15 0
0.0625 0.15 0
0.075 0.15 0
0.0875 0.15 0
0.1 0.15 0
0.1125 0.15 0
0.125 0.15 0
0.1375 0.15 0
0.15 0.15 0
0.1625 0.15 0
0.175 0.15 0
0.1875 0.15 0
0.2 0.15 0
0.2125 0.15 0
0.225 0.15 0
0.2375 0.15 0
0.25 0.15 0
0.2625 0.15 0
0.275 0.15 0
0.2875 0.15 0
0.3 0.15 0
0.3125 0.15 0
0.325 0.15 0
0.3375 0.15 0
0.35 0.15 0
0.3625 0.15 0
0.375 0.15 0
0.3875 0.15 0
0.4 0.15 0
0.4125 0.15 0
0.425 0.15 0
0.4375 0.15 0
0.45 0.15 0
0.4625 0.15 0
0.475 0.15 0
0.4875 0.15 0
0.5 0.15 0
0.5125 0.15 0
0.525 0.15 0
0.5375 0.15 0
0.55 0.15 0
0.5625 0.15 0
0.575 0.15 0
0.5875 0.15 0
0.6 0.15 0
0.6125 0.15 0
0.625 0.15 0
0.6375 0.15 0
0.65 0.15 0
0.6625 0.15 0
0.675 0.15 0
0.6875 0.15 0
0.7 0.15 0
0.7125 0.15 0
0.725 0.15 0
0.7375 0.15 0
0.75 0.15 0
0.7625 0.15 0
0.775 0.15 0
0.7875 0.15 0
0.8 0.15 0
0.8125 0.15 0
0.825 0.15 0
0.8375 0.15 0
0.85 0.15 0
0.8625 0.15 0
0.875 0.15 0
0.8875 0.15 0
0.9 0.15 0
0.9125 0.15 0
0.925 0.15 0
0.9375 0.15 0
0.95 0.15 0
0.9625 0.15 0
0.975 0.15 0
0.9875 0.15 0
0.0125 0.1625 0
0.025 0.1625 0
0.0375 0.1625 0
0.05 0.1625 0
0.0625 0.1625 0
0.075 0.1625 0
0.0875 0.1625 0
0.1 0.1625 0
0.1125 0.1625 0
0.125 0.1625 0
0.1375 0.1625 0
0.15 0.1625 0
0.1625 0.1625 0
0.175 0.1625 0
0.1875 0.1625 0
0.2 0.1625 0
0.2125 0.1625 0
0.225 0.1625 0
0.2375 0.1625 0
0.25 0.1625 0
0.2625 0.1625 0
0.275 0.1625 0
0.2875 0.1625 0
0.3 0.1625 0
0.3125 0.1625 0
0.325 0.1625 0
0.3375 0.1625 0
0.35 0.1625 0
0.3625 0.1625 0
0.375 0.1625 0
0.3875 0.1625 0
0.4 0.1625 0
0.4125 0.1625 0
0.425 0.1625 0
0.4375 0.1625 0
0.45 0.1625 0
0.4625 0.1625 0
0.475 0.1625 0
0.4875 0.1625 0
0.5 0.1625 0
0.5125 0.1625 0
0.525 0.1625 0
0.5375 0.1625 0
0.55 0.1625 0
0.5625 0.1625 0
0.575 0.1625 0
0.5875 0.1625 0
0.6 0.1625 0
0.6125 0.1625 0
0.625 0.1625 0
0.6375 0.1625 0
0.65 0.1625 0
0.6625 0.1625 0
0.675 0.1625 0
0.6875 0.1625 0
0.7 0.1625 0
0.7125 0.1625 0
0.725 0.1625 0
0.7375 0.1625 0
0.75 0.1625 0
0.7625 0.1625 0
0.775 0.1625 0
0.7875 0.1625 0
0.8 0.1625 0
0.8125 0.1625 0
0.825 0.1625 0
0.8375 0.1625 0
0.85 0.1625 0
0.8625 0.1625 0
0.875 0.1625 0
0.8875 0.1625 0
0.9 0.1625 0
0.9125 0.1625 0
0.925 0.1625 0
0.9375 0.1625 0
0.95 0.1625 0
0.9625 0.1625 0
0.975 0.1625 0
0.9875 0.1625 0
0.0125 0.175 0
0.025 0.175 0
0.0375 0.175 0
0.05 0.175 0
0.0625 0.175 0
0.075 0.175 0
0.0875 0.175 0
0.1 0.175 0
0.1125 0.175 0
0.125 0.175 0
0.1375 0.175 0
0.15 0.175 0
0.1625 0.175 0
0.175 0.175 0
0.1875 0.175 0
0.2 0.175 0
0.2125 0.175 0
0.225 0.175 0
0.2375 0.175 0
0.25 0.175 0
0.2625 0.175 0
0.275 0.175 0
0.2875 0.175 0
0.3 0.175 0
0.3125 0.175 0
0.325 0.175 0
0.3375 0.175 0
0.35 0.175 0
0.3625 0.175 0
0.375 0.175 0
0.3875 0.175 0
0.4 0.175 0
0.4125 0.175 0
0.425 0.175 0
0.4375 0.175 0
0.45 0.175 0
0.4625 0.175 0
0.475 0.175 0
0.4875 0.175 0
0.5 0.175 0
0.5125 0.175 0
0.525 0.175 0
0.5375 0.175 0
0.55 0.175 0
0.5625 0.175 0
0.575 0.175 0
0.5875 0.175 0
0.6 0.175 0
0.6125 0.175 0
0.625 0.175 0
0.6375 0.175 0
0.65 0.175 0
0.6625 0.175 0
0.675 0.175 0
0.6875 0.175 0
0.7 0.175 0
0.7125 0.175 0
0.725 0.175 0
0.7375 0.175 0
0.75 0.175 0
0.7625 0.175 0
0.775 0.175 0
0.7875 0.175 0
0.8 0.175 0
0.8125 0.175 0
0.825 0.175 0
0.8375 0.175 0
0.85 0.175 0
0.8625 0.175 0
0.875 0.175 0
0.8875 0.175 0
0.9 0.175 0
0.9125 0.175 0
0.925 0.175 0
0.9375 0.175 0
0.95 0.175 0
0.9625 0.175 0
0.975 0.175 0
0.9875 0.175 0
0.0125 0.1875 0
0.025 0.1875 0
0.0375 0.1875 0
0.05 0.1875 0
0.0625 0.1875 0
0.075 0.1875 0
0.0875 0.1875 0
0.1 0.1875 0
0.1125 0.1875 0
0.125 0.1875 0
0.1375 0.1875 0
0.15 0.1875 0
0.1625 0.1875 0
0.175 0.1875 0
0.1875 0.1875 0
0.2 0.1875 0
0.2125 0.1875 0
0.225 0.1875 0
0.2375 0.1875 0
0.25 0.1875 0
0.2625 0.1875 0
0.275 0.1875 0
0.2875 0.1875 0
0.3 0.1875 0
0.3125 0.1875 0
0.325 0.1875 0
0.3375 0.1875 0
0.35 0.1875 0
0.3625 0.1875 0
0.375 0.1875 0
0.3875 0.1875 0
0.4 0.1875 0
0.4125 0.1875 0
0.425 0.1875 0
0.4375 0.1875 0
0.45 0.1875 0
0.4625 0.1875 0
0.475 0.1875 0
0.4875 0.1875 0
0.5 0.1875 0
0.5125 0.1875 0
0.525 0.1875 0
0.5375 0.1875 0
0.55 0.1875 0
0.5625 0.1875 0
0.575 0.1875 0
0.5875 0.1875 0
0.6 0.1875 0
0.6125 0.1875 0
0.625 0.1875 0
0.6375 0.1875 0
0.65 0.1875 0
0.6625 0.1875 0
0.675 0.1875 0
0.6875 0.1875 0
0.7 0.1875 0
0.7125 0.1875 0
0.725 0.1875 0
0.7375 0.1875 0
0.75 0.1875 0
0.7625 0.1875 0
0.775 0.1875 0
0.7875 0.1875 0
0.8 0.1875 0
0.8125 0.1875 0
0.825 0.1875 0
0.8375 0.1875 0
0.85 0.1875 0
0.8625 0.1875 0
0.875 0.1875 0
0.8875 0.1875 0
0.9 0.1875 0
0.9125 0.1875 0
0.925 0.1875 0
0.9375 0.1875 0
0.95 0.1875 0
0.9625 0.1875 0
0.975 0.1875 0
0.9875 0.1875 0
0.0125 0.2 0
0.025 0.2 0
0.0375 0.2 0
0.05 0.2 0
0.0625 0.2 0
0.075 0.2 0
0.0875 0.2 0
0.1 0.2 0
0.1125 0.2 0
0.125 0.2 0
0.1375 0.2 0
0.15 0.2 0
0.1625 0.2 0
0.175 0.2 0
0.1875 0.2 0
0.2 0.2 0
0.2125 0.2 0
0.225 0.2 0
0.2375 0.2 0
0.25 0.2 0
0.2625 0.2 0
0.275 0.2 0
0.2875 0.2 0
0.3 0.2 0
0.3125 0.2 0
0.325 0.2 0
0.3375 0.2 0
0.35 0.2 0
0.3625 0.2 0
0.375 0.2 0
0.3875 0.2 0
0.4 0.2 0
0.4125 0.2 0
0.425 0.2 0
0.4375 0.2 0
0.45 0.2 0
0.4625 0.2 0
0.475 0.2 0
0.4875 0.2 0
0.5 0.2 0
0.5125 0.2 0
0.525 0.2 0
0.5375 0.2 0
0.55 0.2 0
0.5625 0.2 0
0.575 0.2 0
0.5875 0.2 0
0.6 0.2 0
0.6125 0.2 0
0.625 0.2 0
0.6375 0.2 0
0.65 0.2 0
0.6625 0.2 0
0.675 0.2 0
0.6875 0.2 0
0.7 0.2 0
0.7125 0.2 0
0.725 0.2 0
0.7375 0.2 0
0.75 0.2 0
0.7625 0.2 0
0.775 0.2 0
0.7875 0.2 0
0.8 0.2 0
0.8125 0.2 0
0.825 0.2 0
0.8375 0.2 0
0.85 0.2 0
0.8625 0.2 0
0.875 0.2 0
0.8875 0.2 0
0.9 0.2 0
0.9125 0.2 0
0.925 0.2 0
0.9375 0.2 0
0.95 0.2 0
0.9625 0.2 0
0.975 0.2 0
0.9875 0.2 0
0.0125 0.2125 0
0.025 0.2125 0
0.0375 0.2125 0
0.05 0.2125 0
0.0625 0.2125 0
0.075 0.2125 0
0.0875 0.2125 0
0.1 0.2125 0
0.1125 0.2125 0
0.125 0.2125 0
0.1375 0.2125 0
0.15 0.2125 0
0.1625 0.2125 0
0.175 0.2125 0
0.1875 0.2125 0
0.2 0.2125 0
0.2125 0.2125 0
0.225 0.2125 0
0.2375 0.2125 0
0.25 0.2125 0
0.2625 0.2125 0
0.275 0.2125 0
0.2875 0.2125 0
0.3 0.2125 0
0.3125 0.2125 0
0.325 0.2125 0
0.3375 0.2125 0
0.35 0.2125 0
0.3625 0.2125 0
0.375 0.2125 0
0.3875 0.2125 0
0.4 0.2125 0
0.4125 0.2125 0
0.425 0.2125 0
0.4375 0.2125 0
0.45 0.2125 0
0.4625 0.2125 0
0.475 0.2125 0
0.4875 0.2125 0
0.5 0.2125 0
0.5125 0.2125 0
0.525 0.2125 0
0.5375 0.2125 0
0.55 0.2125 0
0.5625 0.2125 0
0.575 0.2125 0
0.5875 0.2125 0
0.6 0.2125 0
0.6125 0.2125 0
0.625 0.2125 0
0.6375 0.2125 0
0.65 0.2125 0
0.6625 0.2125 0
0.675 0.2125 0
0.6875 0.2125 0
0.7 0.2125 0
0.7125 0.2125 0
0.725 0.2125 0
0.7375 0.2125 0
0.75 0.2125 0
0.7625 0.2125 0
0.775 0.2125 0
0.7875 0.2125 0
0.8 0.2125 0
0.8125 0.2125 0
0.825 0.2125 0
0.8375 0.2125 0
0.85 0.2125 0
0.8625 0.2125 0
0.875 0.2125 0
0.8875 0.2125 0
0.9 0.2125 0
0.9125 0.2125 0
0.925 0.2125 0
0.9375 0.2125 0
0.95 0.2125 0
0.9625 0.2125 0
0.975 0.2125 0
0.9875 0.2125 0
0.0125 0.225 0
0.025 0.225 0
0.0375 0.225 0
0.05 0.225 0
0.0625 0.225 0
0.075 0.225 0
0.0875 0.225 0
0.1 0.225 0
0.1125 0.225 0
0.125 0.225 0
0.1375 0.225 0
0.15 0.225 0
0.1625 0.225 0
0.175 0.225 0
0.1875 0.225 0
0.2 0.225 0
0.2125 0.225 0
0.225 0.225 0
0.2375 0.225 0
0.25 0.225 0
0.2625 0.225 0
0.275 0.225 0
0.2875 0.225 0
0.3 0.225 0
0.3125 0.225 0
0.325 0.225 0
0.3375 0.225 0
0.35 0.225 0
0.3625 0.225 0
0.375 0.225 0
0.3875 0.225 0
0.4 0.225 0
0.4125 0.225 0
0.425 0.225 0
0.4375 0.225 0
0.45 0.225 0
0.4625 0.225 0
0.475 0.225 0
0.4875 0.225 0
0.5 0.225 0
0.5125 0.225 0
0.525 0.225 0
0.5375 0.225 0
0.55 0.225 0
0.5625 0.225 0
0.575 0.225 0
0.5875 0.225 0
0.6 0.225 0
0.6125 0.225 0
0.625 0.225 0
0.6375 0.225 0
0.65 0.225 0
0.6625 0.225 0
0.675 0.225 0
0.6875 0.225 0
0.7 0.225 0
0.7125 0.225 0
0.725 0.225 0
0.7375 0.225 0
0.75 0.225 0
0.7625 0.225 0
0.775 0.225 0
0.7875 0.225 0
0.8 0.225 0
0.8125 0.225 0
0.825 0.225 0
0.8375 0.225 0
0.85 0.225 0
0.8625 0.225 0
0.875 0.225 0
0.8875 0.225 0
0.9 0.225 0
0.9125 0.225 0
0.925 0.225 0
0.9375 0.225 0
0.95 0.225 0
0.9625 0.225 0
0.975 0.225 0
0.9875 0.225 0
0.0125 0.2375 0
0.025 0.2375 0
0.0375 0.2375 0
0.05 0.2375 0
0.0625 0.2375 0
0.075 0.2375 0
0.0875 0.2375 0
0.1 0.2375 0
0.1125 0.2375 0
0.125 0.2375 0
0.1375 0.2375 0
0.15 0.2375 0
0.1625 0.2375 0
0.175 0.2375 0
0.1875 0.2375 0
0.2 0.2375 0
0.2125 0.2375 0
0.225 0.2375 0
0.2375 0.2375 0
0.25 0.2375 0
0.2625 0.2375 0
0.275 0.2375 0
0.2875 0.2375 0
0.3 0.2375 0
0.3125 0.2375 0
0.325 0.2375 0
0.3375 0.2375 0
0.35 0.2375 0
0.3625 0.2375 0
0.375 0.2375 0
0.3875 0.2375 0
0.4 0.2375 0
0.4125 0.2375 0
0.425 0.2375 0
0.4375 0.2375 0
0.45 0.2375 0
0.4625 0.2375 0
0.475 0.2375 0
0.4875 0.2375 0
0.5 0.2375 0
0.5125 0.2375 0
0.525 0.2375 0
0.5375 0.2375 0
0.55 0.2375 0
0.5625 0.2375 0
0.575 0.2375 0
0.5875 0.2375 0
0.6 0.2375 0
0.6125 0.2375 0
0.625 0.2375 0
0.6375 0.2375 0
0.65 0.2375 0
0.6625 0.2375 0
0.675 0.2375 0
0.6875 0.2375 0
0.7 0.2375 0
0.7125 0.2375 0
0.725 0.2375 0
0.7375 0.2375 0
0.75 0.2375 0
0.7625 0.2375 0
0.775 0.2375 0
0.7875 0.2375 0
0.8 0.2375 0
0.8125 0.2375 0
0.825 0.2375 0
0.8375 0.2375 0
0.85 0.2375 0
0.8625 0.2375 0
0.875 0.2375 0
0.8875 0.2375 0
0.9 0.2375 0
0.9125 0.2375 0
0.925 0.2375 0
0.9375 0.2375 0
0.95 0.2375 0
0.9625 0.2375 0
0.975 0.2375 0
0.9875 0.2375 0
0.0125 0.25 0
0.025 0.25 0
0.0375 0.25 0
0.05 0.25 0
0.0625 0.25 0
0.075 0.25 0
0.0875 0.25 0
0.1 0.25 0
0.1125 0.25 0
0.125 0.25 0
0.1375 0.25 0
0.15 0.25 0
0.1625 0.25 0
0.175 0.25 0
0.1875 0.25 0
0.2 0.25 0
0.2125 0.25 0
0.225 0.25 0
0.2375 0.25 0
0.25 0.25 0
0.2625 0.25 0
0.275 0.25 0
0.2875 0.25 0
0.3 0.25 0
0.3125 0.25 0
0.325 0.25 0
0.3375 0.25 0
0.35 0.25 0
0.3625 0.25 0
0.375 0.25 0
0.3875 0.25 0
0.4 0.25 0
0.4125 0.25 0
0.425 0.25 0
0.4375 0.25 0
0.45 0.25 0
0.4625 0.25 0
0.475 0.25 0
0.4875 0.25 0
0.5 0.25 0
0.5125 0.25 0
0.525 0.25 0
0.5375 0.25 0
0.55 0.25 0
0.5625 0.25 0
0.575 0.25 0
0.5875 0.25 0
0.6 0.25 0
0.6125 0.25 0
0.625 0.25 0
0.6375 0.25 0
0.65 0.25 0
0.6625 0.25 0
0.675 0.25 0
0.6875 0.25 0
0.7 0.25 0
0.7125 0.25 0
0.725 0.25 0
0.7375 0.25 0
0.75 0.25 0
0.7625 0.25 0
0.775 0.25 0
0.7875 0.25 0
0.8 0.25 0
0.8125 0.25 0
0.825 0.25 0
0.8375 0.25 0
0.85 0.25 0
0.8625 0.25 0
0.875 0.25 0
0.8875 0.25 0
0.9 0.25 0
0.9125 0.25 0
0.925 0.25 0
0.9375 0.25 0
0.95 0.25 0
0.9625 0.25 0
0.975 0.25 0
0.9875 0.25 0
0.0125 0.2625 0
0.025 0.2625 0
0.0375 0.2625 0
0.05 0.2625 0
0.0625 0.2625 0
0.075 0.2625 0
0.0875 0.2625 0
0.1 0.2625 0
0.1125 0.2625 0
0.125 0.2625 0
0.1375 0.2625 0
0.15 0.2625 0
0.1625 0.2625 0
0.175 0.2625 0
0.1875 0.2625 0
0.2 0.2625 0
0.2125 0.2625 0
0.225 0.2625 0
0.2375 0.2625 0
0.25 0.2625 0
0.2625 0.2625 0
0.275 0.2625 0
0.2875 0.2625 0
0.3 0.2625 0
0.3125 0.2625 0
0.325 0.2625 0
0.3375 0.2625 0
0.35 0.2625 0
0.3625 0.2625 0
0.375 0.2625 0
0.3875 0.2625 0
0.4 0.2625 0
0.4125 0.2625 0
0.425 0.2625 0
0.4375 0.2625 0
0.45 0.2625 0
0.4625 0.2625 0
0.475 0.2625 0
0.4875 0.2625 0
0.5 0.2625 0
0.5125 0.2625 0
0.525 0.2625 0
0.5375 0.2625 0
0.55 0.2625 0
0.5625 0.2625 0
0.575 0.2625 0
0.5875 0.2625 0
0.6 0.2625 0
0.6125 0.2625 0
0.625 0.2625 0
0.6375 0.2625 0
0.65 0.2625 0
0.6625 0.2625 0
0.675 0.2625 0
0.6875 0.2625 0
0.7 0.2625 0
0.7125 0.2625 0
0.725 0.2625 0
0.7375 0.2625 0
0.75 0.2625 0
0.7625 0.2625 0
0.775 0.2625 0
0.7875 0.2625 0
0.8 0.2625 0
0.8125 0.2625 0
0.825 0.2625 0
0.8375 0.2625 0
0.85 0.2625 0
0.8625 0.2625 0
0.875 0.2625 0
0.8875 0.2625 0
0.9 0.2625 0
0.9125 0.2625 0
0.925 0.2625 0
0.9375 0.2625 0
0.95 0.2625 0
0.9625 0.2625 0
0.975 0.2625 0
0.9875 0.2625 0
0.0125 0.275 0
0.025 0.275 0
0.0375 0.275 0
0.05 0.275 0
0.0625 0.275 0
0.075 0.275 0
0.0875 0.275 0
0.1 0.275 0
0.1125 0.275 0
0.125 0.275 0
0.1375 0.275 0
0.15 0.275 0
0.1625 0.275 0
0.175 0.275 0
0.1875 0.275 0
0.2 0.275 0
0.2125 0.275 0
0.225 0.275 0
0.2375 0.275 0
0.25 0.275 0
0.2625 0.275 0
0.275 0.275 0
0.2875 0.275 0
0.3 0.275 0
0.3125 0.275 0
0.325 0.275 0
0.3375 0.275 0
0.35 0.275 0
0.3625 0.275 0
0.375 0.275 0
0.3875 0.275 0
0.4 0.275 0
0.4125 0.275 0
0.425 0.275 0
0.4375 0.275 0
0.45 0.275 0
0.4625 0.275 0
0.475 0.275 0
0.4875 0.275 0
0.5 0.275 0
0.5125 0.275 0
0.525 0.275 0
0.5375 0.275 0
0.55 0.275 0
0.5625 0.275 0
0.575 0.275 0
0.5875 0.275 0
0.6 0.275 0
0.6125 0.275 0
0.625 0.275 0
0.6375 0.275 0
0.65 0.275 0
0.6625 0.275 0
0.675 0.275 0
0.6875 0.275 0
0.7 0.275 0
0.7125 0.275 0
0.725 0.275 0
0.7375 0.275 0
0.75 0.275 0
0.7625 0.275 0
0.775 0.275 0
0.7875 0.275 0
0.8 0.275 0
0.8125 0.275 0
0.825 0.275 0
0.8375 0.275 0
0.85 0.275 0
0.8625 0.275 0
0.875 0.275 0
0.8875 0.275 0
0.9 0.275 0
0.9125 0.275 0
0.925 0.275 0
0.9375 0.275 0
0.95 0.275 0
0.9625 0.275 0
0.975 0.275 0
0.9875 0.275 0
0.0125 0.2875 0
0.025 0.2875 0
0.0375 0.2875 0
0.05 0.2875 0
0.0625 0.2875 0
0.075 0.2875 0
0.0875 0.2875 0
0.1 0.2875 0
0.1125 0.2875 0
0.125 0.2875 0
0.1375 0.2875 0
0.15 0.2875 0
0.1625 0.2875 0
0.175 0.2875 0
0.1875 0.2875 0
0.2 0.2875 0
0.2125 0.2875 0
0.225 0.2875 0
0.2375 0.2875 0
0.25 0.2875 0
0.2625 0.2875 0
0.275 0.2875 0
0.2875 0.2875 0
0.3 0.2875 0
0.3125 0.2875 0
0.325 0.2875 0
0.3375 0.2875 0
0.35 0.2875 0
0.3625 0.2875 0
0.375 0.2875 0
0.3875 0.2875 0
0.4 0.2875 0
0.4125 0.2875 0
0.425 0.2875 0
0.4375 0.2875 0
0.45 0.2875 0
0.4625 0.2875 0
0.475 0.2875 0
0.4875 0.2875 0
0.5 0.2875 0
0.5125 0.2875 0
0.525 0.2875 0
0.5375 0.2875 0
0.55 0.2875 0
0.5625 0.2875 0
0.575 0.2875 0
0.5875 0.2875 0
0.6 0.2875 0
0.6125 0.2875 0
0.625 0.2875 0
0.6375 0.2875 0
0.65 0.2875 0
0.6625 0.2875 0
0.675 0.2875 0
0.6875 0.2875 0
0.7 0.2875 0
0.7125 0.2875 0
0.725 0.2875 0
0.7375 0.2875 0
0.75 0.2875 0
0.7625 0.2875 0
0.775 0.2875 0
0.7875 0.2875 0
0.8 0.2875 0
0.8125 0.2875 0
0.825 0.2875 0
0.8375 0.2875 0
0.85 0.2875 0
0.8625 0.2875 0
0.875 0.2875 0
0.8875 0.2875 0
0.9 0.2875 0
0.9125 0.2875 0
0.925 0.2875 0
0.9375 0.2875 0
0.95 0.2875 0
0.9625 0.2875 0
0.975 0.2875 0
0.9875 0.2875 0
0.0125 0.3 0
0.025 0.3 0
0.0375 0.3 0
0.05 0.3 0
0.0625 0.3 0
0.075 0.3 0
0.0875 0.3 0
0.1 0.3 0
0.1125 0.3 0
0.125 0.3 0
0.1375 0.3 0
0.15 0.3 0
0.1625 0.3 0
0.175 0.3 0
0.1875 0.3 0
0.2 0.3 0
0.2125 0.3 0
0.225 0.3 0
0.2375 0.3 0
0.25 0.3 0
0.2625 0.3 0
0.275 0.3 0
0.2875 0.3 0
0.3 0.3 0
0.3125 0.3 0
0.325 0.3 0
0.3375 0.3 0
0.35 0.3 0
0.3625 0.3 0
0.375 0.3 0
0.3875 0.3 0
0.4 0.3 0
0.4125 0.3 0
0.425 0.3 0
0.4375 0.3 0
0.45 0.3 0
0.4625 0.3 0
0.475 0.3 0
0.4875 0.3 0
0.5 0.3 0
0.5125 0.3 0
0.525 0.3 0
0.5375 0.3 0
0.55 0.3 0
0.5625 0.3 0
0.575 0.3 0
0.5875 0.3 0
0.6 0.3 0
0.6125 0.3 0
0.625 0.3 0
0.6375 0.3 0
0.65 0.3 0
0.6625 0.3 0
0.675 0.3 0
0.6875 0.3 0
0.7 0.3 0
0.7125 0.3 0
0.725 0.3 0
0.7375 0.3 0
0.75 0.3 0
0.7625 0.3 0
0.775 0.3 0
0.7875 0.3 0
0.8 0.3 0
0.8125 0.3 0
0.825 0.3 0
0.8375 0.3 0
0.85 0.3 0
0.8625 0.3 0
0.875 0.3 0
0.8875 0.3 0
0.9 0.3 0
0.9125 0.3 0
0.925 0.3 0
0.9375 0.3 0
0.95 0.3 0
0.9625 0.3 0
0.975 0.3 0
0.9875 0.3 0
0.0125 0.3125 0
0.025 0.3125 0
0.0375 0.3125 0
0.05 0.3125 0
0.0625 0.3125 0
0.075 0.3125 0
0.0875 0.3125 0
0.1 0.3125 0
0.1125 0.3125 0
0.125 0.3125 0
0.1375 0.3125 0
0.15 0.3125 0
0.1625 0.3125 0
0.175 0.3125 0
0.1875 0.3125 0
0.2 0.3125 0
0.2125 0.3125 0
0.225 0.3125 0
0.2375 0.3125 0
0.25 0.3125 0
0.2625 0.3125 0
0.275 0.3125 0
0.2875 0.3125 0
0.3 0.3125 0
0.3125 0.3125 0
0.325 0.3125 0
0.3375 0.3125 0
0.35 0.3125 0
0.3625 0.3125 0
0.375 0.3125 0
0.3875 0.3125 0
0.4 0.3125 0
0.4125 0.3125 0
0.425 0.3125 0
0.4375 0.3125 0
0.45 0.3125 0
0.4625 0.3125 0
0.475 0.3125 0
0.4875 0.3125 0
0.5 0.3125 0
0.5125 0.3125 0
0.525 0.3125 0
0.5375 0.3125 0
0.55 0.3125 0
0.5625 0.3125 0
0.575 0.3125 0
0.5875 0.3125 0
0.6 0.3125 0
0.6125 0.3125 0
0.625 0.3125 0
0.6375 0.3125 0
0.65 0.3125 0
0.6625 0.3125 0
0.675 0.3125 0
0.6875 0.3125 0
0.7 0.3125 0
0.7125 0.3125 0
0.725 0.3125 0
0.7375 0.3125 0
0.75 0.3125 0
0.7625 0.3125 0
0.775 0.3125 0
0.7875 0.3125 0
0.8 0.3125 0
0.8125 0.3125 0
0.825 0.3125 0
0.8375 0.3125 0
0.85 0.3125 0
0.8625 0.3125 0
0.875 0.3125 0
0.8875 0.3125 0
0.9 0.3125 0
0.9125 0.3125 0
0.925 0.3125 0
0.9375 0.3125 0
0.95 0.3125 0
0.9625 0.3125 0
0.975 0.3125 0
0.9875 0.3125 0
0.0125 0.325 0
0.025 0.325 0
0.0375 0.325 0
0.05 0.325 0
0.0625 0.325 0
0.075 0.325 0
0.0875 0.325 0
0.1 0.325 0
0.1125 0.325 0
0.125 0.325 0
0.1375 0.325 0
0.15 0.325 0
0.1625 0.325 0
0.175 0.325 0
0.1875 0.325 0
0.2 0.325 0
0.2125 0.325 0
0.225 0.325 0
0.2375 0.325 0
0.25 0.325 0
0.2625 0.325 0
0.275 0.325 0
0.2875 0.325 0
0.3 0.325 0
0.3125 0.325 0
0.325 0.325 0
0.3375 0.325 0
0.35 0.325 0
0.3625 0.325 0
0.375 0.325 0
0.3875 0.325 0
0.4 0.325 0
0.4125 0.325 0
0.425 0.325 0
0.4375 0.325 0
0.45 0.325 0
0.4625 0.325 0
0.475 0.325 0
0.4875 0.325 0
0.5 0.325 0
0.5125 0.325 0
0.525 0.325 0
0.5375 0.325 0
0.55 0.325 0
0.5625 0.325 0
0.575 0.325 0
0.5875 0.325 0
0.6 0.325 0
0.6125 0.325 0
0.625 0.325 0
0.6375 0.325 0
0.65 0.325 0
0.6625 0.325 0
0.675 0.325 0
0.6875 0.325 0
0.7 0.325 0
0.7125 0.325 0
0.725 0.325 0
0.7375 0.325 0
0.75 0.325 0
0.7625 0.325 0
0.775 0.325 0
0.7875 0.325 0
0.8 0.325 0
0.8125 0.325 0
0.825 0.325 0
0.8375 0.325 0
0.85 0.325 0
0.8625 0.325 0
0.875 0.325 0
0.8875 0.325 0
0.9 0.325 0
0.9125 0.325 0
0.925 0.325 0
0.9375 0.325 0
0.95 0.325 0
0.9625 0.325 0
0.975 0.325 0
0.9875 0.325 0
0.0125 0.3375 0
0.025 0.3375 0
0.0375 0.3375 0
0.05 0.3375 0
0.0625 0.3375 0
0.075 0.3375 0
0.0875 0.3375 0
0.1 0.3375 0
0.1125 0.3375 0
0.125 0.3375 0
0.1375 0.3375 0
0.15 0.3375 0
0.1625 0.3375 0
0.175 0.3375 0
0.1875 0.3375 0
0.2 0.3375 0
0.2125 0.3375 0
0.225 0.3375 0
0.2375 0.3375 0
0.25 0.3375 0
0.2625 0.3375 0
0.275 0.3375 0
0.2875 0.3375 0
0.3 0.3375 0
0.3125 0.3375 0
0.325 0.3375 0
0.3375 0.3375 0
0.35 0.3375 0
0.3625 0.3375 0
0.375 0.3375 0
0.3875 0.3375 0
0.4 0.3375 0
0.4125 0.3375 0
0.425 0.3375 0
0.4375 0.3375 0
0.45 0.3375 0
0.4625 0.3375 0
0.475 0.3375 0
0.4875 0.3375 0
0.5 0.3375 0
0.5125 0.3375 0
0.525 0.3375 0
0.5375 0.3375 0
0.55 0.3375 0
0.5625 0.3375 0
0.575 0.3375 0
0.5875 0.3375 0
0.6 0.3375 0
0.6125 0.3375 0
0.625 0.3375 0
0.6375 0.3375 0
0.65 0.3375 0
0.6625 0.3375 0
0.675 0.3375 0
0.6875 0.3375 0
0.7 0.3375 0
0.7125 0.3375 0
0.725 0.3375 0
0.7375 0.3375 0
0.75 0.3375 0
0.7625 0.3375 0
0.775 0.3375 0
0.7875 0.3375 0
0.8 0.3375 0
0.8125 0.3375 0
0.825 0.3375 0
0.8375 0.3375 0
0.85 0.3375 0
0.8625 0.3375 0
0.875 0.3375 0
0.8875 0.3375 0
0.9 0.3375 0
0.9125 0.3375 0
0.925 0.3375 0
0.9375 0.3375 0
0.95 0.3375 0
0.9625 0.3375 0
0.975 0.3375 0
0.9875 0.3375 0
0.0125 0.35 0
0.025 0.35 0
0.0375 0.35 0
0.05 0.35 0
0.0625 0.35 0
0.075 0.35 0
0.0875 0.35 0
0.1 0.35 0
0.1125 0.35 0
0.125 0.35 0
0.1375 0.35 0
0.15 0.35 0
0.1625 0.35 0
0.175 0.35 0
0.1875 0.35 0
0.2 0.35 0
0.2125 0.35 0
0.225 0.35 0
0.2375 0.35 0
0.25 0.35 0
0.2625 0.35 0
0.275 0.35 0
0.2875 0.35 0
0.3 0.35 0
0.3125 0.35 0
0.325 0.35 0
0.3375 0.35 0
0.35 0.35 0
0.3625 0.35 0
0.375 0.35 0
0.3875 0.35 0
0.4 0.35 0
0.4125 0.35 0
0.425 0.35 0
0.4375 0.35 0
0.45 0.35 0
0.4625 0.35 0
0.475 0.35 0
0.4875 0.35 0
0.5 0.35 0
0.5125 0.35 0
0.525 0.35 0
0.5375 0.35 0
0.55 0.35 0
0.5625 0.35 0
0.575 0.35 0
0.5875 0.35 0
0.6 0.35 0
0.6125 0.35 0
0.625 0.35 0
0.6375 0.35 0
0.65 0.35 0
0.6625 0.35 0
0.675 0.35 0
0.6875 0.35 0
0.7 0.35 0
0.7125 0.35 0
0.725 0.35 0
0.7375 0.35 0
0.75 0.35 0
0.7625 0.35 0
0.775 0.35 0
0.7875 0.35 0
0.8 0.35 0
0.8125 0.35 0
0.825 0.35 0
0.8375 0.35 0
0.85 0.35 0
0.8625 0.35 0
0.875 0.35 0
0.8875 0.35 0
0.9 0.35 0
0.9125 0.35 0
0.925 0.35 0
0.9375 0.35 0
0.95 0.35 0
0.9625 0.35 0
0.975 0.35 0
0.9875 0.35 0
0.0125 0.3625 0
0.025 0.3625 0
0.0375 0.3625 0
0.05 0.3625 0
0.0625 0.3625 0
0.075 0.3625 0
0.0875 0.3625 0
0.1 0.3625 0
0.1125 0.3625 0
0.125 0.3625 0
0.1375 0.3625 0
0.15 0.3625 0
0.1625 0.3625 0
0.175 0.3625 0
0.1875 0.3625 0
0.2 0.3625 0
0.2125 0.3625 0
0.225 0.3625 0
0.2375 0.3625 0
0.25 0.3625 0
0.2625 0.3625 0
0.275 0.3625 0
0.2875 0.3625 0
0.3 0.3625 0
0.3125 0.3625 0
0.325 0.3625 0
0.3375 0.3625 0
0.35 0.3625 0
0.3625 0.3625 0
0.375 0.3625 0
0.3875 0.3625 0
0.4 0.3625 0
0.4125 0.3625 0
0.425 0.3625 0
0.4375 0.3625 0
0.45 0.3625 0
0.4625 0.3625 0
0.475 0.3625 0
0.4875 0.3625 0
0.5 0.3625 0
0.5125 0.3625 0
0.525 0.3625 0
0.5375 0.3625 0
0.55 0.3625 0
0.5625 0.3625 0
0.575 0.3625 0
0.5875 0.3625 0
0.6 0.3625 0
0.6125 0.3625 0
0.625 0.3625 0
0.6375 0.3625 0
0.65 0.3625 0
0.6625 0.3625 0
0.675 0.3625 0
0.6875 0.3625 0
0.7 0.3625 0
0.7125 0.3625 0
0.725 0.3625 0
0.7375 0.3625 0
0.75 0.3625 0
0.7625 0.3625 0
0.775 0.3625 0
0.7875 0.3625 0
0.8 0.3625 0
0.8125 0.3625 0
0.825 0.3625 0
0.8375 0.3625 0
0.85 0.3625 0
0.8625 0.3625 0
0.875 0.3625 0
0.8875 0.3625 0
0.9 0.3625 0
0.9125 0.3625 0
0.925 0.3625 0
0.9375 0.3625 0
0.95 0.3625 0
0.9625 0.3625 0
0.975 0.3625 0
0.9875 0.3625 0
0.0125 0.375 0
0.025 0.375 0
0.0375 0.375 0
0.05 0.375 0
0.0625 0.375 0
0.075 0.375 0
0.0875 0.375 0
0.1 0.375 0
0.1125 0.375 0
0.125 0.375 0
0.1375 0.375 0
0.15 0.375 0
0.1625 0.375 0
0.175 0.375 0
0.1875 0.375 0
0.2 0.375 0
0.2125 0.375 0
0.225 0.375 0
0.2375 0.375 0
0.25 0.375 0
0.2625 0.375 0
0.275 0.375 0
0.2875 0.375 0
0.3 0.375 0
0.3125 0.375 0
0.325 0.375 0
0.3375 0.375 0
0.35 0.375 0
0.3625 0.375 0
0.375 0.375 0
0.3875 0.375 0
0.4 0.375 0
0.4125 0.375 0
0.425 0.375 0
0.4375 0.375 0
0.45 0.375 0
0.4625 0.375 0
0.475 0.375 0
0.4875 0.375 0
0.5 0.375 0
0.5125 0.375 0
0.525 0.375 0
0.5375 0.375 0
0.55 0.375 0
0.5625 0.375 0
0.575 0.375 0
0.5875 0.375 0
0.6 0.375 0
0.6125 0.375 0
0.625 0.375 0
0.6375 0.375 0
0.65 0.375 0
0.6625 0.375 0
0.675 0.375 0
0.6875 0.375 0
0.7 0.375 0
0.7125 0.375 0
0.725 0.375 0
0.7375 0.375 0
0.75 0.375 0
0.7625 0.375 0
0.775 0.375 0
0.7875 0.375 0
0.8 0.375 0
0.8125 0.375 0
0.825 0.375 0
0.8375 0.375 0
0.85 0.375 0
0.8625 0.375 0
0.875 0.375 0
0.8875 0.375 0
0.9 0.375 0
0.9125 0.375 0
0.925 0.375 0
0.9375 0.375 0
0.95 0.375 0
0.9625 0.375 0
0.975 0.375 0
0.9875 0.375 0
0.0125 0.3875 0
0.025 0.3875 0
0.0375 0.3875 0
0.05 0.3875 0
0.0625 0.3875 0
0.075 0.3875 0
0.0875 0.3875 0
0.1 0.3875 0
0.1125 0.3875 0
0.125 0.3875 0
0.1375 0.3875 0
0.15 0.3875 0
0.1625 0.3875 0
0.175 0.3875 0
0.1875 0.3875 0
0.2 0.3875 0
0.2125 0.3875 0
0.225 0.3875 0
0.2375 0.3875 0
0.25 0.3875 0
0.2625 0.3875 0
0.275 0.3875 0
0.2875 0.3875 0
0.3 0.3875 0
0.3125 0.3875 0
0.325 0.3875 0
0.3375 0.3875 0
0.35 0.3875 0
0.3625 0.3875 0
0.375 0.3875 0
0.3875 0.3875 0
0.4 0.3875 0
0.4125 0.3875 0
0.425 0.3875 0
0.4375 0.3875 0
0.45 0.3875 0
0.4625 0.3875 0
0.475 0.3875 0
0.4875 0.3875 0
0.5 0.3875 0
0.5125 0.3875 0
0.525 0.3875 0
0.5375 0.3875 0
0.55 0.3875 0
0.5625 0.3875 0
0.575 0.3875 0
0.5875 0.3875 0
0.6 0.3875 0
0.6125 0.3875 0
0.625 0.3875 0
0.6375 0.3875 0
0.65 0.3875 0
0.6625 0.3875 0
0.675 0.3875 0
0.6875 0.3875 0
0.7 0.3875 0
0.7125 0.3875 0
0.725 0.3875 0
0.7375 0.3875 0
0.75 0.3875 0
0.7625 0.3875 0
0.775 0.3875 0
0.7875 0.3875 0
0.8 0.3875 0
0.8125 0.3875 0
0.825 0.3875 0
0.8375 0.3875 0
0.85 0.3875 0
0.8625 0.3875 0
0.875 0.3875 0
0.8875 0.3875 0
0.9 0.3875 0
0.9125 0.3875 0
0.925 0.3875 0
0.9375 0.3875 0
0.95 0.3875 0
0.9625 0.3875 0
0.975 0.3875 0
0.9875 0.3875 0
0.0125 0.4 0
0.025 0.4 0
0.0375 0.4 0
0.05 0.4 0
0.0625 0.4 0
0.075 0.4 0
0.0875 0.4 0
0.1 0.4 0
0.1125 0.4 0
0.125 0.4 0
0.1375 0.4 0
0.15 0.4 0
0.1625 0.4 0
0.175 0.4 0
0.1875 0.4 0
0.2 0.4 0
0.2125 0.4 0
0.225 0.4 0
0.2375 0.4 0
0.25 0.4 0
0.2625 0.4 0
0.275 0.4 0
0.2875 0.4 0
0.3 0.4 0
0.3125 0.4 0
0.325 0.4 0
0.3375 0.4 0
0.35 0.4 0
0.3625 0.4 0
0.375 0.4 0
0.3875 0.4 0
0.4 0.4 0
0.4125 0.4 0
0.425 0.4 0
0.4375 0.4 0
0.45 0.4 0
0.4625 0.4 0
0.475 0.4 0
0.4875 0.4 0
0.5 0.4 0
0.5125 0.4 0
0.525 0.4 0
0.5375 0.4 0
0.55 0.4 0
0.5625 0.4 0
0.575 0.4 0
0.5875 0.4 0
0.6 0.4 0
0.6125 0.4 0
0.625 0.4 0
0.6375 0.4 0
0.65 0.4 0
0.6625 0.4 0
0.675 0.4 0
0.6875 0.4 0
0.7 0.4 0
0.7125 0.4 0
0.725 0.4 0
0.7375 0.4 0
0.75 0.4 0
0.7625 0.4 0
0.775 0.4 0
0.7875 0.4 0
0.8 0.4 0
0.8125 0.4 0
0.825 0.4 0
0.8375 0.4 0
0.85 0.4 0
0.8625 0.4 0
0.875 0.4 0
0.8875 0.4 0
0.9 0.4 0
0.9125 0.4 0
0.925 0.4 0
0.9375 0.4 0
0.95 0.4 0
0.9625 0.4 0
0.975 0.4 0
0.9875 0.4 0
0.0125 0.4125 0
0.025 0.4125 0
0.0375 0.4125 0
0.05 0.4125 0
0.0625 0.4125 0
0.075 0.4125 0
0.0875 0.4125 0
0.1 0.4125 0
0.1125 0.4125 0
0.125 0.4125 0
0.1375 0.4125 0
0.15 0.4125 0
0.1625 0.4125 0
0.175 0.4125 0
0.1875 0.4125 0
0.2 0.4125 0
0.2125 0.4125 0
0.225 0.4125 0
0.2375 0.4125 0
0.25 0.4125 0
0.2625 0.4125 0
0.275 0.4125 0
0.2875 0.4125 0
0.3 0.4125 0
0.3125 0.4125 0
0.325 0.4125 0
0.3375 0.4125 0
0.35 0.4125 0
0.3625 0.4125 0
0.375 0.4125 0
0.3875 0.4125 0
0.4 0.4125 0
0.4125 0.4125 0
0.425 0.4125 0
0.4375 0.4125 0
0.45 0.4125 0
0.4625 0.4125 0
0.475 0.4125 0
0.4875 0.4125 0
0.5 0.4125 0
0.5125 0.4125 0
0.525 0.4125 0
0.5375 0.4125 0
0.55 0.4125 0
0.5625 0.4125 0
0.575 0.4125 0
0.5875 0.4125 0
0.6 0.4125 0
0.6125 0.4125 0
0.625 0.4125 0
0.6375 0.4125 0
0.65 0.4125 0
0.6625 0.4125 0
0.675 0.4125 0
0.6875 0.4125 0
0.7 0.4125 0
0.7125 0.4125 0
0.725 0.4125 0
0.7375 0.4125 0
0.75 0.4125 0
0.7625 0.4125 0
0.775 0.4125 0
0.7875 0.4125 0
0.8 0.4125 0
0.8125 0.4125 0
0.825 0.4125 0
0.8375 0.4125 0
0.85 0.4125 0
0.8625 0.4125 0
0.875 0.4125 0
0.8875 0.4125 0
0.9 0.4125 0
0.9125 0.4125 0
0.925 0.4125 0
0.9375 0.4125 0
0.95 0.4125 0
0.9625 0.4125 0
0.975 0.4125 0
0.9875 0.4125 0
0.0125 0.425 0
0.025 0.425 0
0.0375 0.425 0
0.05 0.425 0
0.0625 0.425 0
0.075 0.425 0
0.0875 0.425 0
0.1 0.425 0
0.1125 0.425 0
0.125 0.425 0
0.1375 0.425 0
0.15 0.425 0
0.1625 0.425 0
0.175 0.425 0
0.1875 0.425 0
0.2 0.425 0
0.2125 0.425 0
0.225 0.425 0
0.2375 0.425 0
0.25 0.425 0
0.2625 0.425 0
0.275 0.425 0
0.2875 0.425 0
0.3 0.425 0
0.3125 0.425 0
0.325 0.425 0
0.3375 0.425 0
0.35 0.425 0
0.3625 0.425 0
0.375 0.425 0
0.3875 0.425 0
0.4 0.425 0
0.4125 0.425 0
0.425 0.425 0
0.4375 0.425 0
0.45 0.425 0
0.4625 0.425 0
0.475 0.425 0
0.4875 0.425 0
0.5 0.425 0
0.5125 0.425 0
0.525 0.425 0
0.5375 0.425 0
0.55 0.425 0
0.5625 0.425 0
0.575 0.425 0
0.5875 0.425 0
0.6 0.425 0
0.6125 0.425 0
0.625 0.425 0
0.6375 0.425 0
0.65 0.425 0
0.6625 0.425 0
0.675 0.425 0
0.6875 0.425 0
0.7 0.425 0
0.7125 0.425 0
0.725 0.425 0
0.7375 0.425 0
0.75 0.425 0
0.7625 0.425 0
0.775 0.425 0
0.7875 0.425 0
0.8 0.425 0
0.8125 0.425 0
0.825 0.425 0
0.8375 0.425 0
0.85 0.425 0
0.8625 0.425 0
0.875 0.425 0
0.8875 0.425 0
0.9 0.425 0
0.9125 0.425 0
0.925 0.425 0
0.9375 0.425 0
0.95 0.425 0
0.9625 0.425 0
0.975 0.425 0
0.9875 0.425 0
0.0125 0.4375 0
0.025 0.4375 0
0.0375 0.4375 0
0.05 0.4375 0
0.0625 0.4375 0
0.075 0.4375 0
0.0875 0.4375 0
0.1 0.4375 0
0.1125 0.4375 0
0.125 0.4375 0
0.1375 0.4375 0
0.15 0.4375 0
0.1625 0.4375 0
0.175 0.4375 0
0.1875 0.4375 0
0.2 0.4375 0
0.2125 0.4375 0
0.225 0.4375 0
0.2375 0.4375 0
0.25 0.4375 0
0.2625 0.4375 0
0.275 0.4375 0
0.2875 0.4375 0
0.3 0.4375 0
0.3125 0.4375 0
0.325 0.4375 0
0.3375 0.4375 0
0.35 0.4375 0
0.3625 0.4375 0
0.375 0.4375 0
0.3875 0.4375 0
0.4 0.4375 0
0.4125 0.4375 0
0.425 0.4375 0
0.4375 0.4375 0
0.45 0.4375 0
0.4625 0.4375 0
0.475 0.4375 0
0.4875 0.4375 0
0.5 0.4375 0
0.5125 0.4375 0
0.525 0.4375 0
0.5375 0.4375 0
0.55 0.4375 0
0.5625 0.4375 0
0.575 0.4375 0
0.5875 0.4375 0
0.6 0.4375 0
0.6125 0.4375 0
0.625 0.4375 0
0.6375 0.4375 0
0.65 0.4375 0
0.6625 0.4375 0
0.675 0.4375 0
0.6875 0.4375 0
0.7 0.4375 0
0.7125 0.4375 0
0.725 0.4375 0
0.7375 0.4375 0
0.75 0.4375 0
0.7625 0.4375 0
0.775 0.4375 0
0.7875 0.4375 0
0.8 0.4375 0
0.8125 0.4375 0
0.825 0.4375 0
0.8375 0.4375 0
0.85 0.4375 0
0.8625 0.4375 0
0.875 0.4375 0
0.8875 0.4375 0
0.9 0.4375 0
0.9125 0.4375 0
0.925 0.4375 0
0.9375 0.4375 0
0.95 0.4375 0
0.9625 0.4375 0
0.975 0.4375 0
0.9875 0.4375 0
0.0125 0.45 0
0.025 0.45 0
0.0375 0.45 0
0.05 0.45 0
0.0625 0.45 0
0.075 0.45 0
0.0875 0.45 0
0.1 0.45 0
0.1125 0.45 0
0.125 0.45 0
0.1375 0.45 0
0.15 0.45 0
0.1625 0.45 0
0.175 0.45 0
0.1875 0.45 0
0.2 0.45 0
0.2125 0.45 0
0.225 0.45 0
0.2375 0.45 0
0.25 0.45 0
0.2625 0.45 0
0.275 0.45 0
0.2875 0.45 0
0.3 0.45 0
0.3125 0.45 0
0.325 0.45 0
0.3375 0.45 0
0.35 0.45 0
0.3625 0.45 0
0.375 0.45 0
0.3875 0.45 0
0.4 0.45 0
0.4125 0.45 0
0.425 0.45 0
0.4375 0.45 0
0.45 0.45 0
0.4625 0.45 0
0.475 0.45 0
0.4875 0.45 0
0.5 0.45 0
0.5125 0.45 0
0.525 0.45 0
0.5375 0.45 0
0.55 0.45 0
0.5625 0.45 0
0.575 0.45 0
0.5875 0.45 0
0.6 0.45 0
0.6125 0.45 0
0.625 0.45 0
0.6375 0.45 0
0.65 0.45 0
0.6625 0.45 0
0.675 0.45 0
0.6875 0.45 0
0.7 0.45 0
0.7125 0.45 0
0.725 0.45 0
0.7375 0.45 0
0.75 0.45 0
0.7625 0.45 0
0.775 0.45 0
0.7875 0.45 0
0.8 0.45 0
0.8125 0.45 0
0.825 0.45 0
0.8375 0.45 0
0.85 0.45 0
0.8625 0.45 0
0.875 0.45 0
0.8875 0.45 0
0.9 0.45 0
0.9125 0.45 0
0.925 0.45 0
0.9375 0.45 0
0.95 0.45 0
0.9625 0.45 0
0.975 0.45 0
0.9875 0.45 0
0.0125 0.4625 0
0.025 0.4625 0
0.0375 0.4625 0
0.05 0.4625 0
0.0625 0.4625 0
0.075 0.4625 0
0.0875 0.4625 0
0.1 0.4625 0
0.1125 0.4625 0
0.125 0.4625 0
0.1375 0.4625 0
0.15 0.4625 0
0.1625 0.4625 0
0.175 0.4625 0
0.1875 0.4625 0
0.2 0.4625 0
0.2125 0.4625 0
0.225 0.4625 0
0.2375 0.4625 0
0.25 0.4625 0
0.2625 0.4625 0
0.275 0.4625 0
0.2875 0.4625 0
0.3 0.4625 0
0.3125 0.4625 0
0.325 0.4625 0
0.3375 0.4625 0
0.35 0.4625 0
0.3625 0.4625 0
0.375 0.4625 0
0.3875 0.4625 0
0.4 0.4625 0
0.4125 0.4625 0
0.425 0.4625 0
0.4375 0.4625 0
0.45 0.4625 0
0.4625 0.4625 0
0.475 0.4625 0
0.4875 0.4625 0
0.5 0.4625 0
0.5125 0.4625 0
0.525 0.4625 0
0.5375 0.4625 0
0.55 0.4625 0
0.5625 0.4625 0
0.575 0.4625 0
0.5875 0.4625 0
0.6 0.4625 0
0.6125 0.4625 0
0.625 0.4625 0
0.6375 0.4625 0
0.65 0.4625 0
0.6625 0.4625 0
0.675 0.4625 0
0.6875 0.4625 0
0.7 0.4625 0
0.7125 0.4625 0
0.725 0.4625 0
0.7375 0.4625 0
0.75 0.4625 0
0.7625 0.4625 0
0.775 0.4625 0
0.7875 0.4625 0
0.8 0.4625 0
0.8125 0.4625 0
0.825 0.4625 0
0.8375 0.4625 0
0.85 0.4625 0
0.8625 0.4625 0
0.875 0.4625 0
0.8875 0.4625 0
0.9 0.4625 0
0.9125 0.4625 0
0.925 0.4625 0
0.9375 0.4625 0
0.95 0.4625 0
0.9625 0.4625 0
0.975 0.4625 0
0.9875 0.4625 0
0.0125 0.475 0
0.025 0.475 0
0.0375 0.475 0
0.05 0.475 0
0.0625 0.475 0
0.075 0.475 0
0.0875 0.475 0
0.1 0.475 0
0.1125 0.475 0
0.125 0.475 0
0.1375 0.475 0
0.15 0.475 0
0.1625 0.475 0
0.175 0.475 0
0.1875 0.475 0
0.2 0.475 0
0.2125 0.475 0
0.225 0.475 0
0.2375 0.475 0
0.25 0.475 0
0.2625 0.475 0
0.275 0.475 0
0.2875 0.475 0
0.3 0.475 0
0.3125 0.475 0
0.325 0.475 0
0.3375 0.475 0
0.35 0.475 0
0.3625 0.475 0
0.375 0.475 0
0.3875 0.475 0
0.4 0.475 0
0.4125 0.475 0
0.425 0.475 0
0.4375 0.475 0
0.45 0.475 0
0.4625 0.475 0
0.475 0.475 0
0.4875 0.475 0
0.5 0.475 0
0.5125 0.475 0
0.525 0.475 0
0.5375 0.475 0
0.55 0.475 0
0.5625 0.475 0
0.575 0.475 0
0.5875 0.475 0
0.6 0.475 0
0.6125 0.475 0
0.625 0.475 0
0.6375 0.475 0
0.65 0.475 0
0.6625 0.475 0
0.675 0.475 0
0.6875 0.475 0
0.7 0.475 0
0.7125 0.475 0
0.725 0.475 0
0.7375 0.475 0
0.75 0.475 0
0.7625 0.475 0
0.775 0.475 0
0.7875 0.475 0
0.8 0.475 0
0.8125 0.475 0
0.825 0.475 0
0.8375 0.475 0
0.85 0.475 0
0.8625 0.475 0
0.875 0.475 0
0.8875 0.475 0
0.9 0.475 0
0.9125 0.475 0
0.925 0.475 0
0.9375 0.475 0
0.95 0.475 0
0.9625 0.475 0
0.975 0.475 0
0.9875 0.475 0
0.0125 0.4875 0
0.025 0.4875 0
0.0375 0.4875 0
0.05 0.4875 0
0.0625 0.4875 0
0.075 0.4875 0
0.0875 0.4875 0
0.1 0.4875 0
0.1125 0.4875 0
0.125 0.4875 0
0.1375 0.4875 0
0.15 0.4875 0
0.1625 0.4875 0
0.175 0.4875 0
0.1875 0.4875 0
0.2 0.4875 0
0.2125 0.4875 0
0.225 0.4875 0
0.2375 0.4875 0
0.25 0.4875 0
0.2625 0.4875 0
0.275 0.4875 0
0.2875 0.4875 0
0.3 0.4875 0
0.3125 0.4875 0
0.325 0.4875 0
0.3375 0.4875 0
0.35 0.4875 0
0.3625 0.4875 0
0.375 0.4875 0
0.3875 0.4875 0
0.4 0.4875 0
0.4125 0.4875 0
0.425 0.4875 0
0.4375 0.4875 0
0.45 0.4875 0
0.4625 0.4875 0
0.475 0.4875 0
0.4875 0.4875 0
0.5 0.4875 0
0.5125 0.4875 0
0.525 0.4875 0
0.5375 0.4875 0
0.55 0.4875 0
0.5625 0.4875 0
0.575 0.4875 0
0.5875 0.4875 0
0.6 0.4875 0
0.6125 0.4875 0
0.625 0.4875 0
0.6375 0.4875 0
0.65 0.4875 0
0.6625 0.4875 0
0.675 0.4875 0
0.6875 0.4875 0
0.7 0.4875 0
0.7125 0.4875 0
0.725 0.4875 0
0.7375 0.4875 0
0.75 0.4875 0
0.7625 0.4875 0
0.775 0.4875 0
0.7875 0.4875 0
0.8 0.4875 0
0.8125 0.4875 0
0.825 0.4875 0
0.8375 0.4875 0
0.85 0.4875 0
0.8625 0.4875 0
0.875 0.4875 0
0.8875 0.4875 0
0.9 0.4875 0
0.9125 0.4875 0
0.925 0.4875 0
0.9375 0.4875 0
0.95 0.4875 0
0.9625 0.4875 0
0.975 0.4875 0
0.9875 0.4875 0
0.0125 0.5 0
0.025 0.5 0
0.0375 0.5 0
0.05 0.5 0
0.0625 0.5 0
0.075 0.5 0
0.0875 0.5 0
0.1 0.5 0
0.1125 0.5 0
0.125 0.5 0
0.1375 0.5 0
0.15 0.5 0
0.1625 0.5 0
0.175 0.5 0
0.1875 0.5 0
0.2 0.5 0
0.2125 0.5 0
0.225 0.5 0
0.2375 0.5 0
0.25 0.5 0
0.2625 0.5 0
0.275 0.5 0
0.2875 0.5 0
0.3 0.5 0
0.3125 0.5 0
0.325 0.5 0
0.3375 0.5 0
0.35 0.5 0
0.3625 0.5 0
0.375 0.5 0
0.3875 0.5 0
0.4 0.5 0
0.4125 0.5 0
0.425 0.5 0
0.4375 0.5 0
0.45 0.5 0
0.4625 0.5 0
0.475 0.5 0
0.4875 0.5 0
0.5 0.5 0
0.5125 0.5 0
0.525 0.5 0
0.5375 0.5 0
0.55 0.5 0
0.5625 0.5 0
0.575 0.5 0
0.5875 0.5 0
0.6 0.5 0
0.6125 0.5 0
0.625 0.5 0
0.6375 0.5 0
0.65 0.5 0
0.6625 0.5 0
0.675 0.5 0
0.6875 0.5 0
0.7 0.5 0
0.7125 0.5 0
0.725 0.5 0
0.7375 0.5 0
0.75 0.5 0
0.7625 0.5 0
0.775 0.5 0
0.7875 0.5 0
0.8 0.5 0
0.8125 0.5 0
0.825 0.5 0
0.8375 0.5 0
0.85 0.5 0
0.8625 0.5 0
0.875 0.5 0
0.8875 0.5 0
0.9 0.5 0
0.9125 0.5 0
0.925 0.5 0
0.9375 0.5 0
0.95 0.5 0
0.9625 0.5 0
0.975 0.5 0
0.9875 0.5 0
0.0125 0.5125 0
0.025 0.5125 0
0.0375 0.5125 0
0.05 0.5125 0
0.0625 0.5125 0
0.075 0.5125 0
0.0875 0.5125 0
0.1 0.5125 0
0.1125 0.5125 0
0.125 0.5125 0
0.1375 0.5125 0
0.15 0.5125 0
0.1625 0.5125 0
0.175 0.5125 0
0.1875 0.5125 0
0.2 0.5125 0
0.2125 0.5125 0
0.225 0.5125 0
0.2375 0.5125 0
0.25 0.5125 0
0.2625 0.5125 0
0.275 0.5125 0
0.2875 0.5125 0
0.3 0.5125 0
0.3125 0.5125 0
0.325 0.5125 0
0.3375 0.5125 0
0.35 0.5125 0
0.3625 0.5125 0
0.375 0.5125 0
0.3875 0.5125 0
0.4 0.5125 0
0.4125 0.5125 0
0.425 0.5125 0
0.4375 0.5125 0
0.45 0.5125 0
0.4625 0.5125 0
0.475 0.5125 0
0.4875 0.5125 0
0.5 0.5125 0
0.5125 0.5125 0
0.525 0.5125 0
0.5375 0.5125 0
0.55 0.5125 0
0.5625 0.5125 0
0.575 0.5125 0
0.5875 0.5125 0
0.6 0.5125 0
0.6125 0.5125 0
0.625 0.5125 0
0.6375 0.5125 0
0.65 0.5125 0
0.6625 0.5125 0
0.675 0.5125 0
0.6875 0.5125 0
0.7 0.5125 0
0.7125 0.5125 0
0.725 0.5125 0
0.7375 0.5125 0
0.75 0.5125 0
0.7625 0.5125 0
0.775 0.5125 0
0.7875 0.5125 0
0.8 0.5125 0
0.8125 0.5125 0
0.825 0.5125 0
0.8375 0.5125 0
0.85 0.5125 0
0.8625 0.5125 0
0.875 0.5125 0
0.8875 0.5125 0
0.9 0.5125 0
0.9125 0.5125 0
0.925 0.5125 0
0.9375 0.5125 0
0.95 0.5125 0
0.9625 0.5125 0
0.975 0.5125 0
0.9875 0.5125 0
0.0125 0.525 0
0.025 0.525 0
0.0375 0.525 0
0.05 0.525 0
0.0625 0.525 0
0.075 0.525 0
0.0875 0.525 0
0.1 0.525 0
0.1125 0.525 0
0.125 0.525 0
0.1375 0.525 0
0.15 0.525 0
0.1625 0.525 0
0.175 0.525 0
0.1875 0.525 0
0.2 0.525 0
0.2125 0.525 0
0.225 0.525 0
0.2375 0.525 0
0.25 0.525 0
0.2625 0.525 0
0.275 0.525 0
0.2875 0.525 0
0.3 0.525 0
0.3125 0.525 0
0.325 0.525 0
0.3375 0.525 0
0.35 0.525 0
0.3625 0.525 0
0.375 0.525 0
0.3875 0.525 0
0.4 0.525 0
0.4125 0.525 0
0.425 0.525 0
0.4375 0.525 0
0.45 0.525 0
0.4625 0.525 0
0.475 0.525 0
0.4875 0.525 0
0.5 0.525 0
0.5125 0.525 0
0.525 0.525 0
0.5375 0.525 0
0.55 0.525 0
0.5625 0.525 0
0.575 0.525 0
0.5875 0.525 0
0.6 0.525 0
0.6125 0.525 0
0.625 0.525 0
0.6375 0.525 0
0.65 0.525 0
0.6625 0.525 0
0.675 0.525 0
0.6875 0.525 0
0.7 0.525 0
0.7125 0.525 0
0.725 0.525 0
0.7375 0.525 0
0.75 0.525 0
0.7625 0.525 0
0.775 0.525 0
0.7875 0.525 0
0.8 0.525 0
0.8125 0.525 0
0.825 0.525 0
0.8375 0.525 0
0.85 0.525 0
0.8625 0.525 0
0.875 0.525 0
0.8875 0.525 0
0.9 0.525 0
0.9125 0.525 0
0.925 0.525 0
0.9375 0.525 0
0.95 0.525 0
0.9625 0.525 0
0.975 0.525 0
0.9875 0.525 0
0.0125 0.5375 0
0.025 0.5375 0
0.0375 0.5375 0
0.05 0.5375 0
0.0625 0.5375 0
0.075 0.5375 0
0.0875 0.5375 0
0.1 0.5375 0
0.1125 0.5375 0
0.125 0.5375 0
0.1375 0.5375 0
0.15 0.5375 0
0.1625 0.5375 0
0.175 0.5375 0
0.1875 0.5375 0
0.2 0.5375 0
0.2125 0.5375 0
0.225 0.5375 0
0.2375 0.5375 0
0.25 0.5375 0
0.2625 0.5375 0
0.275 0.5375 0
0.2875 0.5375 0
0.3 0.5375 0
0.3125 0.5375 0
0.325 0.5375 0
0.3375 0.5375 0
0.35 0.5375 0
0.3625 0.5375 0
0.375 0.5375 0
0.3875 0.5375 0
0.4 0.5375 0
0.4125 0.5375 0
0.425 0.5375 0
0.4375 0.5375 0
0.45 0.5375 0
0.4625 0.5375 0
0.475 0.5375 0
0.4875 0.5375 0
0.5 0.5375 0
0.5125 0.5375 0
0.525 0.5375 0
0.5375 0.5375 0
0.55 0.5375 0
0.5625 0.5375 0
0.575 0.5375 0
0.5875 0.5375 0
0.6 0.5375 0
0.6125 0.5375 0
0.625 0.5375 0
0.6375 0.5375 0
0.65 0.5375 0
0.6625 0.5375 0
0.675 0.5375 0
0.6875 0.5375 0
0.7 0.5375 0
0.7125 0.5375 0
0.725 0.5375 0
0.7375 0.5375 0
0.75 0.5375 0
0.7625 0.5375 0
0.775 0.5375 0
0.7875 0.5375 0
0.8 0.5375 0
0.8125 0.5375 0
0.825 0.5375 0
0.8375 0.5375 0
0.85 0.5375 0
0.8625 0.5375 0
0.875 0.5375 0
0.8875 0.5375 0
0.9 0.5375 0
0.9125 0.5375 0
0.925 0.5375 0
0.9375 0.5375 0
0.95 0.5375 0
0.9625 0.5375 0
0.975 0.5375 0
0.9875 0.5375 0
0.0125 0.55 0
0.025 0.55 0
0.0375 0.55 0
0.05 0.55 0
0.0625 0.55 0
0.075 0.55 0
0.0875 0.55 0
0.1 0.55 0
0.1125 0.55 0
0.125 0.55 0
0.1375 0.55 0
0.15 0.55 0
0.1625 0.55 0
0.175 0.55 0
0.1875 0.55 0
0.2 0.55 0
0.2125 0.55 0
0.225 0.55 0
0.2375 0.55 0
0.25 0.55 0
0.2625 0.55 0
0.275 0.55 0
0.2875 0.55 0
0.3 0.55 0
0.3125 0.55 0
0.325 0.55 0
0.3375 0.55 0
0.35 0.55 0
0.3625 0.55 0
0.375 0.55 0
0.3875 0.55 0
0.4 0.55 0
0.4125 0.55 0
0.425 0.55 0
0.4375 0.55 0
0.45 0.55 0
0.4625 0.55 0
0.475 0.55 0
0.4875 0.55 0
0.5 0.55 0
0.5125 0.55 0
0.525 0.55 0
0.5375 0.55 0
0.55 0.55 0
0.5625 0.55 0
0.575 0.55 0
0.5875 0.55 0
0.6 0.55 0
0.6125 0.55 0
0.625 0.55 0
0.6375 0.55 0
0.65 0.55 0
0.6625 0.55 0
0.675 0.55 0
0.6875 0.55 0
0.7 0.55 0
0.7125 0.55 0
0.725 0.55 0
0.7375 0.55 0
0.75 0.55 0
0.7625 0.55 0
0.775 0.55 0
0.7875 0.55 0
0.8 0.55 0
0.8125 0.55 0
0.825 0.55 0
0.8375 0.55 0
0.85 0.55 0
0.8625 0.55 0
0.875 0.55 0
0.8875 0.55 0
0.9 0.55 0
0.9125 0.55 0
0.925 0.55 0
0.9375 0.55 0
0.95 0.55 0
0.9625 0.55 0
0.975 0.55 0
0.9875 0.55 0
0.0125 0.5625 0
0.025 0.5625 0
0.0375 0.5625 0
0.05 0.5625 0
0.0625 0.5625 0
0.075 0.5625 0
0.0875 0.5625 0
0.1 0.5625 0
0.1125 0.5625 0
0.125 0.5625 0
0.1375 0.5625 0
0.15 0.5625 0
0.1625 0.5625 0
0.175 0.5625 0
0.1875 0.5625 0
0.2 0.5625 0
0.2125 0.5625 0
0.225 0.5625 0
0.2375 0.5625 0
0.25 0.5625 0
0.2625 0.5625 0
0.275 0.5625 0
0.2875 0.5625 0
0.3 0.5625 0
0.3125 0.5625 0
0.325 0.5625 0
0.3375 0.5625 0
0.35 0.5625 0
0.3625 0.5625 0
0.375 0.5625 0
0.3875 0.5625 0
0.4 0.5625 0
0.4125 0.5625 0
0.425 0.5625 0
0.4375 0.5625 0
0.45 0.5625 0
0.4625 0.5625 0
0.475 0.5625 0
0.4875 0.5625 0
0.5 0.5625 0
0.5125 0.5625 0
0.525 0.5625 0
0.5375 0.5625 0
0.55 0.5625 0
0.5625 0.5625 0
0.575 0.5625 0
0.5875 0.5625 0
0.6 0.5625 0
0.6125 0.5625 0
0.625 0.5625 0
0.6375 0.5625 0
0.65 0.5625 0
0.6625 0.5625 0
0.675 0.5625 0
0.6875 0.5625 0
0.7 0.5625 0
0.7125 0.5625 0
0.725 0.5625 0
0.7375 0.5625 0
0.75 0.5625 0
0.7625 0.5625 0
0.775 0.5625 0
0.7875 0.5625 0
0.8 0.5625 0
0.8125 0.5625 0
0.825 0.5625 0
0.8375 0.5625 0
0.85 0.5625 0
0.8625 0.5625 0
0.875 0.5625 0
0.8875 0.5625 0
0.9 0.5625 0
0.9125 0.5625 0
0.925 0.5625 0
0.9375 0.5625 0
0.95 0.5625 0
0.9625 0.5625 0
0.975 0.5625 0
0.9875 0.5625 0
0.0125 0.575 0
0.025 0.575 0
0.0375 0.575 0
0.05 0.575 0
0.0625 0.575 0
0.075 0.575 0
0.0875 0.575 0
0.1 0.575 0
0.1125 0.575 0
0.125 0.575 0
0.1375 0.575 0
0.15 0.575 0
0.1625 0.575 0
0.175 0.575 0
0.1875 0.575 0
0.2 0.575 0
0.2125 0.575 0
0.225 0.575 0
0.2375 0.575 0
0.25 0.575 0
0.2625 0.575 0
0.275 0.575 0
0.2875 0.575 0
0.3 0.575 0
0.3125 0.575 0
0.325 0.575 0
0.3375 0.575 0
0.35 0.575 0
0.3625 0.575 0
0.375 0.575 0
0.3875 0.575 0
0.4 0.575 0
0.4125 0.575 0
0.425 0.575 0
0.4375 0.575 0
0.45 0.575 0
0.4625 0.575 0
0.475 0.575 0
0.4875 0.575 0
0.5 0.575 0
0.5125 0.575 0
0.525 0.575 0
0.5375 0.575 0
0.55 0.575 0
0.5625 0.575 0
0.575 0.575 0
0.5875 0.575 0
0.6 0.575 0
0.6125 0.575 0
0.625 0.575 0
0.6375 0.575 0
0.65 0.575 0
0.6625 0.575 0
0.675 0.575 0
0.6875 0.575 0
0.7 0.575 0
0.7125 0.575 0
0.725 0.575 0
0.7375 0.575 0
0.75 0.575 0
0.7625 0.575 0
0.775 0.575 0
0.7875 0.575 0
0.8 0.575 0
0.8125 0.575 0
0.825 0.575 0
0.8375 0.575 0
0.85 0.575 0
0.8625 0.575 0
0.875 0.575 0
0.8875 0.575 0
0.9 0.575 0
0.9125 0.575 0
0.925 0.575 0
0.9375 0.575 0
0.95 0.575 0
0.9625 0.575 0
0.975 0.575 0
0.9875 0.575 0
0.0125 0.5875 0
0.025 0.5875 0
0.0375 0.5875 0
0.05 0.5875 0
0.0625 0.5875 0
0.075 0.5875 0
0.0875 0.5875 0
0.1 0.5875 0
0.1125 0.5875 0
0.125 0.5875 0
0.1375 0.5875 0
0.15 0.5875 0
0.1625 0.5875 0
0.175 0.5875 0
0.1875 0.5875 0
0.2 0.5875 0
0.2125 0.5875 0
0.225 0.5875 0
0.2375 0.5875 0
0.25 0.5875 0
0.2625 0.5875 0
0.275 0.5875 0
0.2875 0.5875 0
0.3 0.5875 0
0.3125 0.5875 0
0.325 0.5875 0
0.3375 0.5875 0
0.35 0.5875 0
0.3625 0.5875 0
0.375 0.5875 0
0.3875 0.5875 0
0.4 0.5875 0
0.4125 0.5875 0
0.425 0.5875 0
0.4375 0.5875 0
0.45 0.5875 0
0.4625 0.5875 0
0.475 0.5875 0
0.4875 0.5875 0
0.5 0.5875 0
0.5125 0.5875 0
0.525 0.5875 0
0.5375 0.5875 0
0.55 0.5875 0
0.5625 0.5875 0
0.575 0.5875 0
0.5875 0.5875 0
0.6 0.5875 0
0.6125 0.5875 0
0.625 0.5875 0
0.6375 0.5875 0
0.65 0.5875 0
0.6625 0.5875 0
0.675 0.5875 0
0.6875 0.5875 0
0.7 0.5875 0
0.7125 0.5875 0
0.725 0.5875 0
0.7375 0.5875 0
0.75 0.5875 0
0.7625 0.5875 0
0.775 0.5875 0
0.7875 0.5875 0
0.8 0.5875 0
0.8125 0.5875 0
0.825 0.5875 0
0.8375 0.5875 0
0.85 0.5875 0
0.8625 0.5875 0
0.875 0.5875 0
0.8875 0.5875 0
0.9 0.5875 0
0.9125 0.5875 0
0.925 0.5875 0
0.9375 0.5875 0
0.95 0.5875 0
0.9625 0.5875 0
0.975 0.5875 0
0.9875 0.5875 0
0.0125 0.6 0
0.025 0.6 0
0.0375 0.6 0
0.05 0.6 0
0.0625 0.6 0
0.075 0.6 0
0.0875 0.6 0
0.1 0.6 0
0.1125 0.6 0
0.125 0.6 0
0.1375 0.6 0
0.15 0.6 0
0.1625 0.6 0
0.175 0.6 0
0.1875 0.6 0
0.2 0.6 0
0.2125 0.6 0
0.225 0.6 0
0.2375 0.6 0
0.25 0.6 0
0.2625 0.6 0
0.275 0.6 0
0.2875 0.6 0
0.3 0.6 0
0.3125 0.6 0
0.325 0.6 0
0.3375 0.6 0
0.35 0.6 0
0.3625 0.6 0
0.375 0.6 0
0.3875 0.6 0
0.4 0.6 0
0.4125 0.6 0
0.425 0.6 0
0.4375 0.6 0
0.45 0.6 0
0.4625 0.6 0
0.475 0.6 0
0.4875 0.6 0
0.5 0.6 0
0.5125 0.6 0
0.525 0.6 0
0.5375 0.6 0
0.55 0.6 0
0.5625 0.6 0
0.575 0.6 0
0.5875 0.6 0
0.6 0.6 0
0.6125 0.6 0
0.625 0.6 0
0.6375 0.6 0
0.65 0.6 0
0.6625 0.6 0
0.675 0.6 0
0.6875 0.6 0
0.7 0.6 0
0.7125 0.6 0
0.725 0.6 0
0.7375 0.6 0
0.75 0.6 0
0.7625 0.6 0
0.775 0.6 0
0.7875 0.6 0
0.8 0.6 0
0.8125 0.6 0
0.825 0.6 0
0.8375 0.6 0
0.85 0.6 0
0.8625 0.6 0
0.875 0.6 0
0.8875 0.6 0
0.9 0.6 0
0.9125 0.6 0
0.925 0.6 0
0.9375 0.6 0
0.95 0.6 0
0.9625 0.6 0
0.975 0.6 0
0.9875 0.6 0
0.0125 0.6125 0
0.025 0.6125 0
0.0375 0.6125 0
0.05 0.6125 0
0.0625 0.6125 0
0.075 0.6125 0
0.0875 0.6125 0
0.1 0.6125 0
0.1125 0.6125 0
0.125 0.6125 0
0.1375 0.6125 0
0.15 0.6125 0
0.1625 0.6125 0
0.175 0.6125 0
0.1875 0.6125 0
0.2 0.6125 0
0.2125 0.6125 0
0.225 0.6125 0
0.2375 0.6125 0
0.25 0.6125 0
0.2625 0.6125 0
0.275 0.6125 0
0.2875 0.6125 0
0.3 0.6125 0
0.3125 0.6125 0
0.325 0.6125 0
0.3375 0.6125 0
0.35 0.6125 0
0.3625 0.6125 0
0.375 0.6125 0
0.3875 0.6125 0
0.4 0.6125 0
0.4125 0.6125 0
0.425 0.6125 0
0.4375 0.6125 0
0.45 0.6125 0
0.4625 0.6125 0
0.475 0.6125 0
0.4875 0.6125 0
0.5 0.6125 0
0.5125 0.6125 0
0.525 0.6125 0
0.5375 0.6125 0
0.55 0.6125 0
0.5625 0.6125 0
0.575 0.6125 0
0.5875 0.6125 0
0.6 0.6125 0
0.6125 0.6125 0
0.625 0.6125 0
0.6375 0.6125 0
0.65 0.6125 0
0.6625 0.6125 0
0.675 0.6125 0
0.6875 0.6125 0
0.7 0.6125 0
0.7125 0.6125 0
0.725 0.6125 0
0.7375 0.6125 0
0.75 0.6125 0
0.7625 0.6125 0
0.775 0.6125 0
0.7875 0.6125 0
0.8 0.6125 0
0.8125 0.6125 0
0.825 0.6125 0
0.8375 0.6125 0
0.85 0.6125 0
0.8625 0.6125 0
0.875 0.6125 0
0.8875 0.6125 0
0.9 0.6125 0
0.9125 0.6125 0
0.925 0.6125 0
0.9375 0.6125 0
0.95 0.6125 0
0.9625 0.6125 0
0.975 0.6125 0
0.9875 0.6125 0
0.0125 0.625 0
0.025 0.625 0
0.0375 0.625 0
0.05 0.625 0
0.0625 0.625 0
0.075 0.625 0
0.0875 0.625 0
0.1 0.625 0
0.1125 0.625 0
0.125 0.625 0
0.1375 0.625 0
0.15 0.625 0
0.1625 0.625 0
0.175 0.625 0
0.1875 0.625 0
0.2 0.625 0
0.2125 0.625 0
0.225 0.625 0
0.2375 0.625 0
0.25 0.625 0
0.2625 0.625 0
0.275 0.625 0
0.2875 0.625 0
0.3 0.625 0
0.3125 0.625 0
0.325 0.625 0
0.3375 0.625 0
0.35 0.625 0
0.3625 0.625 0
0.375 0.625 0
0.3875 0.625 0
0.4 0.625 0
0.4125 0.625 0
0.425 0.625 0
0.4375 0.625 0
0.45 0.625 0
0.4625 0.625 0
0.475 0.625 0
0.4875 0.625 0
0.5 0.625 0
0.5125 0.625 0
0.525 0.625 0
0.5375 0.625 0
0.55 0.625 0
0.5625 0.625 0
0.575 0.625 0
0.5875 0.625 0
0.6 0.625 0
0.6125 0.625 0
0.625 0.625 0
0.6375 0.625 0
0.65 0.625 0
0.6625 0.625 0
0.675 0.625 0
0.6875 0.625 0
0.7 0.625 0
0.7125 0.625 0
0.725 0.625 0
0.7375 0.625 0
0.75 0.625 0
0.7625 0.625 0
0.775 0.625 0
0.7875 0.625 0
0.8 0.625 0
0.8125 0.625 0
0.825 0.625 0
0.8375 0.625 0
0.85 0.625 0
0.8625 0.625 0
0.875 0.625 0
0.8875 0.625 0
0.9 0.625 0
0.9125 0.625 0
0.925 0.625 0
0.9375 0.625 0
0.95 0.625 0
0.9625 0.625 0
0.975 0.625 0
0.9875 0.625 0
0.0125 0.6375 0
0.025 0.6375 0
0.0375 0.6375 0
0.05 0.6375 0
0.0625 0.6375 0
0.075 0.6375 0
0.0875 0.6375 0
0.1 0.6375 0
0.1125 0.6375 0
0.125 0.6375 0
0.1375 0.6375 0
0.15 0.6375 0
0.1625 0.6375 0
0.175 0.6375 0
0.1875 0.6375 0
0.2 0.6375 0
0.2125 0.6375 0
0.225 0.6375 0
0.2375 0.6375 0
0.25 0.6375 0
0.2625 0.6375 0
0.275 0.6375 0
0.2875 0.6375 0
0.3 0.6375 0
0.3125 0.6375 0
0.325 0.6375 0
0.3375 0.6375 0
0.35 0.6375 0
0.3625 0.6375 0
0.375 0.6375 0
0.3875 0.6375 0
0.4 0.6375 0
0.4125 0.6375 0
0.425 0.6375 0
0.4375 0.6375 0
0.45 0.6375 0
0.4625 0.6375 0
0.475 0.6375 0
0.4875 0.6375 0
0.5 0.6375 0
0.5125 0.6375 0
0.525 0.6375 0
0.5375 0.6375 0
0.55 0.6375 0
0.5625 0.6375 0
0.575 0.6375 0
0.5875 0.6375 0
0.6 0.6375 0
0.6125 0.6375 0
0.625 0.6375 0
0.6375 0.6375 0
0.65 0.6375 0
0.6625 0.6375 0
0.675 0.6375 0
0.6875 0.6375 0
0.7 0.6375 0
0.7125 0.6375 0
0.725 0.6375 0
0.7375 0.6375 0
0.75 0.6375 0
0.7625 0.6375 0
0.775 0.6375 0
0.7875 0.6375 0
0.8 0.6375 0
0.8125 0.6375 0
0.825 0.6375 0
0.8375 0.6375 0
0.85 0.6375 0
0.8625 0.6375 0
0.875 0.6375 0
0.8875 0.6375 0
0.9 0.6375 0
0.9125 0.6375 0
0.925 0.6375 0
0.9375 0.6375 0
0.95 0.6375 0
0.9625 0.6375 0
0.975 0.6375 0
0.9875 0.6375 0
0.0125 0.65 0
0.025 0.65 0
0.0375 0.65 0
0.05 0.65 0
0.0625 0.65 0
0.075 0.65 0
0.0875 0.65 0
0.1 0.65 0
0.1125 0.65 0
0.125 0.65 0
0.1375 0.65 0
0.15 0.65 0
0.1625 0.65 0
0.175 0.65 0
0.1875 0.65 0
0.2 0.65 0
0.2125 0.65 0
0.225 0.65 0
0.2375 0.65 0
0.25 0.65 0
0.2625 0.65 0
0.275 0.65 0
0.2875 0.65 0
0.3 0.65 0
0.3125 0.65 0
0.325 0.65 0
0.3375 0.65 0
0.35 0.65 0
0.3625 0.65 0
0.375 0.65 0
0.3875 0.65 0
0.4 0.65 0
0.4125 0.65 0
0.425 0.65 0
0.4375 0.65 0
0.45 0.65 0
0.4625 0.65 0
0.475 0.65 0
0.4875 0.65 0
0.5 0.65 0
0.5125 0.65 0
0.525 0.65 0
0.5375 0.65 0
0.55 0.65 0
0.5625 0.65 0
0.575 0.65 0
0.5875 0.65 0
0.6 0.65 0
0.6125 0.65 0
0.625 0.65 0
0.6375 0.65 0
0.65 0.65 0
0.6625 0.65 0
0.675 0.65 0
0.6875 0.65 0
0.7 0.65 0
0.7125 0.65 0
0.725 0.65 0
0.7375 0.65 0
0.75 0.65 0
0.7625 0.65 0
0.775 0.65 0
0.7875 0.65 0
0.8 0.65 0
0.8125 0.65 0
0.825 0.65 0
0.8375 0.65 0
0.85 0.65 0
0.8625 0.65 0
0.875 0.65 0
0.8875 0.65 0
0.9 0.65 0
0.9125 0.65 0
0.925 0.65 0
0.9375 0.65 0
0.95 0.65 0
0.9625 0.65 0
0.975 0.65 0
0.9875 0.65 0
0.0125 0.6625 0
0.025 0.6625 0
0.0375 0.6625 0
0.05 0.6625 0
0.0625 0.6625 0
0.075 0.6625 0
0.0875 0.6625 0
0.1 0.6625 0
0.1125 0.6625 0
0.125 0.6625 0
0.1375 0.6625 0
0.15 0.6625 0
0.1625 0.6625 0
0.175 0.6625 0
0.1875 0.6625 0
0.2 0.6625 0
0.2125 0.6625 0
0.225 0.6625 0
0.2375 0.6625 0
0.25 0.6625 0
0.2625 0.6625 0
0.275 0.6625 0
0.2875 0.6625 0
0.3 0.6625 0
0.3125 0.6625 0
0.325 0.6625 0
0.3375 0.6625 0
0.35 0.6625 0
0.3625 0.6625 0
0.375 0.6625 0
0.3875 0.6625 0
0.4 0.6625 0
0.4125 0.6625 0
0.425 0.6625 0
0.4375 0.6625 0
0.45 0.6625 0
0.4625 0.6625 0
0.475 0.6625 0
0.4875 0.6625 0
0.5 0.6625 0
0.5125 0.6625 0
0.525 0.6625 0
0.5375 0.6625 0
0.55 0.6625 0
0.5625 0.6625 0
0.575 0.6625 0
0.5875 0.6625 0
0.6 0.6625 0
0.6125 0.6625 0
0.625 0.6625 0
0.6375 0.6625 0
0.65 0.6625 0
0.6625 0.6625 0
0.675 0.6625 0
0.6875 0.6625 0
0.7 0.6625 0
0.7125 0.6625 0
0.725 0.6625 0
0.7375 0.6625 0
0.75 0.6625 0
0.7625 0.6625 0
0.775 0.6625 0
0.7875 0.6625 0
0.8 0.6625 0
0.8125 0.6625 0
0.825 0.6625 0
0.8375 0.6625 0
0.85 0.6625 0
0.8625 0.6625 0
0.875 0.6625 0
0.8875 0.6625 0
0.9 0.6625 0
0.9125 0.6625 0
0.925 0.6625 0
0.9375 0.6625 0
0.95 0.6625 0
0.9625 0.6625 0
0.975 0.6625 0
0.9875 0.6625 0
0.0125 0.675 0
0.025 0.675 0
0.0375 0.675 0
0.05 0.675 0
0.0625 0.675 0
0.075 0.675 0
0.0875 0.675 0
0.1 0.675 0
0.1125 0.675 0
0.125 0.675 0
0.1375 0.675 0
0.15 0.675 0
0.1625 0.675 0
0.175 0.675 0
0.1875 0.675 0
0.2 0.675 0
0.2125 0.675 0
0.225 0.675 0
0.2375 0.675 0
0.25 0.675 0
0.2625 0.675 0
0.275 0.675 0
0.2875 0.675 0
0.3 0.675 0
0.3125 0.675 0
0.325 0.675 0
0.3375 0.675 0
0.35 0.675 0
0.3625 0.675 0
0.375 0.675 0
0.3875 0.675 0
0.4 0.675 0
0.4125 0.675 0
0.425 0.675 0
0.4375 0.675 0
0.45 0.675 0
0.4625 0.675 0
0.475 0.675 0
0.4875 0.675 0
0.5 0.675 0
0.5125 0.675 0
0.525 0.675 0
0.5375 0.675 0
0.55 0.675 0
0.5625 0.675 0
0.575 0.675 0
0.5875 0.675 0
0.6 0.675 0
0.6125 0.675 0
0.625 0.675 0
0.6375 0.675 0
0.65 0.675 0
0.6625 0.675 0
0.675 0.675 0
0.6875 0.675 0
0.7 0.675 0
0.7125 0.675 0
0.725 0.675 0
0.7375 0.675 0
0.75 0.675 0
0.7625 0.675 0
0.775 0.675 0
0.7875 0.675 0
0.8 0.675 0
0.8125 0.675 0
0.825 0.675 0
0.8375 0.675 0
0.85 0.675 0
0.8625 0.675 0
0.875 0.675 0
0.8875 0.675 0
0.9 0.675 0
0.9125 0.675 0
0.925 0.675 0
0.9375 0.675 0
0.95 0.675 0
0.9625 0.675 0
0.975 0.675 0
0.9875 0.675 0
0.0125 0.6875 0
0.025 0.6875 0
0.0375 0.6875 0
0.05 0.6875 0
0.0625 0.6875 0
0.075 0.6875 0
0.0875 0.6875 0
0.1 0.6875 0
0.1125 0.6875 0
0.125 0.6875 0
0.1375 0.6875 0
0.15 0.6875 0
0.1625 0.6875 0
0.175 0.6875 0
0.1875 0.6875 0
0.2 0.6875 0
0.2125 0.6875 0
0.225 0.6875 0
0.2375 0.6875 0
0.25 0.6875 0
0.2625 0.6875 0
0.275 0.6875 0
0.2875 0.6875 0
0.3 0.6875 0
0.3125 0.6875 0
0.325 0.6875 0
0.3375 0.6875 0
0.35 0.6875 0
0.3625 0.6875 0
0.375 0.6875 0
0.3875 0.6875 0
0.4 0.6875 0
0.4125 0.6875 0
0.425 0.6875 0
0.4375 0.6875 0
0.45 0.6875 0
0.4625 0.6875 0
0.475 0.6875 0
0.4875 0.6875 0
0.5 0.6875 0
0.5125 0.6875 0
0.525 0.6875 0
0.5375 0.6875 0
0.55 0.6875 0
0.5625 0.6875 0
0.575 0.6875 0
0.5875 0.6875 0
0.6 0.6875 0
0.6125 0.6875 0
0.625 0.6875 0
0.6375 0.6875 0
0.65 0.6875 0
0.6625 0.6875 0
0.675 0.6875 0
0.6875 0.6875 0
0.7 0.6875 0
0.7125 0.6875 0
0.725 0.6875 0
0.7375 0.6875 0
0.75 0.6875 0
0.7625 0.6875 0
0.775 0.6875 0
0.7875 0.6875 0
0.8 0.6875 0
0.8125 0.6875 0
0.825 0.6875 0
0.8375 0.6875 0
0.85 0.6875 0
0.8625 0.6875 0
0.875 0.6875 0
0.8875 0.6875 0
0.9 0.6875 0
0.9125 0.6875 0
0.925 0.6875 0
0.9375 0.6875 0
0.95 0.6875 0
0.9625 0.6875 0
0.975 0.6875 0
0.9875 0.6875 0
0.0125 0.7 0
0.025 0.7 0
0.0375 0.7 0
0.05 0.7 0
0.0625 0.7 0
0.075 0.7 0
0.0875 0.7 0
0.1 0.7 0
0.1125 0.7 0
0.125 0.7 0
0.1375 0.7 0
0.15 0.7 0
0.1625 0.7 0
0.175 0.7 0
0.1875 0.7 0
0.2 0.7 0
0.2125 0.7 0
0.225 0.7 0
0.2375 0.7 0
0.25 0.7 0
0.2625 0.7 0
0.275 0.7 0
0.2875 0.7 0
0.3 0.7 0
0.3125 0.7 0
0.325 0.7 0
0.3375 0.7 0
0.35 0.7 0
0.3625 0.7 0
0.375 0.7 0
0.3875 0.7 0
0.4 0.7 0
0.4125 0.7 0
0.425 0.7 0
0.4375 0.7 0
0.45 0.7 0
0.4625 0.7 0
0.475 0.7 0
0.4875 0.7 0
0.5 0.7 0
0.5125 0.7 0
0.525 0.7 0
0.5375 0.7 0
0.55 0.7 0
0.5625 0.7 0
0.575 0.7 0
0.5875 0.7 0
0.6 0.7 0
0.6125 0.7 0
0.625 0.7 0
0.6375 0.7 0
0.65 0.7 0
0.6625 0.7 0
0.675 0.7 0
0.6875 0.7 0
0.7 0.7 0
0.7125 0.7 0
0.725 0.7 0
0.7375 0.7 0
0.75 0.7 0
0.7625 0.7 0
0.775 0.7 0
0.7875 0.7 0
0.8 0.7 0
0.8125 0.7 0
0.825 0.7 0
0.8375 0.7 0
0.85 0.7 0
0.8625 0.7 0
0.875 0.7 0
0.8875 0.7 0
0.9 0.7 0
0.9125 0.7 0
0.925 0.7 0
0.9375 0.7 0
0.95 0.7 0
0.9625 0.7 0
0.975 0.7 0
0.9875 0.7 0
0.0125 0.7125 0
0.025 0.7125 0
0.0375 0.7125 0
0.05 0.7125 0
0.0625 0.7125 0
0.075 0.7125 0
0.0875 0.7125 0
0.1 0.7125 0
0.1125 0.7125 0
0.125 0.7125 0
0.1375 0.7125 0
0.15 0.7125 0
0.1625 0.7125 0
0.175 0.7125 0
0.1875 0.7125 0
0.2 0.7125 0
0.2125 0.7125 0
0.225 0.7125 0
0.2375 0.7125 0
0.25 0.7125 0
0.2625 0.7125 0
0.275 0.7125 0
0.2875 0.7125 0
0.3 0.7125 0
0.3125 0.7125 0
0.325 0.7125 0
0.3375 0.7125 0
0.35 0.7125 0
0.3625 0.7125 0
0.375 0.7125 0
0.3875 0.7125 0
0.4 0.7125 0
0.4125 0.7125 0
0.425 0.7125 0
0.4375 0.7125 0
0.45 0.7125 0
0.4625 0.7125 0
0.475 0.7125 0
0.4875 0.7125 0
0.5 0.7125 0
0.5125 0.7125 0
0.525 0.7125 0
0.5375 0.7125 0
0.55 0.7125 0
0.5625 0.7125 0
0.575 0.7125 0
0.5875 0.7125 0
0.6 0.7125 0
0.6125 0.7125 0
0.625 0.7125 0
0.6375 0.7125 0
0.65 0.7125 0
0.6625 0.7125 0
0.675 0.7125 0
0.6875 0.7125 0
0.7 0.7125 0
0.7125 0.7125 0
0.725 0.7125 0
0.7375 0.7125 0
0.75 0.7125 0
0.7625 0.7125 0
0.775 0.7125 0
0.7875 0.7125 0
0.8 0.7125 0
0.8125 0.7125 0
0.825 0.7125 0
0.8375 0.7125 0
0.85 0.7125 0
0.8625 0.7125 0
0.875 0.7125 0
0.8875 0.7125 0
0.9 0.7125 0
0.9125 0.7125 0
0.925 0.7125 0
0.9375 0.7125 0
0.95 0.7125 0
0.9625 0.7125 0
0.975 0.7125 0
0.9875 0.7125 0
0.0125 0.725 0
0.025 0.725 0
0.0375 0.725 0
0.05 0.725 0
0.0625 0.725 0
0.075 0.725 0
0.0875 0.725 0
0.1 0.725 0
0.1125 0.725 0
0.125 0.725 0
0.1375 0.725 0
0.15 0.725 0
0.1625 0.725 0
0.175 0.725 0
0.1875 0.725 0
0.2 0.725 0
0.2125 0.725 0
0.225 0.725 0
0.2375 0.725 0
0.25 0.725 0
0.2625 0.725 0
0.275 0.725 0
0.2875 0.725 0
0.3 0.725 0
0.3125 0.725 0
0.325 0.725 0
0.3375 0.725 0
0.35 0.725 0
0.3625 0.725 0
0.375 0.725 0
0.3875 0.725 0
0.4 0.725 0
0.4125 0.725 0
0.425 0.725 0
0.4375 0.725 0
0.45 0.725 0
0.4625 0.725 0
0.475 0.725 0
0.4875 0.725 0
0.5 0.725 0
0.5125 0.725 0
0.525 0.725 0
0.5375 0.725 0
0.55 0.725 0
0.5625 0.725 0
0.575 0.725 0
0.5875 0.725 0
0.6 0.725 0
0.6125 0.725 0
0.625 0.725 0
0.6375 0.725 0
0.65 0.725 0
0.6625 0.725 0
0.675 0.725 0
0.6875 0.725 0
0.7 0.725 0
0.7125 0.725 0
0.725 0.725 0
0.7375 0.725 0
0.75 0.725 0
0.7625 0.725 0
0.775 0.725 0
0.7875 0.725 0
0.8 0.725 0
0.8125 0.725 0
0.825 0.725 0
0.8375 0.725 0
0.85 0.725 0
0.8625 0.725 0
0.875 0.725 0
0.8875 0.725 0
0.9 0.725 0
0.9125 0.725 0
0.925 0.725 0
0.9375 0.725 0
0.95 0.725 0
0.9625 0.725 0
0.975 0.725 0
0.9875 0.725 0
0.0125 0.7375 0
0.025 0.7375 0
0.0375 0.7375 0
0.05 0.7375 0
0.0625 0.7375 0
0.075 0.7375 0
0.0875 0.7375 0
0.1 0.7375 0
0.1125 0.7375 0
0.125 0.7375 0
0.1375 0.7375 0
0.15 0.7375 0
0.1625 0.7375 0
0.175 0.7375 0
0.1875 0.7375 0
0.2 0.7375 0
0.2125 0.7375 0
0.225 0.7375 0
0.2375 0.7375 0
0.25 0.7375 0
0.2625 0.7375 0
0.275 0.7375 0
0.2875 0.7375 0
0.3 0.7375 0
0.3125 0.7375 0
0.325 0.7375 0
0.3375 0.7375 0
0.35 0.7375 0
0.3625 0.7375 0
0.375 0.7375 0
0.3875 0.7375 0
0.4 0.7375 0
0.4125 0.7375 0
0.425 0.7375 0
0.4375 0.7375 0
0.45 0.7375 0
0.4625 0.7375 0
0.475 0.7375 0
0.4875 0.7375 0
0.5 0.7375 0
0.5125 0.7375 0
0.525 0.7375 0
0.5375 0.7375 0
0.55 0.7375 0
0.5625 0.7375 0
0.575 0.7375 0
0.5875 0.7375 0
0.6 0.7375 0
0.6125 0.7375 0
0.625 0.7375 0
0.6375 0.7375 0
0.65 0.7375 0
0.6625 0.7375 0
0.675 0.7375 0
0.6875 0.7375 0
0.7 0.7375 0
0.7125 0.7375 0
0.725 0.7375 0
0.7375 0.7375 0
0.75 0.7375 0
0.7625 0.7375 0
0.775 0.7375 0
0.7875 0.7375 0
0.8 0.7375 0
0.8125 0.7375 0
0.825 0.7375 0
0.8375 0.7375 0
0.85 0.7375 0
0.8625 0.7375 0
0.875 0.7375 0
0.8875 0.7375 0
0.9 0.7375 0
0.9125 0.7375 0
0.925 0.7375 0
0.9375 0.7375 0
0.95 0.7375 0
0.9625 0.7375 0
0.975 0.7375 0
0.9875 0.7375 0
0.0125 0.75 0
0.025 0.75 0
0.0375 0.75 0
0.05 0.75 0
0.0625 0.75 0
0.075 0.75 0
0.0875 0.75 0
0.1 0.75 0
0.1125 0.75 0
0.125 0.75 0
0.1375 0.75 0
0.15 0.75 0
0.1625 0.75 0
0.175 0.75 0
0.1875 0.75 0
0.2 0.75 0
0.2125 0.75 0
0.225 0.75 0
0.2375 0.75 0
0.25 0.75 0
0.2625 0.75 0
0.275 0.75 0
0.2875 0.75 0
0.3 0.75 0
0.3125 0.75 0
0.325 0.75 0
0.3375 0.75 0
0.35 0.75 0
0.3625 0.75 0
0.375 0.75 0
0.3875 0.75 0
0.4 0.75 0
0.4125 0.75 0
0.425 0.75 0
0.4375 0.75 0
0.45 0.75 0
0.4625 0.75 0
0.475 0.75 0
0.4875 0.75 0
0.5 0.75 0
0.5125 0.75 0
0.525 0.75 0
0.5375 0.75 0
0.55 0.75 0
0.5625 0.75 0
0.575 0.75 0
0.5875 0.75 0
0.6 0.75 0
0.6125 0.75 0
0.625 0.75 0
0.6375 0.75 0
0.65 0.75 0
0.6625 0.75 0
0.675 0.75 0
0.6875 0.75 0
0.7 0.75 0
0.7125 0.75 0
0.725 0.75 0
0.7375 0.75 0
0.75 0.75 0
0.7625 0.75 0
0.775 0.75 0
0.7875 0.75 0
0.8 0.75 0
0.8125 0.75 0
0.825 0.75 0
0.8375 0.75 0
0.85 0.75 0
0.8625 0.75 0
0.875 0.75 0
0.8875 0.75 0
0.9 0.75 0
0.9125 0.75 0
0.925 0.75 0
0.9375 0.75 0
0.95 0.75 0
0.9625 0.75 0
0.975 0.75 0
0.9875 0.75 0
0.0125 0.7625 0
0.025 0.7625 0
0.0375 0.7625 0
0.05 0.7625 0
0.0625 0.7625 0
0.075 0.7625 0
0.0875 0.7625 0
0.1 0.7625 0
0.1125 0.7625 0
0.125 0.7625 0
0.1375 0.7625 0
0.15 0.7625 0
0.1625 0.7625 0
0.175 0.7625 0
0.1875 0.7625 0
0.2 0.7625 0
0.2125 0.7625 0
0.225 0.7625 0
0.2375 0.7625 0
0.25 0.7625 0
0.2625 0.7625 0
0.275 0.7625 0
0.2875 0.7625 0
0.3 0.7625 0
0.3125 0.7625 0
0.325 0.7625 0
0.3375 0.7625 0
0.35 0.7625 0
0.3625 0.7625 0
0.375 0.7625 0
0.3875 0.7625 0
0.4 0.7625 0
0.4125 0.7625 0
0.425 0.7625 0
0.4375 0.7625 0
0.45 0.7625 0
0.4625 0.7625 0
0.475 0.7625 0
0.4875 0.7625 0
0.5 0.7625 0
0.5125 0.7625 0
0.525 0.7625 0
0.5375 0.7625 0
0.55 0.7625 0
0.5625 0.7625 0
0.575 0.7625 0
0.5875 0.7625 0
0.6 0.7625 0
0.6125 0.7625 0
0.625 0.7625 0
0.6375 0.7625 0
0.65 0.7625 0
0.6625 0.7625 0
0.675 0.7625 0
0.6875 0.7625 0
0.7 0.7625 0
0.7125 0.7625 0
0.725 0.7625 0
0.7375 0.7625 0
0.75 0.7625 0
0.7625 0.7625 0
0.775 0.7625 0
0.7875 0.7625 0
0.8 0.7625 0
0.8125 0.7625 0
0.825 0.7625 0
0.8375 0.7625 0
0.85 0.7625 0
0.8625 0.7625 0
0.875 0.7625 0
0.8875 0.7625 0
0.9 0.7625 0
0.9125 0.7625 0
0.925 0.7625 0
0.9375 0.7625 0
0.95 0.7625 0
0.9625 0.7625 0
0.975 0.7625 0
0.9875 0.7625 0
0.0125 0.775 0
0.025 0.775 0
0.0375 0.775 0
0.05 0.775 0
0.0625 0.775 0
0.075 0.775 0
0.0875 0.775 0
0.1 0.775 0
0.1125 0.775 0
0.125 0.775 0
0.1375 0.775 0
0.15 0.775 0
0.1625 0.775 0
0.175 0.775 0
0.1875 0.775 0
0.2 0.775 0
0.2125 0.775 0
0.225 0.775 0
0.2375 0.775 0
0.25 0.775 0
0.2625 0.775 0
0.275 0.775 0
0.2875 0.775 0
0.3 0.775 0
0.3125 0.775 0
0.325 0.775 0
0.3375 0.775 0
0.35 0.775 0
0.3625 0.775 0
0.375 0.775 0
0.3875 0.775 0
0.4 0.775 0
0.4125 0.775 0
0.425 0.775 0
0.4375 0.775 0
0.45 0.775 0
0.4625 0.775 0
0.475 0.775 0
0.4875 0.775 0
0.5 0.775 0
0.5125 0.775 0
0.525 0.775 0
0.5375 0.775 0
0.55 0.775 0
0.5625 0.775 0
0.575 0.775 0
0.5875 0.775 0
0.6 0.775 0
0.6125 0.775 0
0.625 0.775 0
0.6375 0.775 0
0.65 0.775 0
0.6625 0.775 0
0.675 0.775 0
0.6875 0.775 0
0.7 0.775 0
0.7125 0.775 0
0.725 0.775 0
0.7375 0.775 0
0.75 0.775 0
0.7625 0.775 0
0.775 0.775 0
0.7875 0.775 0
0.8 0.775 0
0.8125 0.775 0
0.825 0.775 0
0.8375 0.775 0
0.85 0.775 0
0.8625 0.775 0
0.875 0.775 0
0.8875 0.775 0
0.9 0.775 0
0.9125 0.775 0
0.925 0.775 0
0.9375 0.775 0
0.95 0.775 0
0.9625 0.775 0
0.975 0.775 0
0.9875 0.775 0
0.0125 0.7875 0
0.025 0.7875 0
0.0375 0.7875 0
0.05 0.7875 0
0.0625 0.7875 0
0.075 0.7875 0
0.0875 0.7875 0
0.1 0.7875 0
0.1125 0.7875 0
0.125 0.7875 0
0.1375 0.7875 0
0.15 0.7875 0
0.1625 0.7875 0
0.175 0.7875 0
0.1875 0.7875 0
0.2 0.7875 0
0.2125 0.7875 0
0.225 0.7875 0
0.2375 0.7875 0
0.25 0.7875 0
0.2625 0.7875 0
0.275 0.7875 0
0.2875 0.7875 0
0.3 0.7875 0
0.3125 0.7875 0
0.325 0.7875 0
0.3375 0.7875 0
0.35 0.7875 0
0.3625 0.7875 0
0.375 0.7875 0
0.3875 0.7875 0
0.4 0.7875 0
0.4125 0.7875 0
0.425 0.7875 0
0.4375 0.7875 0
0.45 0.7875 0
0.4625 0.7875 0
0.475 0.7875 0
0.4875 0.7875 0
0.5 0.7875 0
0.5125 0.7875 0
0.525 0.7875 0
0.5375 0.7875 0
0.55 0.7875 0
0.5625 0.7875 0
0.575 0.7875 0
0.5875 0.7875 0
0.6 0.7875 0
0.6125 0.7875 0
0.625 0.7875 0
0.6375 0.7875 0
0.65 0.7875 0
0.6625 0.7875 0
0.675 0.7875 0
0.6875 0.7875 0
0.7 0.7875 0
0.7125 0.7875 0
0.725 0.7875 0
0.7375 0.7875 0
0.75 0.7875 0
0.7625 0.7875 0
0.775 0.7875 0
0.7875 0.7875 0
0.8 0.7875 0
0.8125 0.7875 0
0.825 0.7875 0
0.8375 0.7875 0
0.85 0.7875 0
0.8625 0.7875 0
0.875 0.7875 0
0.8875 0.7875 0
0.9 0.7875 0
0.9125 0.7875 0
0.925 0.7875 0
0.9375 0.7875 0
0.95 0.7875 0
0.9625 0.7875 0
0.975 0.7875 0
0.9875 0.7875 0
0.0125 0.8 0
0.025 0.8 0
0.0375 0.8 0
0.05 0.8 0
0.0625 0.8 0
0.075 0.8 0
0.0875 0.8 0
0.1 0.8 0
0.1125 0.8 0
0.125 0.8 0
0.1375 0.8 0
0.15 0.8 0
0.1625 0.8 0
0.175 0.8 0
0.1875 0.8 0
0.2 0.8 0
0.2125 0.8 0
0.225 0.8 0
0.2375 0.8 0
0.25 0.8 0
0.2625 0.8 0
0.275 0.8 0
0.2875 0.8 0
0.3 0.8 0
0.3125 0.8 0
0.325 0.8 0
0.3375 0.8 0
0.35 0.8 0
0.3625 0.8 0
0.375 0.8 0
0.3875 0.8 0
0.4 0.8 0
0.4125 0.8 0
0.425 0.8 0
0.4375 0.8 0
0.45 0.8 0
0.4625 0.8 0
0.475 0.8 0
0.4875 0.8 0
0.5 0.8 0
0.5125 0.8 0
0.525 0.8 0
0.5375 0.8 0
0.55 0.8 0
0.5625 0.8 0
0.575 0.8 0
0.5875 0.8 0
0.6 0.8 0
0.6125 0.8 0
0.625 0.8 0
0.6375 0.8 0
0.65 0.8 0
0.6625 0.8 0
0.675 0.8 0
0.6875 0.8 0
0.7 0.8 0
0.7125 0.8 0
0.725 0.8 0
0.7375 0.8 0
0.75 0.8 0
0.7625 0.8 0
0.775 0.8 0
0.7875 0.8 0
0.8 0.8 0
0.8125 0.8 0
0.825 0.8 0
0.8375 0.8 0
0.85 0.8 0
0.8625 0.8 0
0.875 0.8 0
0.8875 0.8 0
0.9 0.8 0
0.9125 0.8 0
0.925 0.8 0
0.9375 0.8 0
0.95 0.8 0
0.9625 0.8 0
0.975 0.8 0
0.9875 0.8 0
0.0125 0.8125 0
0.025 0.8125 0
0.0375 0.8125 0
0.05 0.8125 0
0.0625 0.8125 0
0.075 0.8125 0
0.0875 0.8125 0
0.1 0.8125 0
0.1125 0.8125 0
0.125 0.8125 0
0.1375 0.8125 0
0.15 0.8125 0
0.1625 0.8125 0
0.175 0.8125 0
0.1875 0.8125 0
0.2 0.8125 0
0.2125 0.8125 0
0.225 0.8125 0
0.2375 0.8125 0
0.25 0.8125 0
0.2625 0.8125 0
0.275 0.8125 0
0.2875 0.8125 0
0.3 0.8125 0
0.3125 0.8125 0
0.325 0.8125 0
0.3375 0.8125 0
0.35 0.8125 0
0.3625 0.8125 0
0.375 0.8125 0
0.3875 0.8125 0
0.4 0.8125 0
0.4125 0.8125 0
0.425 0.8125 0
0.4375 0.8125 0
0.45 0.8125 0
0.4625 0.8125 0
0.475 0.8125 0
0.4875 0.8125 0
0.5 0.8125 0
0.5125 0.8125 0
0.525 0.8125 0
0.5375 0.8125 0
0.55 0.8125 0
0.5625 0.8125 0
0.575 0.8125 0
0.5875 0.8125 0
0.6 0.8125 0
0.6125 0.8125 0
0.625 0.8125 0
0.6375 0.8125 0
0.65 0.8125 0
0.6625 0.8125 0
0.675 0.8125 0
0.6875 0.8125 0
0.7 0.8125 0
0.7125 0.8125 0
0.725 0.8125 0
0.7375 0.8125 0
0.75 0.8125 0
0.7625 0.8125 0
0.775 0.8125 0
0.7875 0.8125 0
0.8 0.8125 0
0.8125 0.8125 0
0.825 0.8125 0
0.8375 0.8125 0
0.85 0.8125 0
0.8625 0.8125 0
0.875 0.8125 0
0.8875 0.8125 0
0.9 0.8125 0
0.9125 0.8125 0
0.925 0.8125 0
0.9375 0.8125 0
0.95 0.8125 0
0.9625 0.8125 0
0.975 0.8125 0
0.9875 0.8125 0
0.0125 0.825 0
0.025 0.825 0
0.0375 0.825 0
0.05 0.825 0
0.0625 0.825 0
0.075 0.825 0
0.0875 0.825 0
0.1 0.825 0
0.1125 0.825 0
0.125 0.825 0
0.1375 0.825 0
0.15 0.825 0
0.1625 0.825 0
0.175 0.825 0
0.1875 0.825 0
0.2 0.825 0
0.2125 0.825 0
0.225 0.825 0
0.2375 0.825 0
0.25 0.825 0
0.2625 0.825 0
0.275 0.825 0
0.2875 0.825 0
0.3 0.825 0
0.3125 0.825 0
0.325 0.825 0
0.3375 0.825 0
0.35 0.825 0
0.3625 0.825 0
0.375 0.825 0
0.3875 0.825 0
0.4 0.825 0
0.4125 0.825 0
0.425 0.825 0
0.4375 0.825 0
0.45 0.825 0
0.4625 0.825 0
0.475 0.825 0
0.4875 0.825 0
0.5 0.825 0
0.5125 0.825 0
0.525 0.825 0
0.5375 0.825 0
0.55 0.825 0
0.5625 0.825 0
0.575 0.825 0
0.5875 0.825 0
0.6 0.825 0
0.6125 0.825 0
0.625 0.825 0
0.6375 0.825 0
0.65 0.825 0
0.6625 0.825 0
0.675 0.825 0
0.6875 0.825 0
0.7 0.825 0
0.7125 0.825 0
0.725 0.825 0
0.7375 0.825 0
0.75 0.825 0
0.7625 0.825 0
0.775 0.825 0
0.7875 0.825 0
0.8 0.825 0
0.8125 0.825 0
0.825 0.825 0
0.8375 0.825 0
0.85 0.825 0
0.8625 0.825 0
0.875 0.825 0
0.8875 0.825 0
0.9 0.825 0
0.9125 0.825 0
0.925 0.825 0
0.9375 0.825 0
0.95 0.825 0
0.9625 0.825 0
0.975 0.825 0
0.9875 0.825 0
0.0125 0.8375 0
0.025 0.8375 0
0.0375 0.8375 0
0.05 0.8375 0
0.0625 0.8375 0
0.075 0.8375 0
0.0875 0.8375 0
0.1 0.8375 0
0.1125 0.8375 0
0.125 0.8375 0
0.1375 0.8375 0
0.15 0.8375 0
0.1625 0.8375 0
0.175 0.8375 0
0.1875 0.8375 0
0.2 0.8375 0
0.2125 0.8375 0
0.225 0.8375 0
0.2375 0.8375 0
0.25 0.8375 0
0.2625 0.8375 0
0.275 0.8375 0
0.2875 0.8375 0
0.3 0.8375 0
0.3125 0.8375 0
0.325 0.8375 0
0.3375 0.8375 0
0.35 0.8375 0
0.3625 0.8375 0
0.375 0.8375 0
0.3875 0.8375 0
0.4 0.8375 0
0.4125 0.8375 0
0.425 0.8375 0
0.4375 0.8375 0
0.45 0.8375 0
0.4625 0.8375 0
0.475 0.8375 0
0.4875 0.8375 0
0.5 0.8375 0
0.5125 0.8375 0
0.525 0.8375 0
0.5375 0.8375 0
0.55 0.8375 0
0.5625 0.8375 0
0.575 0.8375 0
0.5875 0.8375 0
0.6 0.8375 0
0.6125 0.8375 0
0.625 0.8375 0
0.6375 0.8375 0
0.65 0.8375 0
0.6625 0.8375 0
0.675 0.8375 0
0.6875 0.8375 0
0.7 0.8375 0
0.7125 0.8375 0
0.725 0.8375 0
0.7375 0.8375 0
0.75 0.8375 0
0.7625 0.8375 0
0.775 0.8375 0
0.7875 0.8375 0
0.8 0.8375 0
0.8125 0.8375 0
0.825 0.8375 0
0.8375 0.8375 0
0.85 0.8375 0
0.8625 0.8375 0
0.875 0.8375 0
0.8875 0.8375 0
0.9 0.8375 0
0.9125 0.8375 0
0.925 0.8375 0
0.9375 0.8375 0
0.95 0.8375 0
0.9625 0.8375 0
0.975 0.8375 0
0.9875 0.8375 0
0.0125 0.85 0
0.025 0.85 0
0.0375 0.85 0
0.05 0.85 0
0.0625 0.85 0
0.075 0.85 0
0.0875 0.85 0
0.1 0.85 0
0.1125 0.85 0
0.125 0.85 0
0.1375 0.85 0
0.15 0.85 0
0.1625 0.85 0
0.175 0.85 0
0.1875 0.85 0
0.2 0.85 0
0.2125 0.85 0
0.225 0.85 0
0.2375 0.85 0
0.25 0.85 0
0.2625 0.85 0
0.275 0.85 0
0.2875 0.85 0
0.3 0.85 0
0.3125 0.85 0
0.325 0.85 0
0.3375 0.85 0
0.35 0.85 0
0.3625 0.85 0
0.375 0.85 0
0.3875 0.85 0
0.4 0.85 0
0.4125 0.85 0
0.425 0.85 0
0.4375 0.85 0
0.45 0.85 0
0.4625 0.85 0
0.475 0.85 0
0.4875 0.85 0
0.5 0.85 0
0.5125 0.85 0
0.525 0.85 0
0.5375 0.85 0
0.55 0.85 0
0.5625 0.85 0
0.575 0.85 0
0.5875 0.85 0
0.6 0.85 0
0.6125 0.85 0
0.625 0.85 0
0.6375 0.85 0
0.65 0.85 0
0.6625 0.85 0
0.675 0.85 0
0.6875 0.85 0
0.7 0.85 0
0.7125 0.85 0
0.725 0.85 0
0.7375 0.85 0
0.75 0.85 0
0.7625 0.85 0
0.775 0.85 0
0.7875 0.85 0
0.8 0.85 0
0.8125 0.85 0
0.825 0.85 0
0.8375 0.85 0
0.85 0.85 0
0.8625 0.85 0
0.875 0.85 0
0.8875 0.85 0
0.9 0.85 0
0.9125 0.85 0
0.925 0.85 0
0.9375 0.85 0
0.95 0.85 0
0.9625 0.85 0
0.975 0.85 0
0.9875 0.85 0
0.0125 0.8625 0
0.025 0.8625 0
0.0375 0.8625 0
0.05 0.8625 0
0.0625 0.8625 0
0.075 0.8625 0
0.0875 0.8625 0
0.1 0.8625 0
0.1125 0.8625 0
0.125 0.8625 0
0.1375 0.8625 0
0.15 0.8625 0
0.1625 0.8625 0
0.175 0.8625 0
0.1875 0.8625 0
0.2 0.8625 0
0.2125 0.8625 0
0.225 0.8625 0
0.2375 0.8625 0
0.25 0.8625 0
0.2625 0.8625 0
0.275 0.8625 0
0.2875 0.8625 0
0.3 0.8625 0
0.3125 0.8625 0
0.325 0.8625 0
0.3375 0.8625 0
0.35 0.8625 0
0.3625 0.8625 0
0.375 0.8625 0
0.3875 0.8625 0
0.4 0.8625 0
0.4125 0.8625 0
0.425 0.8625 0
0.4375 0.8625 0
0.45 0.8625 0
0.4625 0.8625 0
0.475 0.8625 0
0.4875 0.8625 0
0.5 0.8625 0
0.5125 0.8625 0
0.525 0.8625 0
0.5375 0.8625 0
0.55 0.8625 0
0.5625 0.8625 0
0.575 0.8625 0
0.5875 0.8625 0
0.6 0.8625 0
0.6125 0.8625 0
0.625 0.8625 0
0.6375 0.8625 0
0.65 0.8625 0
0.6625 0.8625 0
0.675 0.8625 0
0.6875 0.8625 0
0.7 0.8625 0
0.7125 0.8625 0
0.725 0.8625 0
0.7375 0.8625 0
0.75 0.8625 0
0.7625 0.8625 0
0.775 0.8625 0
0.7875 0.8625 0
0.8 0.8625 0
0.8125 0.8625 0
0.825 0.8625 0
0.8375 0.8625 0
0.85 0.8625 0
0.8625 0.8625 0
0.875 0.8625 0
0.8875 0.8625 0
0.9 0.8625 0
0.9125 0.8625 0
0.925 0.8625 0
0.9375 0.8625 0
0.95 0.8625 0
0.9625 0.8625 0
0.975 0.8625 0
0.9875 0.8625 0
0.0125 0.875 0
0.025 0.875 0
0.0375 0.875 0
0.05 0.875 0
0.0625 0.875 0
0.075 0.875 0
0.0875 0.875 0
0.1 0.875 0
0.1125 0.875 0
0.125 0.875 0
0.1375 0.875 0
0.15 0.875 0
0.1625 0.875 0
0.175 0.875 0
0.1875 0.875 0
0.2 0.875 0
0.2125 0.875 0
0.225 0.875 0
0.2375 0.875 0
0.25 0.875 0
0.2625 0.875 0
0.275 0.875 0
0.2875 0.875 0
0.3 0.875 0
0.3125 0.875 0
0.325 0.875 0
0.3375 0.875 0
0.35 0.875 0
0.3625 0.875 0
0.375 0.875 0
0.3875 0.875 0
0.4 0.875 0
0.4125 0.875 0
0.425 0.875 0
0.4375 0.875 0
0.45 0.875 0
0.4625 0.875 0
0.475 0.875 0
0.4875 0.875 0
0.5 0.875 0
0.5125 0.875 0
0.525 0.875 0
0.5375 0.875 0
0.55 0.875 0
0.5625 0.875 0
0.575 0.875 0
0.5875 0.875 0
0.6 0.875 0
0.6125 0.875 0
0.625 0.875 0
0.6375 0.875 0
0.65 0.875 0
0.6625 0.875 0
0.675 0.875 0
0.6875 0.875 0
0.7 0.875 0
0.7125 0.875 0
0.725 0.875 0
0.7375 0.875 0
0.75 0.875 0
0.7625 0.875 0
0.775 0.875 0
0.7875 0.875 0
0.8 0.875 0
0.8125 0.875 0
0.825 0.875 0
0.8375 0.875 0
0.85 0.875 0
0.8625 0.875 0
0.875 0.875 0
0.8875 0.875 0
0.9 0.875 0
0.9125 0.875 0
0.925 0.875 0
0.9375 0.875 0
0.95 0.875 0
0.9625 0.875 0
0.975 0.875 0
0.9875 0.875 0
0.0125 0.8875 0
0.025 0.8875 0
0.0375 0.8875 0
0.05 0.8875 0
0.0625 0.8875 0
0.075 0.8875 0
0.0875 0.8875 0
0.1 0.8875 0
0.1125 0.8875 0
0.125 0.8875 0
0.1375 0.8875 0
0.15 0.8875 0
0.1625 0.8875 0
0.175 0.8875 0
0.1875 0.8875 0
0.2 0.8875 0
0.2125 0.8875 0
0.225 0.8875 0
0.2375 0.8875 0
0.25 0.8875 0
0.2625 0.8875 0
0.275 0.8875 0
0.2875 0.8875 0
0.3 0.8875 0
0.3125 0.8875 0
0.325 0.8875 0
0.3375 0.8875 0
0.35 0.8875 0
0.3625 0.8875 0
0.375 0.8875 0
0.3875 0.8875 0
0.4 0.8875 0
0.4125 0.8875 0
0.425 0.8875 0
0.4375 0.8875 0
0.45 0.8875 0
0.4625 0.8875 0
0.475 0.8875 0
0.4875 0.8875 0
0.5 0.8875 0
0.5125 0.8875 0
0.525 0.8875 0
0.5375 0.8875 0
0.55 0.8875 0
0.5625 0.8875 0
0.575 0.8875 0
0.5875 0.8875 0
0.6 0.8875 0
0.6125 0.8875 0
0.625 0.8875 0
0.6375 0.8875 0
0.65 0.8875 0
0.6625 0.8875 0
0.675 0.8875 0
0.6875 0.8875 0
0.7 0.8875 0
0.7125 0.8875 0
0.725 0.8875 0
0.7375 0.8875 0
0.75 0.8875 0
0.7625 0.8875 0
0.775 0.8875 0
0.7875 0.8875 0
0.8 0.8875 0
0.8125 0.8875 0
0.825 0.8875 0
0.8375 0.8875 0
0.85 0.8875 0
0.8625 0.8875 0
0.875 0.8875 0
0.8875 0.8875 0
0.9 0.8875 0
0.9125 0.8875 0
0.925 0.8875 0
0.9375 0.8875 0
0.95 0.8875 0
0.9625 0.8875 0
0.975 0.8875 0
0.9875 0.8875 0
0.0125 0.9 0
0.025 0.9 0
0.0375 0.9 0
0.05 0.9 0
0.0625 0.9 0
0.075 0.9 0
0.0875 0.9 0
0.1 0.9 0
0.1125 0.9 0
0.125 0.9 0
0.1375 0.9 0
0.15 0.9 0
0.1625 0.9 0
0.175 0.9 0
0.1875 0.9 0
0.2 0.9 0
0.2125 0.9 0
0.225 0.9 0
0.2375 0.9 0
0.25 0.9 0
0.2625 0.9 0
0.275 0.9 0
0.2875 0.9 0
0.3 0.9 0
0.3125 0.9 0
0.325 0.9 0
0.3375 0.9 0
0.35 0.9 0
0.3625 0.9 0
0.375 0.9 0
0.3875 0.9 0
0.4 0.9 0
0.4125 0.9 0
0.425 0.9 0
0.4375 0.9 0
0.45 0.9 0
0.4625 0.9 0
0.475 0.9 0
0.4875 0.9 0
0.5 0.9 0
0.5125 0.9 0
0.525 0.9 0
0.5375 0.9 0
0.55 0.9 0
0.5625 0.9 0
0.575 0.9 0
0.5875 0.9 0
0.6 0.9 0
0.6125 0.9 0
0.625 0.9 0
0.6375 0.9 0
0.65 0.9 0
0.6625 0.9 0
0.675 0.9 0
0.6875 0.9 0
0.7 0.9 0
0.7125 0.9 0
0.725 0.9 0
0.7375 0.9 0
0.75 0.9 0
0.7625 0.9 0
0.775 0.9 0
0.7875 0.9 0
0.8 0.9 0
0.8125 0.9 0
0.825 0.9 0
0.8375 0.9 0
0.85 0.9 0
0.8625 0.9 0
0.875 0.9 0
0.8875 0.9 0
0.9 0.9 0
0.9125 0.9 0
0.925 0.9 0
0.9375 0.9 0
0.95 0.9 0
0.9625 0.9 0
0.975 0.9 0
0.9875 0.9 0
0.0125 0.9125 0
0.025 0.9125 0
0.0375 0.9125 0
0.05 0.9125 0
0.0625 0.9125 0
0.075 0.9125 0
0.0875 0.9125 0
0.1 0.9125 0
0.1125 0.9125 0
0.125 0.9125 0
0.1375 0.9125 0
0.15 0.9125 0
0.1625 0.9125 0
0.175 0.9125 0
0.1875 0.9125 0
0.2 0.9125 0
0.2125 0.9125 0
0.225 0.9125 0
0.2375 0.9125 0
0.25 0.9125 0
0.2625 0.9125 0
0.275 0.9125 0
0.2875 0.9125 0
0.3 0.9125 0
0.3125 0.9125 0
0.325 0.9125 0
0.3375 0.9125 0
0.35 0.9125 0
0.3625 0.9125 0
0.375 0.9125 0
0.3875 0.9125 0
0.4 0.9125 0
0.4125 0.9125 0
0.425 0.9125 0
0.4375 0.9125 0
0.45 0.9125 0
0.4625 0.9125 0
0.475 0.9125 0
0.4875 0.9125 0
0.5 0.9125 0
0.5125 0.9125 0
0.525 0.9125 0
0.5375 0.9125 0
0.55 0.9125 0
0.5625 0.9125 0
0.575 0.9125 0
0.5875 0.9125 0
0.6 0.9125 0
0.6125 0.9125 0
0.625 0.9125 0
0.6375 0.9125 0
0.65 0.9125 0
0.6625 0.9125 0
0.675 0.9125 0
0.6875 0.9125 0
0.7 0.9125 0
0.7125 0.9125 0
0.725 0.9125 0
0.7375 0.9125 0
0.75 0.9125 0
0.7625 0.9125 0
0.775 0.9125 0
0.7875 0.9125 0
0.8 0.9125 0
0.8125 0.9125 0
0.825 0.9125 0
0.8375 0.9125 0
0.85 0.9125 0
0.8625 0.9125 0
0.875 0.9125 0
0.8875 0.9125 0
0.9 0.9125 0
0.9125 0.9125 0
0.925 0.9125 0
0.9375 0.9125 0
0.95 0.9125 0
0.9625 0.9125 0
0.975 0.9125 0
0.9875 0.9125 0
0.0125 0.925 0
0.025 0.925 0
0.0375 0.925 0
0.05 0.925 0
0.0625 0.925 0
0.075 0.925 0
0.0875 0.925 0
0.1 0.925 0
0.1125 0.925 0
0.125 0.925 0
0.1375 0.925 0
0.15 0.925 0
0.1625 0.925 0
0.175 0.925 0
0.1875 0.925 0
0.2 0.925 0
0.2125 0.925 0
0.225 0.925 0
0.2375 0.925 0
0.25 0.925 0
0.2625 0.925 0
0.275 0.925 0
0.2875 0.925 0
0.3 0.925 0
0.3125 0.925 0
0.325 0.925 0
0.3375 0.925 0
0.35 0.925 0
0.3625 0.925 0
0.375 0.925 0
0.3875 0.925 0
0.4 0.925 0
0.4125 0.925 0
0.425 0.925 0
0.4375 0.925 0
0.45 0.925 0
0.4625 0.925 0
0.475 0.925 0
0.4875 0.925 0
0.5 0.925 0
0.5125 0.925 0
0.525 0.925 0
0.5375 0.925 0
0.55 0.925 0
0.5625 0.925 0
0.575 0.925 0
0.5875 0.925 0
0.6 0.925 0
0.6125 0.925 0
0.625 0.925 0
0.6375 0.925 0
0.65 0.925 0
0.6625 0.925 0
0.675 0.925 0
0.6875 0.925 0
0.7 0.925 0
0.7125 0.925 0
0.725 0.925 0
0.7375 0.925 0
0.75 0.925 0
0.7625 0.925 0
0.775 0.925 0
0.7875 0.925 0
0.8 0.925 0
0.8125 0.925 0
0.825 0.925 0
0.8375 0.925 0
0.85 0.925 0
0.8625 0.925 0
0.875 0.925 0
0.8875 0.925 0
0.9 0.925 0
0.9125 0.925 0
0.925 0.925 0
0.9375 0.925 0
0.95 0.925 0
0.9625 0.925 0
0.975 0.925 0
0.9875 0.925 0
0.0125 0.9375 0
0.025 0.9375 0
0.0375 0.9375 0
0.05 0.9375 0
0.0625 0.9375 0
0.075 0.9375 0
0.0875 0.9375 0
0.1 0.9375 0
0.1125 0.9375 0
0.125 0.9375 0
0.1375 0.9375 0
0.15 0.9375 0
0.1625 0.9375 0
0.175 0.9375 0
0.1875 0.9375 0
0.2 0.9375 0
0.2125 0.9375 0
0.225 0.9375 0
0.2375 0.9375 0
0.25 0.9375 0
0.2625 0.9375 0
0.275 0.9375 0
0.2875 0.9375 0
0.3 0.9375 0
0.3125 0.9375 0
0.325 0.9375 0
0.3375 0.9375 0
0.35 0.9375 0
0.3625 0.9375 0
0.375 0.9375 0
0.3875 0.9375 0
0.4 0.9375 0
0.4125 0.9375 0
0.425 0.9375 0
0.4375 0.9375 0
0.45 0.9375 0
0.4625 0.9375 0
0.475 0.9375 0
0.4875 0.9375 0
0.5 0.9375 0
0.5125 0.9375 0
0.525 0.9375 0
0.5375 0.9375 0
0.55 0.9375 0
0.5625 0.9375 0
0.575 0.9375 0
0.5875 0.9375 0
0.6 0.9375 0
0.6125 0.9375 0
0.625 0.9375 0
0.6375 0.9375 0
0.65 0.9375 0
0.6625 0.9375 0
0.675 0.9375 0
0.6875 0.9375 0
0.7 0.9375 0
0.7125 0.9375 0
0.725 0.9375 0
0.7375 0.9375 0
0.75 0.9375 0
0.7625 0.9375 0
0.775 0.9375 0
0.7875 0.9375 0
0.8 0.9375 0
0.8125 0.9375 0
0.825 0.9375 0
0.8375 0.9375 0
0.85 0.9375 0
0.8625 0.9375 0
0.875 0.9375 0
0.8875 0.9375 0
0.9 0.9375 0
0.9125 0.9375 0
0.925 0.9375 0
0.9375 0.9375 0
0.95 0.9375 0
0.9625 0.9375 0
0.975 0.9375 0
0.9875 0.9375 0
0.0125 0.95 0
0.025 0.95 0
0.0375 0.95 0
0.05 0.95 0
0.0625 0.95 0
0.075 0.95 0
0.0875 0.95 0
0.1 0.95 0
0.1125 0.95 0
0.125 0.95 0
0.1375 0.95 0
0.15 0.95 0
0.1625 0.95 0
0.175 0.95 0
0.1875 0.95 0
0.2 0.95 0
0.2125 0.95 0
0.225 0.95 0
0.2375 0.95 0
0.25 0.95 0
0.2625 0.95 0
0.275 0.95 0
0.2875 0.95 0
0.3 0.95 0
0.3125 0.95 0
0.325 0.95 0
0.3375 0.95 0
0.35 0.95 0
0.3625 0.95 0
0.375 0.95 0
0.3875 0.95 0
0.4 0.95 0
0.4125 0.95 0
0.425 0.95 0
0.4375 0.95 0
0.45 0.95 0
0.4625 0.95 0
0.475 0.95 0
0.4875 0.95 0
0.5 0.95 0
0.5125 0.95 0
0.525 0.95 0
0.5375 0.95 0
0.55 0.95 0
0.5625 0.95 0
0.575 0.95 0
0.5875 0.95 0
0.6 0.95 0
0.6125 0.95 0
0.625 0.95 0
0.6375 0.95 0
0.65 0.95 0
0.6625 0.95 0
0.675 0.95 0
0.6875 0.95 0
0.7 0.95 0
0.7125 0.95 0
0.725 0.95 0
0.7375 0.95 0
0.75 0.95 0
0.7625 0.95 0
0.775 0.95 0
0.7875 0.95 0
0.8 0.95 0
0.8125 0.95 0
0.825 0.95 0
0.8375 0.95 0
0.85 0.95 0
0.8625 0.95 0
0.875 0.95 0
0.8875 0.95 0
0.9 0.95 0
0.9125 0.95 0
0.925 0.95 0
0.9375 0.95 0
0.95 0.95 0
0.9625 0.95 0
0.975 0.95 0
0.9875 0.95 0
0.0125 0.9625 0
0.025 0.9625 0
0.0375 0.9625 0
0.05 0.9625 0
0.0625 0.9625 0
0.075 0.9625 0
0.0875 0.9625 0
0.1 0.9625 0
0.1125 0.9625 0
0.125 0.9625 0
0.1375 0.9625 0
0.15 0.9625 0
0.1625 0.9625 0
0.175 0.9625 0
0.1875 0.9625 0
0.2 0.9625 0
0.2125 0.9625 0
0.225 0.9625 0
0.2375 0.9625 0
0.25 0.9625 0
0.2625 0.9625 0
0.275 0.9625 0
0.2875 0.9625 0
0.3 0.9625 0
0.3125 0.9625 0
0.325 0.9625 0
0.3375 0.9625 0
0.35 0.9625 0
0.3625 0.9625 0
0.375 0.9625 0
0.3875 0.9625 0
0.4 0.9625 0
0.4125 0.9625 0
0.425 0.9625 0
0.4375 0.9625 0
0.45 0.9625 0
0.4625 0.9625 0
0.475 0.9625 0
0.4875 0.9625 0
0.5 0.9625 0
0.5125 0.9625 0
0.525 0.9625 0
0.5375 0.9625 0
0.55 0.9625 0
0.5625 0.9625 0
0.575 0.9625 0
0.5875 0.9625 0
0.6 0.9625 0
0.6125 0.9625 0
0.625 0.9625 0
0.6375 0.9625 0
0.65 0.9625 0
0.6625 0.9625 0
0.675 0.9625 0
0.6875 0.9625 0
0.7 0.9625 0
0.7125 0.9625 0
0.725 0.9625 0
0.7375 0.9625 0
0.75 0.9625 0
0.7625 0.9625 0
0.775 0.9625 0
0.7875 0.9625 0
0.8 0.9625 0
0.8125 0.9625 0
0.825 0.9625 0
0.8375 0.9625 0
0.85 0.9625 0
0.8625 0.9625 0
0.875 0.9625 0
0.8875 0.9625 0
0.9 0.9625 0
0.9125 0.9625 0
0.925 0.9625 0
0.9375 0.9625 0
0.95 0.9625 0
0.9625 0.9625 0
0.975 0.9625 0
0.9875 0.9625 0
0.0125 0.975 0
0.025 0.975 0
0.0375 0.975 0
0.05 0.975 0
0.0625 0.975 0
0.075 0.975 0
0.0875 0.975 0
0.1 0.975 0
0.1125 0.975 0
0.125 0.975 0
0.1375 0.975 0
0.15 0.975 0
0.1625 0.975 0
0.175 0.975 0
0.1875 0.975 0
0.2 0.975 0
0.2125 0.975 0
0.225 0.975 0
0.2375 0.975 0
0.25 0.975 0
0.2625 0.975 0
0.275 0.975 0
0.2875 0.975 0
0.3 0.975 0
0.3125 0.975 0
0.325 0.975 0
0.3375 0.975 0
0.35 0.975 0
0.3625 0.975 0
0.375 0.975 0
0.3875 0.975 0
0.4 0.975 0
0.4125 0.975 0
0.425 0.975 0
0.4375 0.975 0
0.45 0.975 0
0.4625 0.975 0
0.475 0.975 0
0.4875 0.975 0
0.5 0.975 0
0.5125 0.975 0
0.525 0.975 0
0.5375 0.975 0
0.55 0.975 0
0.5625 0.975 0
0.575 0.975 0
0.5875 0.975 0
0.6 0.975 0
0.6125 0.975 0
0.625 0.975 0
0.6375 0.975 0
0.65 0.975 0
0.6625 0.975 0
0.675 0.975 0
0.6875 0.975 0
0.7 0.975 0
0.7125 0.975 0
0.725 0.975 0
0.7375 0.975 0
0.75 0.975 0
0.7625 0.975 0
0.775 0.975 0
0.7875 0.975 0
0.8 0.975 0
0.8125 0.975 0
0.825 0.975 0
0.8375 0.975 0
0.85 0.975 0
0.8625 0.975 0
0.875 0.975 0
0.8875 0.975 0
0.9 0.975 0
0.9125 0.975 0
0.925 0.975 0
0.9375 0.975 0
0.95 0.975 0
0.9625 0.975 0
0.975 0.975 0
0.9875 0.975 0
0.0125 0.9875 0
0.025 0.9875 0
0.0375 0.9875 0
0.05 0.9875 0
0.0625 0.9875 0
0.075 0.9875 0
0.0875 0.9875 0
0.1 0.9875 0
0.1125 0.9875 0
0.125 0.9875 0
0.1375 0.9875 0
0.15 0.9875 0
0.1625 0.9875 0
0.175 0.9875 0
0.1875 0.9875 0
0.2 0.9875 0
0.2125 0.9875 0
0.225 0.9875 0
0.2375 0.9875 0
0.25 0.9875 0
0.2625 0.9875 0
0.275 0.9875 0
0.2875 0.9875 0
0.3 0.9875 0
0.3125 0.9875 0
0.325 0.9875 0
0.3375 0.9875 0
0.35 0.9875 0
0.3625 0.9875 0
0.375 0.9875 0
0.3875 0.9875 0
0.4 0.9875 0
0.4125 0.9875 0
0.425 0.9875 0
0.4375 0.9875 0
0.45 0.9875 0
0.4625 0.9875 0
0.475 0.9875 0
0.4875 0.9875 0
0.5 0.9875 0
0.5125 0.9875 0
0.525 0.9875 0
0.5375 0.9875 0
0.55 0.9875 0
0.5625 0.9875 0
0.575 0.9875 0
0.5875 0.9875 0
0.6 0.9875 0
0.6125 0.9875 0
0.625 0.9875 0
0.6375 0.9875 0
0.65 0.9875 0
0.6625 0.9875 0
0.675 0.9875 0
0.6875 0.9875 0
0.7 0.9875 0
0.7125 0.9875 0
0.725 0.9875 0
0.7375 0.9875 0
0.75 0.9875 0
0.7625 0.9875 0
0.775 0.9875 0
0.7875 0.9875 0
0.8 0.9875 0
0.8125 0.9875 0
0.825 0.9875 0
0.8375 0.9875 0
0.85 0.9875 0
0.8625 0.9875 0
0.875 0.9875 0
0.8875 0.9875 0
0.9 0.9875 0
0.9125 0.9875 0
0.925 0.9875 0
0.9375 0.9875 0
0.95 0.9875 0
0.9625 0.9875 0
0.975 0.9875 0
0.9875 0.9875 0
$EndNodes
$Elements
6 6720 1 6720
1 1 1 80
1 1 6
2 6 7
3 7 8
4 8 9
5 9 10
6 10 11
7 11 12
8 12 13
9 13 14
10 14 15
11 15 16
12 16 17
13 17 18
14 18 19
15 19 20
16 20 21
17 21 22
18 22 23
19 23 24
20 24 25
21 25 26
22 26 27
23 27 28
24 28 29
25 29 30
26 30 31
27 31 32
28 32 33
29 33 34
30 34 35
31 35 36
32 36 37
33 37 38
34 38 39
35 39 40
36 40 41
37 41 42
38 42 43
39 43 44
40 44 45
41 45 46
42 46 47
43 47 48
44 48 49
45 49 50
46 50 51
47 51 52
48 52 53
49 53 54
50 54 55
51 55 56
52 56 57
53 57 58
54 58 59
55 59 60
56 60 61
57 61 62
58 62 63
59 63 64
60 64 65
61 65 66
62 66 67
63 67 68
64 68 69
65 69 70
66 70 71
67 71 72
68 72 73
69 73 74
70 74 75
71 75 76
72 76 77
73 77 78
74 78 79
75 79 80
76 80 81
77 81 82
78 82 83
79 83 84
80 84 2
1 2 1 80
81 2 85
82 85 86
83 86 87
84 87 88
85 88 89
86 89 90
87 90 91
88 91 92
89 92 93
90 93 94
91 94 95
92 95 96
93 96 97
94 97 98
95 98 99
96 99 100
97 100 101
98 101 102
99 102 103
100 103 104
101 104 105
102 105 106
103 106 107
104 107 108
105 108 109
106 109 110
107 110 111
108 111 112
109 112 113
110 113 114
111 114 115
112 115 116
113 116 117
114 117 118
115 118 119
116 119 120
117 120 121
118 121 122
119 122 123
120 123 124
121 124 125
122 125 126
123 126 127
124 127 128
125 128 129
126 129 130
127 130 131
128 131 132
129 132 133
130 133 134
131 134 135
132 135 136
133 136 137
134 137 138
135 138 139
136 139 140
137 140 141
138 141 142
139 142 143
140 143 144
141 144 145
142 145 146
143 146 147
144 147 148
145 148 149
146 149 150
147 150 151
148 151 152
149 152 153
150 153 154
151 154 155
152 155 156
153 156 157
154 157 158
155 158 159
156 159 160
157 160 161
158 161 162
159 162 163
160 163 3
1 3 1 80
161 3 164
162 164 165
163 165 166
164 166 167
165 167 168
166 168 169
167 169 170
168 170 171
169 171 172
170 172 173
171 173 174
172 174 175
173 175 176
174 176 177
175 177 178
176 178 179
177 179 180
178 180 181
179 181 182
180 182 183
181 183 184
182 184 185
183 185 186
184 186 187
185 187 188
186 188 189
187 189 190
188 190 191
189 191 192
190 192 193
191 193 194
192 194 195
193 195 196
194 196 197
195 197 198
196 198 199
197 199 200
198 200 201
199 201 202
200 202 203
201 203 204
202 204 205
203 205 206
204 206 207
205 207 208
206 208 209
207 209 210
208 210 211
209 211 212
210 212 213
211 213 214
212 214 215
213 215 216
214 216 217
215 217 218
216 218 219
217 219 220
218 220 221
219 221 222
220 222 223
221 223 224
222 224 225
223 225 226
224 226 227
225 227 228
226 228 229
227 229 230
228 230 231
229 231 232
230 232 233
231 233 234
232 234 235
233 235 236
234 236 237
235 237 238
236 238 239
237 239 240
238 240 241
239 241 242
240 242 4
1 4 1 48
241 4 243
242 243 244
243 244 245
244 245 246
245 246 247
246 247 248
247 248 249
248 249 250
249 250 251
250 251 252
251 252 253
252 253 254
253 254 255
254 255 256
255 256 257
256 257 258
257 258 259
258 259 260
259 260 261
260 261 262
261 262 263
262 263 264
263 264 265
264 265 266
265 266 267
266 267 268
267 268 269
268 269 270
269 270 271
270 271 272
271 272 273
272 273 274
273 274 275
274 275 276
275 276 277
276 277 278
277 278 279
278 279 280
279 280 281
280 281 282
281 282 283
282 283 284
283 284 285
284 285 286
285 286 287
286 287 288
287 288 289
288 289 5
1 5 1 32
289 5 290
290 290 291
291 291 292
292 292 293
293 293 294
294 294 295
295 295 296
296 296 297
297 297 298
298 298 299
299 299 300
300 300 301
301 301 302
302 302 303
303 303 304
304 304 305
305 305 306
306 306 307
307 307 308
308 308 309
309 309 310
310 310 311
311 311 312
312 312 313
313 313 314
314 314 315
315 315 316
316 316 317
317 317 318
318 318 319
319 319 320
320 320 1
2 1 3 6400
321 1 6 321 320
322 6 7 322 321
323 7 8 323 322
324 8 9 324 323
325 9 10 325 324
326 10 11 326 325
327 11 12 327 326
328 12 13 328 327
329 13 14 329 328
330 14 15 330 329
331 15 16 331 330
332 16 17 332 331
333 17 18 333 332
334 18 19 334 333
335 19 20 335 334
336 20 21 336 335
337 21 22 337 336
338 22 23 338 337
339 23 24 339 338
340 24 25 340 339
341 25 26 341 340
342 26 27 342 341
343 27 28 343 342
344 28 29 344 343
345 29 30 345 344
346 30 31 346 345
347 31 32 347 346
348 32 33 348 347
349 33 34 349 348
350 34 35 350 349
351 35 36 351 350
352 36 37 352 351
353 37 38 353 352
354 38 39 354 353
355 39 40 355 354
356 40 41 356 355
357 41 42 357 356
358 42 43 358 357
359 43 44 359 358
360 44 45 360 359
361 45 46 361 360
362 46 47 362 361
363 47 48 363 362
364 48 49 364 363
365 49 50 365 364
366 50 51 366 365
367 51 52 367 366
368 52 53 368 367
369 53 54 369 368
370 54 55 370 369
371 55 56 371 370
372 56 57 372 371
373 57 58 373 372
374 58 59 374 373
375 59 60 375 374
376 60 61 376 375
377 61 62 377 376
378 62 63 378 377
379 63 64 379 378
380 64 65 380 379
381 65 66 381 380
382 66 67 382 381
383 67 68 383 382
384 68 69 384 383
385 69 70 385 384
386 70 71 386 385
387 71 72 387 386
388 72 73 388 387
389 73 74 389 388
390 74 75 390 389
391 75 76 391 390
392 76 77 392 391
393 77 78 393 392
394 78 79 394 393
395 79 80 395 394
396 80 81 396 395
397 81 82 397 396
398 82 83 398 397
399 83 84 399 398
400 84 2 85 399
401 320 321 400 319
402 321 322 401 400
403 322 323 402 401
404 323 324 403 402
405 324 325 404 403
406 325 326 405 404
407 326 327 406 405
408 327 328 407 406
409 328 329 408 407
410 329 330 409 408
411 330 331 410 409
412 331 332 411 410
413 332 333 412 411
414 333 334 413 412
415 334 335 414 413
416 335 336 415 414
417 336 337 416 415
418 337 338 417 416
419 338 339 418 417
420 339 340 419 418
421 340 341 420 419
422 341 342 421 420
423 342 343 422 421
424 343 344 423 422
425 344 345 424 423
426 345 346 425 424
427 346 347 426 425
428 347 348 427 426
429 348 349 428 427
430 349 350 429 428
431 350 351 430 429
432 351 352 431 430
433 352 353 432 431
434 353 354 433 432
435 354 355 434 433
436 355 356 435 434
437 356 357 436 435
438 357 358 437 436
439 358 359 438 437
440 359 360 439 438
441 360 361 440 439
442 361 362 441 440
443 362 363 442 441
444 363 364 443 442
445 364 365 444 443
446 365 366 445 444
447 366 367 446 445
448 367 368 447 446
449 368 369 448 447
450 369 370 449 448
451 370 371 450 449
452 371 372 451 450
453 372 373 452 451
454 373 374 453 452
455 374 375 454 453
456 375 376 455 454
457 376 377 456 455
458 377 378 457 456
459 378 379 458 457
460 379 380 459 458
461 380 381 460 459
462 381 382 461 460
463 382 383 462 461
464 383 384 463 462
465 384 385 464 463
466 385 386 465 464
467 386 387 466 465
468 387 388 467 466
469 388 389 468 467
470 389 390 469 468
471 390 391 470 469
472 391 392 471 470
473 392 393 472 471
474 393 394 473 472
475 394 395 474 473
476 395 396 475 474
477 396 397 476 475
478 397 398 477 476
479 398 399 478 477
480 399 85 86 478
481 319 400 479 318
482 400 401 480 479
483 401 402 481 480
484 402 403 482 481
485 403 404 483 482
486 404 405 484 483
487 405 406 485 484
488 406 407 486 485
489 407 408 487 486
490 408 409 488 487
491 409 410 489 488
492 410 411 490 489
493 411 412 491 490
494 412 413 492 491
495 413 414 493 492
496 414 415 494 493
497 415 416 495 494
498 416 417 496 495
499 417 418 497 496
500 418 419 498 497
501 419 420 499 498
502 420 421 500 499
503 421 422 501 500
504 422 423 502 501
505 423 424 503 502
506 424 425 504 503
507 425 426 505 504
508 426 427 506 505
509 427 428 507 506
510 428 429 508 507
511 429 430 509 508
512 430 431 510 509
513 431 432 511 510
514 432 433 512 511
515 433 434 513 512
516 434 435 514 513
517 435 436 515 514
518 436 437 516 515
519 437 438 517 516
520 438 439 518 517
521 439 440 519 518
522 440 441 520 519
523 441 442 521 520
524 442 443 522 521
525 443 444 523 522
526 444 445 524 523
527 445 446 525 524
528 446 447 526 525
529 447 448 527 526
530 448 449 528 527
531 449 450 529 528
532 450 451 530 529
533 451 452 531 530
534 452 453 532 531
535 453 454 533 532
536 454 455 534 533
537 455 456 535 534
538 456 457 536 535
539 457 458 537 536
540 458 459 538 537
541 459 460 539 538
542 460 461 540 539
543 461 462 541 540
544 462 463 542 541
545 463 464 543 542
546 464 465 544 543
547 465 466 545 544
548 466 467 546 545
549 467 468 547 546
550 468 469 548 547
551 469 470 549 548
552 470 471 550 549
553 471 472 551 550
554 472 473 552 551
555 473 474 553 552
556 474 475 554 553
557 475 476 555 554
558 476 477 556 555
559 477 478 557 556
560 478 86 87 557
561 318 479 558 317
562 479 480 559 558
563 480 481 560 559
564 481 482 561 560
565 482 483 562 561
566 483 484 563 562
567 484 485 564 563
568 485 486 565 564
569 486 487 566 565
570 487 488 567 566
571 488 489 568 567
572 489 490 569 568
573 490 491 570 569
574 491 492 571 570
575 492 493 572 571
576 493 494 573 572
577 494 495 574 573
578 495 496 575 574
579 496 497 576 575
580 497 498 577 576
581 498 499 578 577
582 499 500 579 578
583 500 501 580 579
584 501 502 581 580
585 502 503 582 581
586 503 504 583 582
587 504 505 584 583
588 505 506 585 584
589 506 507 586 585
590 507 508 587 586
591 508 509 588 587
592 509 510 589 588
593 510 511 590 589
594 511 512 591 590
595 512 513 592 591
596 513 514 593 592
597 514 515 594 593
598 515 516 595 594
599 516 517 596 595
600 517 518 597 596
601 518 519 598 597
602 519 520 599 598
603 520 521 600 599
604 521 522 601 600
605 522 523 602 601
606 523 524 603 602
607 524 525 604 603
608 525 526 605 604
609 526 527 606 605
610 527 528 607 606
611 528 529 608 607
612 529 530 609 608
613 530 531 610 609
614 531 532 611 610
615 532 533 612 611
616 533 534 613 612
617 534 535 614 613
618 535 536 615 614
619 536 537 616 615
620 537 538 617 616
621 538 539 618 617
622 539 540 619 618
623 540 541 620 619
624 541 542 621 620
625 542 543 622 621
626 543 544 623 622
627 544 545 624 623
628 545 546 625 624
629 546 547 626 625
630 547 548 627 626
631 548 549 628 627
632 549 550 629 628
633 550 551 630 629
634 551 552 631 630
635 552 553 632 631
636 553 554 633 632
637 554 555 634 633
638 555 556 635 634
639 556 557 636 635
640 557 87 88 636
641 317 558 637 316
642 558 559 638 637
643 559 560 639 638
644 560 561 640 639
645 561 562 641 640
646 562 563 642 641
647 563 564 643 642
648 564 565 644 643
649 565 566 645 644
650 566 567 646 645
651 567 568 647 646
652 568 569 648 647
653 569 570 649 648
654 570 571 650 649
655 571 572 651 650
656 572 573 652 651
657 573 574 653 652
658 574 575 654 653
659 575 576 655 654
660 576 577 656 655
661 577 578 657 656
662 578 579 658 657
663 579 580 659 658
664 580 581 660 659
665 581 582 661 660
666 582 583 662 661
667 583 584 663 662
668 584 585 664 663
669 585 586 665 664
670 586 587 666 665
671 587 588 667 666
672 588 589 668 667
673 589 590 669 668
674 590 591 670 669
675 591 592 671 670
676 592 593 672 671
677 593 594 673 672
678 594 595 674 673
679 595 596 675 674
680 596 597 676 675
681 597 598 677 676
682 598 599 678 677
683 599 600 679 678
684 600 601 680 679
685 601 602 681 680
686 602 603 682 681
687 603 604 683 682
688 604 605 684 683
689 605 606 685 684
690 606 607 686 685
691 607 608 687 686
692 608 609 688 687
693 609 610 689 688
694 610 611 690 689
695 611 612 691 690
696 612 613 692 691
697 613 614 693 692
698 614 615 694 693
699 615 616 695 694
700 616 617 696 695
701 617 618 697 696
702 618 619 698 697
703 619 620 699 698
704 620 621 700 699
705 621 622 701 700
706 622 623 702 701
707 623 624 703 702
708 624 625 704 703
709 625 626 705 704
710 626 627 706 705
711 627 628 707 706
712 628 629 708 707
713 629 630 709 708
714 630 631 710 709
715 631 632 711 710
716 632 633 712 711
717 633 634 713 712
718 634 635 714 713
719 635 636 715 714
720 636 88 89 715
721 316 637 716 315
722 637 638 717 716
723 638 639 718 717
724 639 640 719 718
725 640 641 720 719
726 641 642 721 720
727 642 643 722 721
728 643 644 723 722
729 644 645 724 723
730 645 646 725 724
731 646 647 726 725
732 647 648 727 726
733 648 649 728 727
734 649 650 729 728
735 650 651 730 729
736 651 652 731 730
737 652 653 732 731
738 653 654 733 732
739 654 655 734 733
740 655 656 735 734
741 656 657 736 735
742 657 658 737 736
743 658 659 738 737
744 659 660 739 738
745 660 661 740 739
746 661 662 741 740
747 662 663 742 741
748 663 664 743 742
749 664 665 744 743
750 665 666 745 744
751 666 667 746 745
752 667 668 747 746
753 668 669 748 747
754 669 670 749 748
755 670 671 750 749
756 671 672 751 750
757 672 673 752 751
758 673 674 753 752
759 674 675 754 753
760 675 676 755 754
761 676 677 756 755
762 677 678 757 756
763 678 679 758 757
764 679 680 759 758
765 680 681 760 759
766 681 682 761 760
767 682 683 762 761
768 683 684 763 762
769 684 685 764 763
770 685 686 765 764
771 686 687 766 765
772 687 688 767 766
773 688 689 768 767
774 689 690 769 768
775 690 691 770 769
776 691 692 771 770
777 692 693 772 771
778 693 694 773 772
779 694 695 774 773
780 695 696 775 774
781 696 697 776 775
782 697 698 777 776
783 698 699 778 777
784 699 700 779 778
785 700 701 780 779
786 701 702 781 780
787 702 703 782 781
788 703 704 783 782
789 704 705 784 783
790 705 706 785 784
791 706 707 786 785
792 707 708 787 786
793 708 709 788 787
794 709 710 789 788
795 710 711 790 789
796 711 712 791 790
797 712 713 792 791
798 713 714 793 792
799 714 715 794 793
800 715 89 90 794
801 315 716 795 314
802 716 717 796 795
803 717 718 797 796
804 718 719 798 797
805 719 720 799 798
806 720 721 800 799
807 721 722 801 800
808 722 723 802 801
809 723 724 803 802
810 724 725 804 803
811 725 726 805 804
812 726 727 806 805
813 727 728 807 806
814 728 729 808 807
815 729 730 809 808
816 730 731 810 809
817 731 732 811 810
818 732 733 812 811
819 733 734 813 812
820 734 735 814 813
821 735 736 815 814
822 736 737 816 815
823 737 738 817 816
824 738 739 818 817
825 739 740 819 818
826 740 741 820 819
827 741 742 821 820
828 742 743 822 821
829 743 744 823 822
830 744 745 824 823
831 745 746 825 824
832 746 747 826 825
833 747 748 827 826
834 748 749 828 827
835 749 750 829 828
836 750 751 830 829
837 751 752 831 830
838 752 753 832 831
839 753 754 833 832
840 754 755 834 833
841 755 756 835 834
842 756 757 836 835
843 757 758 837 836
844 758 759 838 837
845 759 760 839 838
846 760 761 840 839
847 761 762 841 840
848 762 763 842 841
849 763 764 843 842
850 764 765 844 843
851 765 766 845 844
852 766 767 846 845
853 767 768 847 846
854 768 769 848 847
855 769 770 849 848
856 770 771 850 849
857 771 772 851 850
858 772 773 852 851
859 773 774 853 852
860 774 775 854 853
861 775 776 855 854
862 776 777 856 855
863 777 778 857 856
864 778 779 858 857
865 779 780 859 858
866 780 781 860 859
867 781 782 861 860
868 782 783 862 861
869 783 784 863 862
870 784 785 864 863
871 785 786 865 864
872 786 787 866 865
873 787 788 867 866
874 788 789 868 867
875 789 790 869 868
876 790 791 870 869
877 791 792 871 870
878 792 793 872 871
879 793 794 873 872
880 794 90 91 873
881 314 795 874 313
882 795 796 875 874
883 796 797 876 875
884 797 798 877 876
885 798 799 878 877
886 799 800 879 878
887 800 801 880 879
888 801 802 881 880
889 802 803 882 881
890 803 804 883 882
891 804 805 884 883
892 805 806 885 884
893 806 807 886 885
894 807 808 887 886
895 808 809 888 887
896 809 810 889 888
897 810 811 890 889
898 811 812 891 890
899 812 813 892 891
900 813 814 893 892
901 814 815 894 893
902 815 816 895 894
903 816 817 896 895
904 817 818 897 896
905 818 819 898 897
906 819 820 899 898
907 820 821 900 899
908 821 822 901 900
909 822 823 902 901
910 823 824 903 902
911 824 825 904 903
912 825 826 905 904
913 826 827 906 905
914 827 828 907 906
915 828 829 908 907
916 829 830 909 908
917 830 831 910 909
918 831 832 911 910
919 832 833 912 911
920 833 834 913 912
921 834 835 914 913
922 835 836 915 914
923 836 837 916 915
924 837 838 917 916
925 838 839 918 917
926 839 840 919 918
927 840 841 920 919
928 841 842 921 920
929 842 843 922 921
930 843 844 923 922
931 844 845 924 923
932 845 846 925 924
933 846 847 926 925
934 847 848 927 926
935 848 849 928 927
936 849 850 929 928
937 850 851 930 929
938 851 852 931 930
939 852 853 932 931
940 853 854 933 932
941 854 855 934 933
942 855 856 935 934
943 856 857 936 935
944 857 858 937 936
945 858 859 938 937
946 859 860 939 938
947 860 861 940 939
948 861 862 941 940
949 862 863 942 941
950 863 864 943 942
951 864 865 944 943
952 865 866 945 944
953 866 867 946 945
954 867 868 947 946
955 868 869 948 947
956 869 870 949 948
957 870 871 950 949
958 871 872 951 950
959 872 873 952 951
960 873 91 92 952
961 313 874 953 312
962 874 875 954 953
963 875 876 955 954
964 876 877 956 955
965 877 878 957 956
966 878 879 958 957
967 879 880 959 958
968 880 881 960 959
969 881 882 961 960
970 882 883 962 961
971 883 884 963 962
972 884 885 964 963
973 885 886 965 964
974 886 887 966 965
975 887 888 967 966
976 888 889 968 967
977 889 890 969 968
978 890 891 970 969
979 891 892 971 970
980 892 893 972 971
981 893 894 973 972
982 894 895 974 973
983 895 896 975 974
984 896 897 976 975
985 897 898 977 976
986 898 899 978 977
987 899 900 979 978
988 900 901 980 979
989 901 902 981 980
990 902 903 982 981
991 903 904 983 982
992 904 905 984 983
993 905 906 985 984
994 906 907 986 985
995 907 908 987 986
996 908 909 988 987
997 909 910 989 988
998 910 911 990 989
999 911 912 991 990
1000 912 913 992 991
1001 913 914 993 992
1002 914 915 994 993
1003 915 916 995 994
1004 916 917 996 995
1005 917 918 997 996
1006 918 919 998 997
1007 919 920 999 998
1008 920 921 1000 999
1009 921 922 1001 1000
1010 922 923 1002 1001
1011 923 924 1003 1002
1012 924 925 1004 1003
1013 925 926 1005 1004
1014 926 927 1006 1005
1015 927 928 1007 1006
1016 928 929 1008 1007
1017 929 930 1009 1008
1018 930 931 1010 1009
1019 931 932 1011 1010
1020 932 933 1012 1011
1021 933 934 1013 1012
1022 934 935 1014 1013
1023 935 936 1015 1014
1024 936 937 1016 1015
1025 937 938 1017 1016
1026 938 939 1018 1017
1027 939 940 1019 1018
1028 940 941 1020 1019
1029 941 942 1021 1020
1030 942 943 1022 1021
1031 943 944 1023 1022
1032 944 945 1024 1023
1033 945 946 1025 1024
1034 946 947 1026 1025
1035 947 948 1027 1026
1036 948 949 1028 1027
1037 949 950 1029 1028
1038 950 951 1030 1029
1039 951 952 1031 1030
1040 952 92 93 1031
1041 312 953 1032 311
1042 953 954 1033 1032
1043 954 955 1034 1033
1044 955 956 1035 1034
1045 956 957 1036 1035
1046 957 958 1037 1036
1047 958 959 1038 1037
1048 959 960 1039 1038
1049 960 961 1040 1039
1050 961 962 1041 1040
1051 962 963 1042 1041
1052 963 964 1043 1042
1053 964 965 1044 1043
1054 965 966 1045 1044
1055 966 967 1046 1045
1056 967 968 1047 1046
1057 968 969 1048 1047
1058 969 970 1049 1048
1059 970 971 1050 1049
1060 971 972 1051 1050
1061 972 973 1052 1051
1062 973 974 1053 1052
1063 974 975 1054 1053
1064 975 976 1055 1054
1065 976 977 1056 1055
1066 977 978 1057 1056
1067 978 979 1058 1057
1068 979 980 1059 1058
1069 980 981 1060 1059
1070 981 982 1061 1060
1071 982 983 1062 1061
1072 983 984 1063 1062
1073 984 985 1064 1063
1074 985 986 1065 1064
1075 986 987 1066 1065
1076 987 988 1067 1066
1077 988 989 1068 1067
1078 989 990 1069 1068
1079 990 991 1070 1069
1080 991 992 1071 1070
1081 992 993 1072 1071
1082 993 994 1073 1072
1083 994 995 1074 1073
1084 995 996 1075 1074
1085 996 997 1076 1075
1086 997 998 1077 1076
1087 998 999 1078 1077
1088 999 1000 1079 1078
1089 1000 1001 1080 1079
1090 1001 1002 1081 1080
1091 1002 1003 1082 1081
1092 1003 1004 1083 1082
1093 1004 1005 1084 1083
1094 1005 1006 1085 1084
1095 1006 1007 1086 1085
1096 1007 1008 1087 1086
1097 1008 1009 1088 1087
1098 1009 1010 1089 1088
1099 1010 1011 1090 1089
1100 1011 1012 1091 1090
1101 1012 1013 1092 1091
1102 1013 1014 1093 1092
1103 1014 1015 1094 1093
1104 1015 1016 1095 1094
1105 1016 1017 1096 1095
1106 1017 1018 1097 1096
1107 1018 1019 1098 1097
1108 1019 1020 1099 1098
1109 1020 1021 1100 1099
1110 1021 1022 1101 1100
1111 1022 1023 1102 1101
1112 1023 1024 1103 1102
1113 1024 1025 1104 1103
1114 1025 1026 1105 1104
1115 1026 1027 1106 1105
1116 1027 1028 1107 1106
1117 1028 1029 1108 1107
1118 1029 1030 1109 1108
1119 1030 1031 1110 1109
1120 1031 93 94 1110
1121 311 1032 1111 310
1122 1032 1033 1112 1111
1123 1033 1034 1113 1112
1124 1034 1035 1114 1113
1125 1035 1036 1115 1114
1126 1036 1037 1116 1115
1127 1037 1038 1117 1116
1128 1038 1039 1118 1117
1129 1039 1040 1119 1118
1130 1040 1041 1120 1119
1131 1041 1042 1121 1120
1132 1042 1043 1122 1121
1133 1043 1044 1123 1122
1134 1044 1045 1124 1123
1135 1045 1046 1125 1124
1136 1046 1047 1126 1125
1137 1047 1048 1127 1126
1138 1048 1049 1128 1127
1139 1049 1050 1129 1128
1140 1050 1051 1130 1129
1141 1051 1052 1131 1130
1142 1052 1053 1132 1131
1143 1053 1054 1133 1132
1144 1054 1055 1134 1133
1145 1055 1056 1135 1134
1146 1056 1057 1136 1135
1147 1057 1058 1137 1136
1148 1058 1059 1138 1137
1149 1059 1060 1139 1138
1150 1060 1061 1140 1139
1151 1061 1062 1141 1140
1152 1062 1063 1142 1141
1153 1063 1064 1143 1142
1154 1064 1065 1144 1143
1155 1065 1066 1145 1144
1156 1066 1067 1146 1145
1157 1067 1068 1147 1146
1158 1068 1069 1148 1147
1159 1069 1070 1149 1148
1160 1070 1071 1150 1149
1161 1071 1072 1151 1150
1162 1072 1073 1152 1151
1163 1073 1074 1153 1152
1164 1074 1075 1154 1153
1165 1075 1076 1155 1154
1166 1076 1077 1156 1155
1167 1077 1078 1157 1156
1168 1078 1079 1158 1157
1169 1079 1080 1159 1158
1170 1080 1081 1160 1159
1171 1081 1082 1161 1160
1172 1082 1083 1162 1161
1173 1083 1084 1163 1162
1174 1084 1085 1164 1163
1175 1085 1086 1165 1164
1176 1086 1087 1166 1165
1177 1087 1088 1167 1166
1178 1088 1089 1168 1167
1179 1089 1090 1169 1168
1180 1090 1091 1170 1169
1181 1091 1092 1171 1170
1182 1092 1093 1172 1171
1183 1093 1094 1173 1172
1184 1094 1095 1174 1173
1185 1095 1096 1175 1174
1186 1096 1097 1176 1175
1187 1097 1098 1177 1176
1188 1098 1099 1178 1177
1189 1099 1100 1179 1178
1190 1100 1101 1180 1179
1191 1101 1102 1181 1180
1192 1102 1103 1182 1181
1193 1103 1104 1183 1182
1194 1104 1105 1184 1183
1195 1105 1106 1185 1184
1196 1106 1107 1186 1185
1197 1107 1108 1187 1186
1198 1108 1109 1188 1187
1199 1109 1110 1189 1188
1200 1110 94 95 1189
1201 310 1111 1190 309
1202 1111 1112 1191 1190
1203 1112 1113 1192 1191
1204 1113 1114 1193 1192
1205 1114 1115 1194 1193
1206 1115 1116 1195 1194
1207 1116 1117 1196 1195
1208 1117 1118 1197 1196
1209 1118 1119 1198 1197
1210 1119 1120 1199 1198
1211 1120 1121 1200 1199
1212 1121 1122 1201 1200
1213 1122 1123 1202 1201
1214 1123 1124 1203 1202
1215 1124 1125 1204 1203
1216 1125 1126 1205 1204
1217 1126 1127 1206 1205
1218 1127 1128 1207 1206
1219 1128 1129 1208 1207
1220 1129 1130 1209 1208
1221 1130 1131 1210 1209
1222 1131 1132 1211 1210
1223 1132 1133 1212 1211
1224 1133 1134 1213 1212
1225 1134 1135 1214 1213
1226 1135 1136 1215 1214
1227 1136 1137 1216 1215
1228 1137 1138 1217 1216
1229 1138 1139 1218 1217
1230 1139 1140 1219 1218
1231 1140 1141 1220 1219
1232 1141 1142 1221 1220
1233 1142 1143 1222 1221
1234 1143 1144 1223 1222
1235 1144 1145 1224 1223
1236 1145 1146 1225 1224
1237 1146 1147 1226 1225
1238 1147 1148 1227 1226
1239 1148 1149 1228 1227
1240 1149 1150 1229 1228
1241 1150 1151 1230 1229
1242 1151 1152 1231 1230
1243 1152 1153 1232 1231
1244 1153 1154 1233 1232
1245 1154 1155 1234 1233
1246 1155 1156 1235 1234
1247 1156 1157 1236 1235
1248 1157 1158 1237 1236
1249 1158 1159 1238 1237
1250 1159 1160 1239 1238
1251 1160 1161 1240 1239
1252 1161 1162 1241 1240
1253 1162 1163 1242 1241
1254 1163 1164 1243 1242
1255 1164 1165 1244 1243
1256 1165 1166 1245 1244
1257 1166 1167 1246 1245
1258 1167 1168 1247 1246
1259 1168 1169 1248 1247
1260 1169 1170 1249 1248
1261 1170 1171 1250 1249
1262 1171 1172 1251 1250
1263 1172 1173 1252 1251
1264 1173 1174 1253 1252
1265 1174 1175 1254 1253
1266 1175 1176 1255 1254
1267 1176 1177 1256 1255
1268 1177 1178 1257 1256
1269 1178 1179 1258 1257
1270 1179 1180 1259 1258
1271 1180 1181 1260 1259
1272 1181 1182 1261 1260
1273 1182 1183 1262 1261
1274 1183 1184 1263 1262
1275 1184 1185 1264 1263
1276 1185 1186 1265 1264
1277 1186 1187 1266 1265
1278 1187 1188 1267 1266
1279 1188 1189 1268 1267
1280 1189 95 96 1268
1281 309 1190 1269 308
1282 1190 1191 1270 1269
1283 1191 1192 1271 1270
1284 1192 1193 1272 1271
1285 1193 1194 1273 1272
1286 1194 1195 1274 1273
1287 1195 1196 1275 1274
1288 1196 1197 1276 1275
1289 1197 1198 1277 1276
1290 1198 1199 1278 1277
1291 1199 1200 1279 1278
1292 1200 1201 1280 1279
1293 1201 1202 1281 1280
1294 1202 1203 1282 1281
1295 1203 1204 1283 1282
1296 1204 1205 1284 1283
1297 1205 1206 1285 1284
1298 1206 1207 1286 1285
1299 1207 1208 1287 1286
1300 1208 1209 1288 1287
1301 1209 1210 1289 1288
1302 1210 1211 1290 1289
1303 1211 1212 1291 1290
1304 1212 1213 1292 1291
1305 1213 1214 1293 1292
1306 1214 1215 1294 1293
1307 1215 1216 1295 1294
1308 1216 1217 1296 1295
1309 1217 1218 1297 1296
1310 1218 1219 1298 1297
1311 1219 1220 1299 1298
1312 1220 1221 1300 1299
1313 1221 1222 1301 1300
1314 1222 1223 1302 1301
1315 1223 1224 1303 1302
1316 1224 1225 1304 1303
1317 1225 1226 1305 1304
1318 1226 1227 1306 1305
1319 1227 1228 1307 1306
1320 1228 1229 1308 1307
1321 1229 1230 1309 1308
1322 1230 1231 1310 1309
1323 1231 1232 1311 1310
1324 1232 1233 1312 1311
1325 1233 1234 1313 1312
1326 1234 1235 1314 1313
1327 1235 1236 1315 1314
1328 1236 1237 1316 1315
1329 1237 1238 1317 1316
1330 1238 1239 1318 1317
1331 1239 1240 1319 1318
1332 1240 1241 1320 1319
1333 1241 1242 1321 1320
1334 1242 1243 1322 1321
1335 1243 1244 1323 1322
1336 1244 1245 1324 1323
1337 1245 1246 1325 1324
1338 1246 1247 1326 1325
1339 1247 1248 1327 1326
1340 1248 1249 1328 1327
1341 1249 1250 1329 1328
1342 1250 1251 1330 1329
1343 1251 1252 1331 1330
1344 1252 1253 1332 1331
1345 1253 1254 1333 1332
1346 1254 1255 1334 1333
1347 1255 1256 1335 1334
1348 1256 1257 1336 1335
1349 1257 1258 1337 1336
1350 1258 1259 1338 1337
1351 1259 1260 1339 1338
1352 1260 1261 1340 1339
1353 1261 1262 1341 1340
1354 1262 1263 1342 1341
1355 1263 1264 1343 1342
1356 1264 1265 1344 1343
1357 1265 1266 1345 1344
1358 1266 1267 1346 1345
1359 1267 1268 1347 1346
1360 1268 96 97 1347
1361 308 1269 1348 307
1362 1269 1270 1349 1348
1363 1270 1271 1350 1349
1364 1271 1272 1351 1350
1365 1272 1273 1352 1351
1366 1273 1274 1353 1352
1367 1274 1275 1354 1353
1368 1275 1276 1355 1354
1369 1276 1277 1356 1355
1370 1277 1278 1357 1356
1371 1278 1279 1358 1357
1372 1279 1280 1359 1358
1373 1280 1281 1360 1359
1374 1281 1282 1361 1360
1375 1282 1283 1362 1361
1376 1283 1284 1363 1362
1377 1284 1285 1364 1363
1378 1285 1286 1365 1364
1379 1286 1287 1366 1365
1380 1287 1288 1367 1366
1381 1288 1289 1368 1367
1382 1289 1290 1369 1368
1383 1290 1291 1370 1369
1384 1291 1292 1371 1370
1385 1292 1293 1372 1371
1386 1293 1294 1373 1372
1387 1294 1295 1374 1373
1388 1295 1296 1375 1374
1389 1296 1297 1376 1375
1390 1297 1298 1377 1376
1391 1298 1299 1378 1377
1392 1299 1300 1379 1378
1393 1300 1301 1380 1379
1394 1301 1302 1381 1380
1395 1302 1303 1382 1381
1396 1303 1304 1383 1382
1397 1304 1305 1384 1383
1398 1305 1306 1385 1384
1399 1306 1307 1386 1385
1400 1307 1308 1387 1386
1401 1308 1309 1388 1387
1402 1309 1310 1389 1388
1403 1310 1311 1390 1389
1404 1311 1312 1391 1390
1405 1312 1313 1392 1391
1406 1313 1314 1393 1392
1407 1314 1315 1394 1393
1408 1315 1316 1395 1394
1409 1316 1317 1396 1395
1410 1317 1318 1397 1396
1411 1318 1319 1398 1397
1412 1319 1320 1399 1398
1413 1320 1321 1400 1399
1414 1321 1322 1401 1400
1415 1322 1323 1402 1401
1416 1323 1324 1403 1402
1417 1324 1325 1404 1403
1418 1325 1326 1405 1404
1419 1326 1327 1406 1405
1420 1327 1328 1407 1406
1421 1328 1329 1408 1407
1422 1329 1330 1409 1408
1423 1330 1331 1410 1409
1424 1331 1332 1411 1410
1425 1332 1333 1412 1411
1426 1333 1334 1413 1412
1427 1334 1335 1414 1413
1428 1335 1336 1415 1414
1429 1336 1337 1416 1415
1430 1337 1338 1417 1416
1431 1338 1339 1418 1417
1432 1339 1340 1419 1418
1433 1340 1341 1420 1419
1434 1341 1342 1421 1420
1435 1342 1343 1422 1421
1436 1343 1344 1423 1422
1437 1344 1345 1424 1423
1438 1345 1346 1425 1424
1439 1346 1347 1426 1425
1440 1347 97 98 1426
1441 307 1348 1427 306
1442 1348 1349 1428 1427
1443 1349 1350 1429 1428
1444 1350 1351 1430 1429
1445 1351 1352 1431 1430
1446 1352 1353 1432 1431
1447 1353 1354 1433 1432
1448 1354 1355 1434 1433
1449 1355 1356 1435 1434
1450 1356 1357 1436 1435
1451 1357 1358 1437 1436
1452 1358 1359 1438 1437
1453 1359 1360 1439 1438
1454 1360 1361 1440 1439
1455 1361 1362 1441 1440
1456 1362 1363 1442 1441
1457 1363 1364 1443 1442
1458 1364 1365 1444 1443
1459 1365 1366 1445 1444
1460 1366 1367 1446 1445
1461 1367 1368 1447 1446
1462 1368 1369 1448 1447
1463 1369 1370 1449 1448
1464 1370 1371 1450 1449
1465 1371 1372 1451 1450
1466 1372 1373 1452 1451
1467 1373 1374 1453 1452
1468 1374 1375 1454 1453
1469 1375 1376 1455 1454
1470 1376 1377 1456 1455
1471 1377 1378 1457 1456
1472 1378 1379 1458 1457
1473 1379 1380 1459 1458
1474 1380 1381 1460 1459
1475 1381 1382 1461 1460
1476 1382 1383 1462 1461
1477 1383 1384 1463 1462
1478 1384 1385 1464 1463
1479 1385 1386 1465 1464
1480 1386 1387 1466 1465
1481 1387 1388 1467 1466
1482 1388 1389 1468 1467
1483 1389 1390 1469 1468
1484 1390 1391 1470 1469
1485 1391 1392 1471 1470
1486 1392 1393 1472 1471
1487 1393 1394 1473 1472
1488 1394 1395 1474 1473
1489 1395 1396 1475 1474
1490 1396 1397 1476 1475
1491 1397 1398 1477 1476
1492 1398 1399 1478 1477
1493 1399 1400 1479 1478
1494 1400 1401 1480 1479
1495 1401 1402 1481 1480
1496 1402 1403 1482 1481
1497 1403 1404 1483 1482
1498 1404 1405 1484 1483
1499 1405 1406 1485 1484
1500 1406 1407 1486 1485
1501 1407 1408 1487 1486
1502 1408 1409 1488 1487
1503 1409 1410 1489 1488
1504 1410 1411 1490 1489
1505 1411 1412 1491 1490
1506 1412 1413 1492 1491
1507 1413 1414 1493 1492
1508 1414 1415 1494 1493
1509 1415 1416 1495 1494
1510 1416 1417 1496 1495
1511 1417 1418 1497 1496
1512 1418 1419 1498 1497
1513 1419 1420 1499 1498
1514 1420 1421 1500 1499
1515 1421 1422 1501 1500
1516 1422 1423 1502 1501
1517 1423 1424 1503 1502
1518 1424 1425 1504 1503
1519 1425 1426 1505 1504
1520 1426 98 99 1505
1521 306 1427 1506 305
1522 1427 1428 1507 1506
1523 1428 1429 1508 1507
1524 1429 1430 1509 1508
1525 1430 1431 1510 1509
1526 1431 1432 1511 1510
1527 1432 1433 1512 1511
1528 1433 1434 1513 1512
1529 1434 1435 1514 1513
1530 1435 1436 1515 1514
1531 1436 1437 1516 1515
1532 1437 1438 1517 1516
1533 1438 1439 1518 1517
1534 1439 1440 1519 1518
1535 1440 1441 1520 1519
1536 1441 1442 1521 1520
1537 1442 1443 1522 1521
1538 1443 1444 1523 1522
1539 1444 1445 1524 1523
1540 1445 1446 1525 1524
1541 1446 1447 1526 1525
1542 1447 1448 1527 1526
1543 1448 1449 1528 1527
1544 1449 1450 1529 1528
1545 1450 1451 1530 1529
1546 1451 1452 1531 1530
1547 1452 1453 1532 1531
1548 1453 1454 1533 1532
1549 1454 1455 1534 1533
1550 1455 1456 1535 1534
1551 1456 1457 1536 1535
1552 1457 1458 1537 1536
1553 1458 1459 1538 1537
1554 1459 1460 1539 1538
1555 1460 1461 1540 1539
1556 1461 1462 1541 1540
1557 1462 1463 1542 1541
1558 1463 1464 1543 1542
1559 1464 1465 1544 1543
1560 1465 1466 1545 1544
1561 1466 1467 1546 1545
1562 1467 1468 1547 1546
1563 1468 1469 1548 1547
1564 1469 1470 1549 1548
1565 1470 1471 1550 1549
1566 1471 1472 1551 1550
1567 1472 1473 1552 1551
1568 1473 1474 1553 1552
1569 1474 1475 1554 1553
1570 1475 1476 1555 1554
1571 1476 1477 1556 1555
1572 1477 1478 1557 1556
1573 1478 1479 1558 1557
1574 1479 1480 1559 1558
1575 1480 1481 1560 1559
1576 1481 1482 1561 1560
1577 1482 1483 1562 1561
1578 1483 1484 1563 1562
1579 1484 1485 1564 1563
1580 1485 1486 1565 1564
1581 1486 1487 1566 1565
1582 1487 1488 1567 1566
1583 1488 1489 1568 1567
1584 1489 1490 1569 1568
1585 1490 1491 1570 1569
1586 1491 1492 1571 1570
1587 1492 1493 1572 1571
1588 1493 1494 1573 1572
1589 1494 1495 1574 1573
1590 1495 1496 1575 1574
1591 1496 1497 1576 1575
1592 1497 1498 1577 1576
1593 1498 1499 1578 1577
1594 1499 1500 1579 1578
1595 1500 1501 1580 1579
1596 1501 1502 1581 1580
1597 1502 1503 1582 1581
1598 1503 1504 1583 1582
1599 1504 1505 1584 1583
1600 1505 99 100 1584
1601 305 1506 1585 304
1602 1506 1507 1586 1585
1603 1507 1508 1587 1586
1604 1508 1509 1588 1587
1605 1509 1510 1589 1588
1606 1510 1511 1590 1589
1607 1511 1512 1591 1590
1608 1512 1513 1592 1591
1609 1513 1514 1593 1592
1610 1514 1515 1594 1593
1611 1515 1516 1595 1594
1612 1516 1517 1596 1595
1613 1517 1518 1597 1596
1614 1518 1519 1598 1597
1615 1519 1520 1599 1598
1616 1520 1521 1600 1599
1617 1521 1522 1601 1600
1618 1522 1523 1602 1601
1619 1523 1524 1603 1602
1620 1524 1525 1604 1603
1621 1525 1526 1605 1604
1622 1526 1527 1606 1605
1623 1527 1528 1607 1606
1624 1528 1529 1608 1607
1625 1529 1530 1609 1608
1626 1530 1531 1610 1609
1627 1531 1532 1611 1610
1628 1532 1533 1612 1611
1629 1533 1534 1613 1612
1630 1534 1535 1614 1613
1631 1535 1536 1615 1614
1632 1536 1537 1616 1615
1633 1537 1538 1617 1616
1634 1538 1539 1618 1617
1635 1539 1540 1619 1618
1636 1540 1541 1620 1619
1637 1541 1542 1621 1620
1638 1542 1543 1622 1621
1639 1543 1544 1623 1622
1640 1544 1545 1624 1623
1641 1545 1546 1625 1624
1642 1546 1547 1626 1625
1643 1547 1548 1627 1626
1644 1548 1549 1628 1627
1645 1549 1550 1629 1628
1646 1550 1551 1630 1629
1647 1551 1552 1631 1630
1648 1552 1553 1632 1631
1649 1553 1554 1633 1632
1650 1554 1555 1634 1633
1651 1555 1556 1635 1634
1652 1556 1557 1636 1635
1653 1557 1558 1637 1636
1654 1558 1559 1638 1637
1655 1559 1560 1639 1638
1656 1560 1561 1640 1639
1657 1561 1562 1641 1640
1658 1562 1563 1642 1641
1659 1563 1564 1643 1642
1660 1564 1565 1644 1643
1661 1565 1566 1645 1644
1662 1566 1567 1646 1645
1663 1567 1568 1647 1646
1664 1568 1569 1648 1647
1665 1569 1570 1649 1648
1666 1570 1571 1650 1649
1667 1571 1572 1651 1650
1668 1572 1573 1652 1651
1669 1573 1574 1653 1652
1670 1574 1575 1654 1653
1671 1575 1576 1655 1654
1672 1576 1577 1656 1655
1673 1577 1578 1657 1656
1674 1578 1579 1658 1657
1675 1579 1580 1659 1658
1676 1580 1581 1660 1659
1677 1581 1582 1661 1660
1678 1582 1583 1662 1661
1679 1583 1584 1663 1662
1680 1584 100 101 1663
1681 304 1585 1664 303
1682 1585 1586 1665 1664
1683 1586 1587 1666 1665
1684 1587 1588 1667 1666
1685 1588 1589 1668 1667
1686 1589 1590 1669 1668
1687 1590 1591 1670 1669
1688 1591 1592 1671 1670
1689 1592 1593 1672 1671
1690 1593 1594 1673 1672
1691 1594 1595 1674 1673
1692 1595 1596 1675 1674
1693 1596 1597 1676 1675
1694 1597 1598 1677 1676
1695 1598 1599 1678 1677
1696 1599 1600 1679 1678
1697 1600 1601 1680 1679
1698 1601 1602 1681 1680
1699 1602 1603 1682 1681
1700 1603 1604 1683 1682
1701 1604 1605 1684 1683
1702 1605 1606 1685 1684
1703 1606 1607 1686 1685
1704 1607 1608 1687 1686
1705 1608 1609 1688 1687
1706 1609 1610 1689 1688
1707 1610 1611 1690 1689
1708 1611 1612 1691 1690
1709 1612 1613 1692 1691
1710 1613 1614 1693 1692
1711 1614 1615 1694 1693
1712 1615 1616 1695 1694
1713 1616 1617 1696 1695
1714 1617 1618 1697 1696
1715 1618 1619 1698 1697
1716 1619 1620 1699 1698
1717 1620 1621 1700 1699
1718 1621 1622 1701 1700
1719 1622 1623 1702 1701
1720 1623 1624 1703 1702
1721 1624 1625 1704 1703
1722 1625 1626 1705 1704
1723 1626 1627 1706 1705
1724 1627 1628 1707 1706
1725 1628 1629 1708 1707
1726 1629 1630 1709 1708
1727 1630 1631 1710 1709
1728 1631 1632 1711 1710
1729 1632 1633 1712 1711
1730 1633 1634 1713 1712
1731 1634 1635 1714 1713
1732 1635 1636 1715 1714
1733 1636 1637 1716 1715
1734 1637 1638 1717 1716
1735 1638 1639 1718 1717
1736 1639 1640 1719 1718
1737 1640 1641 1720 1719
1738 1641 1642 1721 1720
1739 1642 1643 1722 1721
1740 1643 1644 1723 1722
1741 1644 1645 1724 1723
1742 1645 1646 1725 1724
1743 1646 1647 1726 1725
1744 1647 1648 1727 1726
1745 1648 1649 1728 1727
1746 1649 1650 1729 1728
1747 1650 1651 1730 1729
1748 1651 1652 1731 1730
1749 1652 1653 1732 1731
1750 1653 1654 1733 1732
1751 1654 1655 1734 1733
1752 1655 1656 1735 1734
1753 1656 1657 1736 1735
1754 1657 1658 1737 1736
1755 1658 1659 1738 1737
1756 1659 1660 1739 1738
1757 1660 1661 1740 1739
1758 1661 1662 1741 1740
1759 1662 1663 1742 1741
1760 1663 101 102 1742
1761 303 1664 1743 302
1762 1664 1665 1744 1743
1763 1665 1666 1745 1744
1764 1666 1667 1746 1745
1765 1667 1668 1747 1746
1766 1668 1669 1748 1747
1767 1669 1670 1749 1748
1768 1670 1671 1750 1749
1769 1671 1672 1751 1750
1770 1672 1673 1752 1751
1771 1673 1674 1753 1752
1772 1674 1675 1754 1753
1773 1675 1676 1755 1754
1774 1676 1677 1756 1755
1775 1677 1678 1757 1756
1776 1678 1679 1758 1757
1777 1679 1680 1759 1758
1778 1680 1681 1760 1759
1779 1681 1682 1761 1760
1780 1682 1683 1762 1761
1781 1683 1684 1763 1762
1782 1684 1685 1764 1763
1783 1685 1686 1765 1764
1784 1686 1687 1766 1765
1785 1687 1688 1767 1766
1786 1688 1689 1768 1767
1787 1689 1690 1769 1768
1788 1690 1691 1770 1769
1789 1691 1692 1771 1770
1790 1692 1693 1772 1771
1791 1693 1694 1773 1772
1792 1694 1695 1774 1773
1793 1695 1696 1775 1774
1794 1696 1697 1776 1775
1795 1697 1698 1777 1776
1796 1698 1699 1778 1777
1797 1699 1700 1779 1778
1798 1700 1701 1780 1779
1799 1701 1702 1781 1780
1800 1702 1703 1782 1781
1801 1703 1704 1783 1782
1802 1704 1705 1784 1783
1803 1705 1706 1785 1784
1804 1706 1707 1786 1785
1805 1707 1708 1787 1786
1806 1708 1709 1788 1787
1807 1709 1710 1789 1788
1808 1710 1711 1790 1789
1809 1711 1712 1791 1790
1810 1712 1713 1792 1791
1811 1713 1714 1793 1792
1812 1714 1715 1794 1793
1813 1715 1716 1795 1794
1814 1716 1717 1796 1795
1815 1717 1718 1797 1796
1816 1718 1719 1798 1797
1817 1719 1720 1799 1798
1818 1720 1721 1800 1799
1819 1721 1722 1801 1800
1820 1722 1723 1802 1801
1821 1723 1724 1803 1802
1822 1724 1725 1804 1803
1823 1725 1726 1805 1804
1824 1726 1727 1806 1805
1825 1727 1728 1807 1806
1826 1728 1729 1808 1807
1827 1729 1730 1809 1808
1828 1730 1731 1810 1809
1829 1731 1732 1811 1810
1830 1732 1733 1812 1811
1831 1733 1734 1813 1812
1832 1734 1735 1814 1813
1833 1735 1736 1815 1814
1834 1736 1737 1816 1815
1835 1737 1738 1817 1816
1836 1738 1739 1818 1817
1837 1739 1740 1819 1818
1838 1740 1741 1820 1819
1839 1741 1742 1821 1820
1840 1742 102 103 1821
1841 302 1743 1822 301
1842 1743 1744 1823 1822
1843 1744 1745 1824 1823
1844 1745 1746 1825 1824
1845 1746 1747 1826 1825
1846 1747 1748 1827 1826
1847 1748 1749 1828 1827
1848 1749 1750 1829 1828
1849 1750 1751 1830 1829
1850 1751 1752 1831 1830
1851 1752 1753 1832 1831
1852 1753 1754 1833 1832
1853 1754 1755 1834 1833
1854 1755 1756 1835 1834
1855 1756 1757 1836 1835
1856 1757 1758 1837 1836
1857 1758 1759 1838 1837
1858 1759 1760 1839 1838
1859 1760 1761 1840 1839
1860 1761 1762 1841 1840
1861 1762 1763 1842 1841
1862 1763 1764 1843 1842
1863 1764 1765 1844 1843
1864 1765 1766 1845 1844
1865 1766 1767 1846 1845
1866 1767 1768 1847 1846
1867 1768 1769 1848 1847
1868 1769 1770 1849 1848
1869 1770 1771 1850 1849
1870 1771 1772 1851 1850
1871 1772 1773 1852 1851
1872 1773 1774 1853 1852
1873 1774 1775 1854 1853
1874 1775 1776 1855 1854
1875 1776 1777 1856 1855
1876 1777 1778 1857 1856
1877 1778 1779 1858 1857
1878 1779 1780 1859 1858
1879 1780 1781 1860 1859
1880 1781 1782 1861 1860
1881 1782 1783 1862 1861
1882 1783 1784 1863 1862
1883 1784 1785 1864 1863
1884 1785 1786 1865 1864
1885 1786 1787 1866 1865
1886 1787 1788 1867 1866
1887 1788 1789 1868 1867
1888 1789 1790 1869 1868
1889 1790 1791 1870 1869
1890 1791 1792 1871 1870
1891 1792 1793 1872 1871
1892 1793 1794 1873 1872
1893 1794 1795 1874 1873
1894 1795 1796 1875 1874
1895 1796 1797 1876 1875
1896 1797 1798 1877 1876
1897 1798 1799 1878 1877
1898 1799 1800 1879 1878
1899 1800 1801 1880 1879
1900 1801 1802 1881 1880
1901 1802 1803 1882 1881
1902 1803 1804 1883 1882
1903 1804 1805 1884 1883
1904 1805 1806 1885 1884
1905 1806 1807 1886 1885
1906 1807 1808 1887 1886
1907 1808 1809 1888 1887
1908 1809 1810 1889 1888
1909 1810 1811 1890 1889
1910 1811 1812 1891 1890
1911 1812 1813 1892 1891
1912 1813 1814 1893 1892
1913 1814 1815 1894 1893
1914 1815 1816 1895 1894
1915 1816 1817 1896 1895
1916 1817 1818 1897 1896
1917 1818 1819 1898 1897
1918 1819 1820 1899 1898
1919 1820 1821 1900 1899
1920 1821 103 104 1900
1921 301 1822 1901 300
1922 1822 1823 1902 1901
1923 1823 1824 1903 1902
1924 1824 1825 1904 1903
1925 1825 1826 1905 1904
1926 1826 1827 1906 1905
1927 1827 1828 1907 1906
1928 1828 1829 1908 1907
1929 1829 1830 1909 1908
1930 1830 1831 1910 1909
1931 1831 1832 1911 1910
1932 1832 1833 1912 1911
1933 1833 1834 1913 1912
1934 1834 1835 1914 1913
1935 1835 1836 1915 1914
1936 1836 1837 1916 1915
1937 1837 1838 1917 1916
1938 1838 1839 1918 1917
1939 1839 1840 1919 1918
1940 1840 1841 1920 1919
1941 1841 1842 1921 1920
1942 1842 1843 1922 1921
1943 1843 1844 1923 1922
1944 1844 1845 1924 1923
1945 1845 1846 1925 1924
1946 1846 1847 1926 1925
1947 1847 1848 1927 1926
1948 1848 1849 1928 1927
1949 1849 1850 1929 1928
1950 1850 1851 1930 1929
1951 1851 1852 1931 1930
1952 1852 1853 1932 1931
1953 1853 1854 1933 1932
1954 1854 1855 1934 1933
1955 1855 1856 1935 1934
1956 1856 1857 1936 1935
1957 1857 1858 1937 1936
1958 1858 1859 1938 1937
1959 1859 1860 1939 1938
1960 1860 1861 1940 1939
1961 1861 1862 1941 1940
1962 1862 1863 1942 1941
1963 1863 1864 1943 1942
1964 1864 1865 1944 1943
1965 1865 1866 1945 1944
1966 1866 1867 1946 1945
1967 1867 1868 1947 1946
1968 1868 1869 1948 1947
1969 1869 1870 1949 1948
1970 1870 1871 1950 1949
1971 1871 1872 1951 1950
1972 1872 1873 1952 1951
1973 1873 1874 1953 1952
1974 1874 1875 1954 1953
1975 1875 1876 1955 1954
1976 1876 1877 1956 1955
1977 1877 1878 1957 1956
1978 1878 1879 1958 1957
1979 1879 1880 1959 1958
1980 1880 1881 1960 1959
1981 1881 1882 1961 1960
1982 1882 1883 1962 1961
1983 1883 1884 1963 1962
1984 1884 1885 1964 1963
1985 1885 1886 1965 1964
1986 1886 1887 1966 1965
1987 1887 1888 1967 1966
1988 1888 1889 1968 1967
1989 1889 1890 1969 1968
1990 1890 1891 1970 1969
1991 1891 1892 1971 1970
1992 1892 1893 1972 1971
1993 1893 1894 1973 1972
1994 1894 1895 1974 1973
1995 1895 1896 1975 1974
1996 1896 1897 1976 1975
1997 1897 1898 1977 1976
1998 1898 1899 1978 1977
1999 1899 1900 1979 1978
2000 1900 104 105 1979
2001 300 1901 1980 299
2002 1901 1902 1981 1980
2003 1902 1903 1982 1981
2004 1903 1904 1983 1982
2005 1904 1905 1984 1983
2006 1905 1906 1985 1984
2007 1906 1907 1986 1985
2008 1907 1908 1987 1986
2009 1908 1909 1988 1987
2010 1909 1910 1989 1988
2011 1910 1911 1990 1989
2012 1911 1912 1991 1990
2013 1912 1913 1992 1991
2014 1913 1914 1993 1992
2015 1914 1915 1994 1993
2016 1915 1916 1995 1994
2017 1916 1917 1996 1995
2018 1917 1918 1997 1996
2019 1918 1919 1998 1997
2020 1919 1920 1999 1998
2021 1920 1921 2000 1999
2022 1921 1922 2001 2000
2023 1922 1923 2002 2001
2024 1923 1924 2003 2002
2025 1924 1925 2004 2003
2026 1925 1926 2005 2004
2027 1926 1927 2006 2005
2028 1927 1928 2007 2006
2029 1928 1929 2008 2007
2030 1929 1930 2009 2008
2031 1930 1931 2010 2009
2032 1931 1932 2011 2010
2033 1932 1933 2012 2011
2034 1933 1934 2013 2012
2035 1934 1935 2014 2013
2036 1935 1936 2015 2014
2037 1936 1937 2016 2015
2038 1937 1938 2017 2016
2039 1938 1939 2018 2017
2040 1939 1940 2019 2018
2041 1940 1941 2020 2019
2042 1941 1942 2021 2020
2043 1942 1943 2022 2021
2044 1943 1944 2023 2022
2045 1944 1945 2024 2023
2046 1945 1946 2025 2024
2047 1946 1947 2026 2025
2048 1947 1948 2027 2026
2049 1948 1949 2028 2027
2050 1949 1950 2029 2028
2051 1950 1951 2030 2029
2052 1951 1952 2031 2030
2053 1952 1953 2032 2031
2054 1953 1954 2033 2032
2055 1954 1955 2034 2033
2056 1955 1956 2035 2034
2057 1956 1957 2036 2035
2058 1957 1958 2037 2036
2059 1958 1959 2038 2037
2060 1959 1960 2039 2038
2061 1960 1961 2040 2039
2062 1961 1962 2041 2040
2063 1962 1963 2042 2041
2064 1963 1964 2043 2042
2065 1964 1965 2044 2043
2066 1965 1966 2045 2044
2067 1966 1967 2046 2045
2068 1967 1968 2047 2046
2069 1968 1969 2048 2047
2070 1969 1970 2049 2048
2071 1970 1971 2050 2049
2072 1971 1972 2051 2050
2073 1972 1973 2052 2051
2074 1973 1974 2053 2052
2075 1974 1975 2054 2053
2076 1975 1976 2055 2054
2077 1976 1977 2056 2055
2078 1977 1978 2057 2056
2079 1978 1979 2058 2057
2080 1979 105 106 2058
2081 299 1980 2059 298
2082 1980 1981 2060 2059
2083 1981 1982 2061 2060
2084 1982 1983 2062 2061
2085 1983 1984 2063 2062
2086 1984 1985 2064 2063
2087 1985 1986 2065 2064
2088 1986 1987 2066 2065
2089 1987 1988 2067 2066
2090 1988 1989 2068 2067
2091 1989 1990 2069 2068
2092 1990 1991 2070 2069
2093 1991 1992 2071 2070
2094 1992 1993 2072 2071
2095 1993 1994 2073 2072
2096 1994 1995 2074 2073
2097 1995 1996 2075 2074
2098 1996 1997 2076 2075
2099 1997 1998 2077 2076
2100 1998 1999 2078 2077
2101 1999 2000 2079 2078
2102 2000 2001 2080 2079
2103 2001 2002 2081 2080
2104 2002 2003 2082 2081
2105 2003 2004 2083 2082
2106 2004 2005 2084 2083
2107 2005 2006 2085 2084
2108 2006 2007 2086 2085
2109 2007 2008 2087 2086
2110 2008 2009 2088 2087
2111 2009 2010 2089 2088
2112 2010 2011 2090 2089
2113 2011 2012 2091 2090
2114 2012 2013 2092 2091
2115 2013 2014 2093 2092
2116 2014 2015 2094 2093
2117 2015 2016 2095 2094
2118 2016 2017 2096 2095
2119 2017 2018 2097 2096
2120 2018 2019 2098 2097
2121 2019 2020 2099 2098
2122 2020 2021 2100 2099
2123 2021 2022 2101 2100
2124 2022 2023 2102 2101
2125 2023 2024 2103 2102
2126 2024 2025 2104 2103
2127 2025 2026 2105 2104
2128 2026 2027 2106 2105
2129 2027 2028 2107 2106
2130 2028 2029 2108 2107
2131 2029 2030 2109 2108
2132 2030 2031 2110 2109
2133 2031 2032 2111 2110
2134 2032 2033 2112 2111
2135 2033 2034 2113 2112
2136 2034 2035 2114 2113
2137 2035 2036 2115 2114
2138 2036 2037 2116 2115
2139 2037 2038 2117 2116
2140 2038 2039 2118 2117
2141 2039 2040 2119 2118
2142 2040 2041 2120 2119
2143 2041 2042 2121 2120
2144 2042 2043 2122 2121
2145 2043 2044 2123 2122
2146 2044 2045 2124 2123
2147 2045 2046 2125 2124
2148 2046 2047 2126 2125
2149 2047 2048 2127 2126
2150 2048 2049 2128 2127
2151 2049 2050 2129 2128
2152 2050 2051 2130 2129
2153 2051 2052 2131 2130
2154 2052 2053 2132 2131
2155 2053 2054 2133 2132
2156 2054 2055 2134 2133
2157 2055 2056 2135 2134
2158 2056 2057 2136 2135
2159 2057 2058 2137 2136
2160 2058 106 107 2137
2161 298 2059 2138 297
2162 2059 2060 2139 2138
2163 2060 2061 2140 2139
2164 2061 2062 2141 2140
2165 2062 2063 2142 2141
2166 2063 2064 2143 2142
2167 2064 2065 2144 2143
2168 2065 2066 2145 2144
2169 2066 2067 2146 2145
2170 2067 2068 2147 2146
2171 2068 2069 2148 2147
2172 2069 2070 2149 2148
2173 2070 2071 2150 2149
2174 2071 2072 2151 2150
2175 2072 2073 2152 2151
2176 2073 2074 2153 2152
2177 2074 2075 2154 2153
2178 2075 2076 2155 2154
2179 2076 2077 2156 2155
2180 2077 2078 2157 2156
2181 2078 2079 2158 2157
2182 2079 2080 2159 2158
2183 2080 2081 2160 2159
2184 2081 2082 2161 2160
2185 2082 2083 2162 2161
2186 2083 2084 2163 2162
2187 2084 2085 2164 2163
2188 2085 2086 2165 2164
2189 2086 2087 2166 2165
2190 2087 2088 2167 2166
2191 2088 2089 2168 2167
2192 2089 2090 2169 2168
2193 2090 2091 2170 2169
2194 2091 2092 2171 2170
2195 2092 2093 2172 2171
2196 2093 2094 2173 2172
2197 2094 2095 2174 2173
2198 2095 2096 2175 2174
2199 2096 2097 2176 2175
2200 2097 2098 2177 2176
2201 2098 2099 2178 2177
2202 2099 2100 2179 2178
2203 2100 2101 2180 2179
2204 2101 2102 2181 2180
2205 2102 2103 2182 2181
2206 2103 2104 2183 2182
2207 2104 2105 2184 2183
2208 2105 2106 2185 2184
2209 2106 2107 2186 2185
2210 2107 2108 2187 2186
2211 2108 2109 2188 2187
2212 2109 2110 2189 2188
2213 2110 2111 2190 2189
2214 2111 2112 2191 2190
2215 2112 2113 2192 2191
2216 2113 2114 2193 2192
2217 2114 2115 2194 2193
2218 2115 2116 2195 2194
2219 2116 2117 2196 2195
2220 2117 2118 2197 2196
2221 2118 2119 2198 2197
2222 2119 2120 2199 2198
2223 2120 2121 2200 2199
2224 2121 2122 2201 2200
2225 2122 2123 2202 2201
2226 2123 2124 2203 2202
2227 2124 2125 2204 2203
2228 2125 2126 2205 2204
2229 2126 2127 2206 2205
2230 2127 2128 2207 2206
2231 2128 2129 2208 2207
2232 2129 2130 2209 2208
2233 2130 2131 2210 2209
2234 2131 2132 2211 2210
2235 2132 2133 2212 2211
2236 2133 2134 2213 2212
2237 2134 2135 2214 2213
2238 2135 2136 2215 2214
2239 2136 2137 2216 2215
2240 2137 107 108 2216
2241 297 2138 2217 296
2242 2138 2139 2218 2217
2243 2139 2140 2219 2218
2244 2140 2141 2220 2219
2245 2141 2142 2221 2220
2246 2142 2143 2222 2221
2247 2143 2144 2223 2222
2248 2144 2145 2224 2223
2249 2145 2146 2225 2224
2250 2146 2147 2226 2225
2251 2147 2148 2227 2226
2252 2148 2149 2228 2227
2253 2149 2150 2229 2228
2254 2150 2151 2230 2229
2255 2151 2152 2231 2230
2256 2152 2153 2232 2231
2257 2153 2154 2233 2232
2258 2154 2155 2234 2233
2259 2155 2156 2235 2234
2260 2156 2157 2236 2235
2261 2157 2158 2237 2236
2262 2158 2159 2238 2237
2263 2159 2160 2239 2238
2264 2160 2161 2240 2239
2265 2161 2162 2241 2240
2266 2162 2163 2242 2241
2267 2163 2164 2243 2242
2268 2164 2165 2244 2243
2269 2165 2166 2245 2244
2270 2166 2167 2246 2245
2271 2167 2168 2247 2246
2272 2168 2169 2248 2247
2273 2169 2170 2249 2248
2274 2170 2171 2250 2249
2275 2171 2172 2251 2250
2276 2172 2173 2252 2251
2277 2173 2174 2253 2252
2278 2174 2175 2254 2253
2279 2175 2176 2255 2254
2280 2176 2177 2256 2255
2281 2177 2178 2257 2256
2282 2178 2179 2258 2257
2283 2179 2180 2259 2258
2284 2180 2181 2260 2259
2285 2181 2182 2261 2260
2286 2182 2183 2262 2261
2287 2183 2184 2263 2262
2288 2184 2185 2264 2263
2289 2185 2186 2265 2264
2290 2186 2187 2266 2265
2291 2187 2188 2267 2266
2292 2188 2189 2268 2267
2293 2189 2190 2269 2268
2294 2190 2191 2270 2269
2295 2191 2192 2271 2270
2296 2192 2193 2272 2271
2297 2193 2194 2273 2272
2298 2194 2195 2274 2273
2299 2195 2196 2275 2274
2300 2196 2197 2276 2275
2301 2197 2198 2277 2276
2302 2198 2199 2278 2277
2303 2199 2200 2279 2278
2304 2200 2201 2280 2279
2305 2201 2202 2281 2280
2306 2202 2203 2282 2281
2307 2203 2204 2283 2282
2308 2204 2205 2284 2283
2309 2205 2206 2285 2284
2310 2206 2207 2286 2285
2311 2207 2208 2287 2286
2312 2208 2209 2288 2287
2313 2209 2210 2289 2288
2314 2210 2211 2290 2289
2315 2211 2212 2291 2290
2316 2212 2213 2292 2291
2317 2213 2214 2293 2292
2318 2214 2215 2294 2293
2319 2215 2216 2295 2294
2320 2216 108 109 2295
2321 296 2217 2296 295
2322 2217 2218 2297 2296
2323 2218 2219 2298 2297
2324 2219 2220 2299 2298
2325 2220 2221 2300 2299
2326 2221 2222 2301 2300
2327 2222 2223 2302 2301
2328 2223 2224 2303 2302
2329 2224 2225 2304 2303
2330 2225 2226 2305 2304
2331 2226 2227 2306 2305
2332 2227 2228 2307 2306
2333 2228 2229 2308 2307
2334 2229 2230 2309 2308
2335 2230 2231 2310 2309
2336 2231 2232 2311 2310
2337 2232 2233 2312 2311
2338 2233 2234 2313 2312
2339 2234 2235 2314 2313
2340 2235 2236 2315 2314
2341 2236 2237 2316 2315
2342 2237 2238 2317 2316
2343 2238 2239 2318 2317
2344 2239 2240 2319 2318
2345 2240 2241 2320 2319
2346 2241 2242 2321 2320
2347 2242 2243 2322 2321
2348 2243 2244 2323 2322
2349 2244 2245 2324 2323
2350 2245 2246 2325 2324
2351 2246 2247 2326 2325
2352 2247 2248 2327 2326
2353 2248 2249 2328 2327
2354 2249 2250 2329 2328
2355 2250 2251 2330 2329
2356 2251 2252 2331 2330
2357 2252 2253 2332 2331
2358 2253 2254 2333 2332
2359 2254 2255 2334 2333
2360 2255 2256 2335 2334
2361 2256 2257 2336 2335
2362 2257 2258 2337 2336
2363 2258 2259 2338 2337
2364 2259 2260 2339 2338
2365 2260 2261 2340 2339
2366 2261 2262 2341 2340
2367 2262 2263 2342 2341
2368 2263 2264 2343 2342
2369 2264 2265 2344 2343
2370 2265 2266 2345 2344
2371 2266 2267 2346 2345
2372 2267 2268 2347 2346
2373 2268 2269 2348 2347
2374 2269 2270 2349 2348
2375 2270 2271 2350 2349
2376 2271 2272 2351 2350
2377 2272 2273 2352 2351
2378 2273 2274 2353 2352
2379 2274 2275 2354 2353
2380 2275 2276 2355 2354
2381 2276 2277 2356 2355
2382 2277 2278 2357 2356
2383 2278 2279 2358 2357
2384 2279 2280 2359 2358
2385 2280 2281 2360 2359
2386 2281 2282 2361 2360
2387 2282 2283 2362 2361
2388 2283 2284 2363 2362
2389 2284 2285 2364 2363
2390 2285 2286 2365 2364
2391 2286 2287 2366 2365
2392 2287 2288 2367 2366
2393 2288 2289 2368 2367
2394 2289 2290 2369 2368
2395 2290 2291 2370 2369
2396 2291 2292 2371 2370
2397 2292 2293 2372 2371
2398 2293 2294 2373 2372
2399 2294 2295 2374 2373
2400 2295 109 110 2374
2401 295 2296 2375 294
2402 2296 2297 2376 2375
2403 2297 2298 2377 2376
2404 2298 2299 2378 2377
2405 2299 2300 2379 2378
2406 2300 2301 2380 2379
2407 2301 2302 2381 2380
2408 2302 2303 2382 2381
2409 2303 2304 2383 2382
2410 2304 2305 2384 2383
2411 2305 2306 2385 2384
2412 2306 2307 2386 2385
2413 2307 2308 2387 2386
2414 2308 2309 2388 2387
2415 2309 2310 2389 2388
2416 2310 2311 2390 2389
2417 2311 2312 2391 2390
2418 2312 2313 2392 2391
2419 2313 2314 2393 2392
2420 2314 2315 2394 2393
2421 2315 2316 2395 2394
2422 2316 2317 2396 2395
2423 2317 2318 2397 2396
2424 2318 2319 2398 2397
2425 2319 2320 2399 2398
2426 2320 2321 2400 2399
2427 2321 2322 2401 2400
2428 2322 2323 2402 2401
2429 2323 2324 2403 2402
2430 2324 2325 2404 2403
2431 2325 2326 2405 2404
2432 2326 2327 2406 2405
2433 2327 2328 2407 2406
2434 2328 2329 2408 2407
2435 2329 2330 2409 2408
2436 2330 2331 2410 2409
2437 2331 2332 2411 2410
2438 2332 2333 2412 2411
2439 2333 2334 2413 2412
2440 2334 2335 2414 2413
2441 2335 2336 2415 2414
2442 2336 2337 2416 2415
2443 2337 2338 2417 2416
2444 2338 2339 2418 2417
2445 2339 2340 2419 2418
2446 2340 2341 2420 2419
2447 2341 2342 2421 2420
2448 2342 2343 2422 2421
2449 2343 2344 2423 2422
2450 2344 2345 2424 2423
2451 2345 2346 2425 2424
2452 2346 2347 2426 2425
2453 2347 2348 2427 2426
2454 2348 2349 2428 2427
2455 2349 2350 2429 2428
2456 2350 2351 2430 2429
2457 2351 2352 2431 2430
2458 2352 2353 2432 2431
2459 2353 2354 2433 2432
2460 2354 2355 2434 2433
2461 2355 2356 2435 2434
2462 2356 2357 2436 2435
2463 2357 2358 2437 2436
2464 2358 2359 2438 2437
2465 2359 2360 2439 2438
2466 2360 2361 2440 2439
2467 2361 2362 2441 2440
2468 2362 2363 2442 2441
2469 2363 2364 2443 2442
2470 2364 2365 2444 2443
2471 2365 2366 2445 2444
2472 2366 2367 2446 2445
2473 2367 2368 2447 2446
2474 2368 2369 2448 2447
2475 2369 2370 2449 2448
2476 2370 2371 2450 2449
2477 2371 2372 2451 2450
2478 2372 2373 2452 2451
2479 2373 2374 2453 2452
2480 2374 110 111 2453
2481 294 2375 2454 293
2482 2375 2376 2455 2454
2483 2376 2377 2456 2455
2484 2377 2378 2457 2456
2485 2378 2379 2458 2457
2486 2379 2380 2459 2458
2487 2380 2381 2460 2459
2488 2381 2382 2461 2460
2489 2382 2383 2462 2461
2490 2383 2384 2463 2462
2491 2384 2385 2464 2463
2492 2385 2386 2465 2464
2493 2386 2387 2466 2465
2494 2387 2388 2467 2466
2495 2388 2389 2468 2467
2496 2389 2390 2469 2468
2497 2390 2391 2470 2469
2498 2391 2392 2471 2470
2499 2392 2393 2472 2471
2500 2393 2394 2473 2472
2501 2394 2395 2474 2473
2502 2395 2396 2475 2474
2503 2396 2397 2476 2475
2504 2397 2398 2477 2476
2505 2398 2399 2478 2477
2506 2399 2400 2479 2478
2507 2400 2401 2480 2479
2508 2401 2402 2481 2480
2509 2402 2403 2482 2481
2510 2403 2404 2483 2482
2511 2404 2405 2484 2483
2512 2405 2406 2485 2484
2513 2406 2407 2486 2485
2514 2407 2408 2487 2486
2515 2408 2409 2488 2487
2516 2409 2410 2489 2488
2517 2410 2411 2490 2489
2518 2411 2412 2491 2490
2519 2412 2413 2492 2491
2520 2413 2414 2493 2492
2521 2414 2415 2494 2493
2522 2415 2416 2495 2494
2523 2416 2417 2496 2495
2524 2417 2418 2497 2496
2525 2418 2419 2498 2497
2526 2419 2420 2499 2498
2527 2420 2421 2500 2499
2528 2421 2422 2501 2500
2529 2422 2423 2502 2501
2530 2423 2424 2503 2502
2531 2424 2425 2504 2503
2532 2425 2426 2505 2504
2533 2426 2427 2506 2505
2534 2427 2428 2507 2506
2535 2428 2429 2508 2507
2536 2429 2430 2509 2508
2537 2430 2431 2510 2509
2538 2431 2432 2511 2510
2539 2432 2433 2512 2511
2540 2433 2434 2513 2512
2541 2434 2435 2514 2513
2542 2435 2436 2515 2514
2543 2436 2437 2516 2515
2544 2437 2438 2517 2516
2545 2438 2439 2518 2517
2546 2439 2440 2519 2518
2547 2440 2441 2520 2519
2548 2441 2442 2521 2520
2549 2442 2443 2522 2521
2550 2443 2444 2523 2522
2551 2444 2445 2524 2523
2552 2445 2446 2525 2524
2553 2446 2447 2526 2525
2554 2447 2448 2527 2526
2555 2448 2449 2528 2527
2556 2449 2450 2529 2528
2557 2450 2451 2530 2529
2558 2451 2452 2531 2530
2559 2452 2453 2532 2531
2560 2453 111 112 2532
2561 293 2454 2533 292
2562 2454 2455 2534 2533
2563 2455 2456 2535 2534
2564 2456 2457 2536 2535
2565 2457 2458 2537 2536
2566 2458 2459 2538 2537
2567 2459 2460 2539 2538
2568 2460 2461 2540 2539
2569 2461 2462 2541 2540
2570 2462 2463 2542 2541
2571 2463 2464 2543 2542
2572 2464 2465 2544 2543
2573 2465 2466 2545 2544
2574 2466 2467 2546 2545
2575 2467 2468 2547 2546
2576 2468 2469 2548 2547
2577 2469 2470 2549 2548
2578 2470 2471 2550 2549
2579 2471 2472 2551 2550
2580 2472 2473 2552 2551
2581 2473 2474 2553 2552
2582 2474 2475 2554 2553
2583 2475 2476 2555 2554
2584 2476 2477 2556 2555
2585 2477 2478 2557 2556
2586 2478 2479 2558 2557
2587 2479 2480 2559 2558
2588 2480 2481 2560 2559
2589 2481 2482 2561 2560
2590 2482 2483 2562 2561
2591 2483 2484 2563 2562
2592 2484 2485 2564 2563
2593 2485 2486 2565 2564
2594 2486 2487 2566 2565
2595 2487 2488 2567 2566
2596 2488 2489 2568 2567
2597 2489 2490 2569 2568
2598 2490 2491 2570 2569
2599 2491 2492 2571 2570
2600 2492 2493 2572 2571
2601 2493 2494 2573 2572
2602 2494 2495 2574 2573
2603 2495 2496 2575 2574
2604 2496 2497 2576 2575
2605 2497 2498 2577 2576
2606 2498 2499 2578 2577
2607 2499 2500 2579 2578
2608 2500 2501 2580 2579
2609 2501 2502 2581 2580
2610 2502 2503 2582 2581
2611 2503 2504 2583 2582
2612 2504 2505 2584 2583
2613 2505 2506 2585 2584
2614 2506 2507 2586 2585
2615 2507 2508 2587 2586
2616 2508 2509 2588 2587
2617 2509 2510 2589 2588
2618 2510 2511 2590 2589
2619 2511 2512 2591 2590
2620 2512 2513 2592 2591
2621 2513 2514 2593 2592
2622 2514 2515 2594 2593
2623 2515 2516 2595 2594
2624 2516 2517 2596 2595
2625 2517 2518 2597 2596
2626 2518 2519 2598 2597
2627 2519 2520 2599 2598
2628 2520 2521 2600 2599
2629 2521 2522 2601 2600
2630 2522 2523 2602 2601
2631 2523 2524 2603 2602
2632 2524 2525 2604 2603
2633 2525 2526 2605 2604
2634 2526 2527 2606 2605
2635 2527 2528 2607 2606
2636 2528 2529 2608 2607
2637 2529 2530 2609 2608
2638 2530 2531 2610 2609
2639 2531 2532 2611 2610
2640 2532 112 113 2611
2641 292 2533 2612 291
2642 2533 2534 2613 2612
2643 2534 2535 2614 2613
2644 2535 2536 2615 2614
2645 2536 2537 2616 2615
2646 2537 2538 2617 2616
2647 2538 2539 2618 2617
2648 2539 2540 2619 2618
2649 2540 2541 2620 2619
2650 2541 2542 2621 2620
2651 2542 2543 2622 2621
2652 2543 2544 2623 2622
2653 2544 2545 2624 2623
2654 2545 2546 2625 2624
2655 2546 2547 2626 2625
2656 2547 2548 2627 2626
2657 2548 2549 2628 2627
2658 2549 2550 2629 2628
2659 2550 2551 2630 2629
2660 2551 2552 2631 2630
2661 2552 2553 2632 2631
2662 2553 2554 2633 2632
2663 2554 2555 2634 2633
2664 2555 2556 2635 2634
2665 2556 2557 2636 2635
2666 2557 2558 2637 2636
2667 2558 2559 2638 2637
2668 2559 2560 2639 2638
2669 2560 2561 2640 2639
2670 2561 2562 2641 2640
2671 2562 2563 2642 2641
2672 2563 2564 2643 2642
2673 2564 2565 2644 2643
2674 2565 2566 2645 2644
2675 2566 2567 2646 2645
2676 2567 2568 2647 2646
2677 2568 2569 2648 2647
2678 2569 2570 2649 2648
2679 2570 2571 2650 2649
2680 2571 2572 2651 2650
2681 2572 2573 2652 2651
2682 2573 2574 2653 2652
2683 2574 2575 2654 2653
2684 2575 2576 2655 2654
2685 2576 2577 2656 2655
2686 2577 2578 2657 2656
2687 2578 2579 2658 2657
2688 2579 2580 2659 2658
2689 2580 2581 2660 2659
2690 2581 2582 2661 2660
2691 2582 2583 2662 2661
2692 2583 2584 2663 2662
2693 2584 2585 2664 2663
2694 2585 2586 2665 2664
2695 2586 2587 2666 2665
2696 2587 2588 2667 2666
2697 2588 2589 2668 2667
2698 2589 2590 2669 2668
2699 2590 2591 2670 2669
2700 2591 2592 2671 2670
2701 2592 2593 2672 2671
2702 2593 2594 2673 2672
2703 2594 2595 2674 2673
2704 2595 2596 2675 2674
2705 2596 2597 2676 2675
2706 2597 2598 2677 2676
2707 2598 2599 2678 2677
2708 2599 2600 2679 2678
2709 2600 2601 2680 2679
2710 2601 2602 2681 2680
2711 2602 2603 2682 2681
2712 2603 2604 2683 2682
2713 2604 2605 2684 2683
2714 2605 2606 2685 2684
2715 2606 2607 2686 2685
2716 2607 2608 2687 2686
2717 2608 2609 2688 2687
2718 2609 2610 2689 2688
2719 2610 2611 2690 2689
2720 2611 113 114 2690
2721 291 2612 2691 290
2722 2612 2613 2692 2691
2723 2613 2614 2693 2692
2724 2614 2615 2694 2693
2725 2615 2616 2695 2694
2726 2616 2617 2696 2695
2727 2617 2618 2697 2696
2728 2618 2619 2698 2697
2729 2619 2620 2699 2698
2730 2620 2621 2700 2699
2731 2621 2622 2701 2700
2732 2622 2623 2702 2701
2733 2623 2624 2703 2702
2734 2624 2625 2704 2703
2735 2625 2626 2705 2704
2736 2626 2627 2706 2705
2737 2627 2628 2707 2706
2738 2628 2629 2708 2707
2739 2629 2630 2709 2708
2740 2630 2631 2710 2709
2741 2631 2632 2711 2710
2742 2632 2633 2712 2711
2743 2633 2634 2713 2712
2744 2634 2635 2714 2713
2745 2635 2636 2715 2714
2746 2636 2637 2716 2715
2747 2637 2638 2717 2716
2748 2638 2639 2718 2717
2749 2639 2640 2719 2718
2750 2640 2641 2720 2719
2751 2641 2642 2721 2720
2752 2642 2643 2722 2721
2753 2643 2644 2723 2722
2754 2644 2645 2724 2723
2755 2645 2646 2725 2724
2756 2646 2647 2726 2725
2757 2647 2648 2727 2726
2758 2648 2649 2728 2727
2759 2649 2650 2729 2728
2760 2650 2651 2730 2729
2761 2651 2652 2731 2730
2762 2652 2653 2732 2731
2763 2653 2654 2733 2732
2764 2654 2655 2734 2733
2765 2655 2656 2735 2734
2766 2656 2657 2736 2735
2767 2657 2658 2737 2736
2768 2658 2659 2738 2737
2769 2659 2660 2739 2738
2770 2660 2661 2740 2739
2771 2661 2662 2741 2740
2772 2662 2663 2742 2741
2773 2663 2664 2743 2742
2774 2664 2665 2744 2743
2775 2665 2666 2745 2744
2776 2666 2667 2746 2745
2777 2667 2668 2747 2746
2778 2668 2669 2748 2747
2779 2669 2670 2749 2748
2780 2670 2671 2750 2749
2781 2671 2672 2751 2750
2782 2672 2673 2752 2751
2783 2673 2674 2753 2752
2784 2674 2675 2754 2753
2785 2675 2676 2755 2754
2786 2676 2677 2756 2755
2787 2677 2678 2757 2756
2788 2678 2679 2758 2757
2789 2679 2680 2759 2758
2790 2680 2681 2760 2759
2791 2681 2682 2761 2760
2792 2682 2683 2762 2761
2793 2683 2684 2763 2762
2794 2684 2685 2764 2763
2795 2685 2686 2765 2764
2796 2686 2687 2766 2765
2797 2687 2688 2767 2766
2798 2688 2689 2768 2767
2799 2689 2690 2769 2768
2800 2690 114 115 2769
2801 290 2691 2770 5
2802 2691 2692 2771 2770
2803 2692 2693 2772 2771
2804 2693 2694 2773 2772
2805 2694 2695 2774 2773
2806 2695 2696 2775 2774
2807 2696 2697 2776 2775
2808 2697 2698 2777 2776
2809 2698 2699 2778 2777
2810 2699 2700 2779 2778
2811 2700 2701 2780 2779
2812 2701 2702 2781 2780
2813 2702 2703 2782 2781
2814 2703 2704 2783 2782
2815 2704 2705 2784 2783
2816 2705 2706 2785 2784
2817 2706 2707 2786 2785
2818 2707 2708 2787 2786
2819 2708 2709 2788 2787
2820 2709 2710 2789 2788
2821 2710 2711 2790 2789
2822 2711 2712 2791 2790
2823 2712 2713 2792 2791
2824 2713 2714 2793 2792
2825 2714 2715 2794 2793
2826 2715 2716 2795 2794
2827 2716 2717 2796 2795
2828 2717 2718 2797 2796
2829 2718 2719 2798 2797
2830 2719 2720 2799 2798
2831 2720 2721 2800 2799
2832 2721 2722 2801 2800
2833 2722 2723 2802 2801
2834 2723 2724 2803 2802
2835 2724 2725 2804 2803
2836 2725 2726 2805 2804
2837 2726 2727 2806 2805
2838 2727 2728 2807 2806
2839 2728 2729 2808 2807
2840 2729 2730 2809 2808
2841 2730 2731 2810 2809
2842 2731 2732 2811 2810
2843 2732 2733 2812 2811
2844 2733 2734 2813 2812
2845 2734 2735 2814 2813
2846 2735 2736 2815 2814
2847 2736 2737 2816 2815
2848 2737 2738 2817 2816
2849 2738 2739 2818 2817
2850 2739 2740 2819 2818
2851 2740 2741 2820 2819
2852 2741 2742 2821 2820
2853 2742 2743 2822 2821
2854 2743 2744 2823 2822
2855 2744 2745 2824 2823
2856 2745 2746 2825 2824
2857 2746 2747 2826 2825
2858 2747 2748 2827 2826
2859 2748 2749 2828 2827
2860 2749 2750 2829 2828
2861 2750 2751 2830 2829
2862 2751 2752 2831 2830
2863 2752 2753 2832 2831
2864 2753 2754 2833 2832
2865 2754 2755 2834 2833
2866 2755 2756 2835 2834
2867 2756 2757 2836 2835
2868 2757 2758 2837 2836
2869 2758 2759 2838 2837
2870 2759 2760 2839 2838
2871 2760 2761 2840 2839
2872 2761 2762 2841 2840
2873 2762 2763 2842 2841
2874 2763 2764 2843 2842
2875 2764 2765 2844 2843
2876 2765 2766 2845 2844
2877 2766 2767 2846 2845
2878 2767 2768 2847 2846
2879 2768 2769 2848 2847
2880 2769 115 116 2848
2881 5 2770 2849 289
2882 2770 2771 2850 2849
2883 2771 2772 2851 2850
2884 2772 2773 2852 2851
2885 2773 2774 2853 2852
2886 2774 2775 2854 2853
2887 2775 2776 2855 2854
2888 2776 2777 2856 2855
2889 2777 2778 2857 2856
2890 2778 2779 2858 2857
2891 2779 2780 2859 2858
2892 2780 2781 2860 2859
2893 2781 2782 2861 2860
2894 2782 2783 2862 2861
2895 2783 2784 2863 2862
2896 2784 2785 2864 2863
2897 2785 2786 2865 2864
2898 2786 2787 2866 2865
2899 2787 2788 2867 2866
2900 2788 2789 2868 2867
2901 2789 2790 2869 2868
2902 2790 2791 2870 2869
2903 2791 2792 2871 2870
2904 2792 2793 2872 2871
2905 2793 2794 2873 2872
2906 2794 2795 2874 2873
2907 2795 2796 2875 2874
2908 2796 2797 2876 2875
2909 2797 2798 2877 2876
2910 2798 2799 2878 2877
2911 2799 2800 2879 2878
2912 2800 2801 2880 2879
2913 2801 2802 2881 2880
2914 2802 2803 2882 2881
2915 2803 2804 2883 2882
2916 2804 2805 2884 2883
2917 2805 2806 2885 2884
2918 2806 2807 2886 2885
2919 2807 2808 2887 2886
2920 2808 2809 2888 2887
2921 2809 2810 2889 2888
2922 2810 2811 2890 2889
2923 2811 2812 2891 2890
2924 2812 2813 2892 2891
2925 2813 2814 2893 2892
2926 2814 2815 2894 2893
2927 2815 2816 2895 2894
2928 2816 2817 2896 2895
2929 2817 2818 2897 2896
2930 2818 2819 2898 2897
2931 2819 2820 2899 2898
2932 2820 2821 2900 2899
2933 2821 2822 2901 2900
2934 2822 2823 2902 2901
2935 2823 2824 2903 2902
2936 2824 2825 2904 2903
2937 2825 2826 2905 2904
2938 2826 2827 2906 2905
2939 2827 2828 2907 2906
2940 2828 2829 2908 2907
2941 2829 2830 2909 2908
2942 2830 2831 2910 2909
2943 2831 2832 2911 2910
2944 2832 2833 2912 2911
2945 2833 2834 2913 2912
2946 2834 2835 2914 2913
2947 2835 2836 2915 2914
2948 2836 2837 2916 2915
2949 2837 2838 2917 2916
2950 2838 2839 2918 2917
2951 2839 2840 2919 2918
2952 2840 2841 2920 2919
2953 2841 2842 2921 2920
2954 2842 2843 2922 2921
2955 2843 2844 2923 2922
2956 2844 2845 2924 2923
2957 2845 2846 2925 2924
2958 2846 2847 2926 2925
2959 2847 2848 2927 2926
2960 2848 116 117 2927
2961 289 2849 2928 288
2962 2849 2850 2929 2928
2963 2850 2851 2930 2929
2964 2851 2852 2931 2930
2965 2852 2853 2932 2931
2966 2853 2854 2933 2932
2967 2854 2855 2934 2933
2968 2855 2856 2935 2934
2969 2856 2857 2936 2935
2970 2857 2858 2937 2936
2971 2858 2859 2938 2937
2972 2859 2860 2939 2938
2973 2860 2861 2940 2939
2974 2861 2862 2941 2940
2975 2862 2863 2942 2941
2976 2863 2864 2943 2942
2977 2864 2865 2944 2943
2978 2865 2866 2945 2944
2979 2866 2867 2946 2945
2980 2867 2868 2947 2946
2981 2868 2869 2948 2947
2982 2869 2870 2949 2948
2983 2870 2871 2950 2949
2984 2871 2872 2951 2950
2985 2872 2873 2952 2951
2986 2873 2874 2953 2952
2987 2874 2875 2954 2953
2988 2875 2876 2955 2954
2989 2876 2877 2956 2955
2990 2877 2878 2957 2956
2991 2878 2879 2958 2957
2992 2879 2880 2959 2958
2993 2880 2881 2960 2959
2994 2881 2882 2961 2960
2995 2882 2883 2962 2961
2996 2883 2884 2963 2962
2997 2884 2885 2964 2963
2998 2885 2886 2965 2964
2999 2886 2887 2966 2965
3000 2887 2888 2967 2966
3001 2888 2889 2968 2967
3002 2889 2890 2969 2968
3003 2890 2891 2970 2969
3004 2891 2892 2971 2970
3005 2892 2893 2972 2971
3006 2893 2894 2973 2972
3007 2894 2895 2974 2973
3008 2895 2896 2975 2974
3009 2896 2897 2976 2975
3010 2897 2898 2977 2976
3011 2898 2899 2978 2977
3012 2899 2900 2979 2978
3013 2900 2901 2980 2979
3014 2901 2902 2981 2980
3015 2902 2903 2982 2981
3016 2903 2904 2983 2982
3017 2904 2905 2984 2983
3018 2905 2906 2985 2984
3019 2906 2907 2986 2985
3020 2907 2908 2987 2986
3021 2908 2909 2988 2987
3022 2909 2910 2989 2988
3023 2910 2911 2990 2989
3024 2911 2912 2991 2990
3025 2912 2913 2992 2991
3026 2913 2914 2993 2992
3027 2914 2915 2994 2993
3028 2915 2916 2995 2994
3029 2916 2917 2996 2995
3030 2917 2918 2997 2996
3031 2918 2919 2998 2997
3032 2919 2920 2999 2998
3033 2920 2921 3000 2999
3034 2921 2922 3001 3000
3035 2922 2923 3002 3001
3036 2923 2924 3003 3002
3037 2924 2925 3004 3003
3038 2925 2926 3005 3004
3039 2926 2927 3006 3005
3040 2927 117 118 3006
3041 288 2928 3007 287
3042 2928 2929 3008 3007
3043 2929 2930 3009 3008
3044 2930 2931 3010 3009
3045 2931 2932 3011 3010
3046 2932 2933 3012 3011
3047 2933 2934 3013 3012
3048 2934 2935 3014 3013
3049 2935 2936 3015 3014
3050 2936 2937 3016 3015
3051 2937 2938 3017 3016
3052 2938 2939 3018 3017
3053 2939 2940 3019 3018
3054 2940 2941 3020 3019
3055 2941 2942 3021 3020
3056 2942 2943 3022 3021
3057 2943 2944 3023 3022
3058 2944 2945 3024 3023
3059 2945 2946 3025 3024
3060 2946 2947 3026 3025
3061 2947 2948 3027 3026
3062 2948 2949 3028 3027
3063 2949 2950 3029 3028
3064 2950 2951 3030 3029
3065 2951 2952 3031 3030
3066 2952 2953 3032 3031
3067 2953 2954 3033 3032
3068 2954 2955 3034 3033
3069 2955 2956 3035 3034
3070 2956 2957 3036 3035
3071 2957 2958 3037 3036
3072 2958 2959 3038 3037
3073 2959 2960 3039 3038
3074 2960 2961 3040 3039
3075 2961 2962 3041 3040
3076 2962 2963 3042 3041
3077 2963 2964 3043 3042
3078 2964 2965 3044 3043
3079 2965 2966 3045 3044
3080 2966 2967 3046 3045
3081 2967 2968 3047 3046
3082 2968 2969 3048 3047
3083 2969 2970 3049 3048
3084 2970 2971 3050 3049
3085 2971 2972 3051 3050
3086 2972 2973 3052 3051
3087 2973 2974 3053 3052
3088 2974 2975 3054 3053
3089 2975 2976 3055 3054
3090 2976 2977 3056 3055
3091 2977 2978 3057 3056
3092 2978 2979 3058 3057
3093 2979 2980 3059 3058
3094 2980 2981 3060 3059
3095 2981 2982 3061 3060
3096 2982 2983 3062 3061
3097 2983 2984 3063 3062
3098 2984 2985 3064 3063
3099 2985 2986 3065 3064
3100 2986 2987 3066 3065
3101 2987 2988 3067 3066
3102 2988 2989 3068 3067
3103 2989 2990 3069 3068
3104 2990 2991 3070 3069
3105 2991 2992 3071 3070
3106 2992 2993 3072 3071
3107 2993 2994 3073 3072
3108 2994 2995 3074 3073
3109 2995 2996 3075 3074
3110 2996 2997 3076 3075
3111 2997 2998 3077 3076
3112 2998 2999 3078 3077
3113 2999 3000 3079 3078
3114 3000 3001 3080 3079
3115 3001 3002 3081 3080
3116 3002 3003 3082 3081
3117 3003 3004 3083 3082
3118 3004 3005 3084 3083
3119 3005 3006 3085 3084
3120 3006 118 119 3085
3121 287 3007 3086 286
3122 3007 3008 3087 3086
3123 3008 3009 3088 3087
3124 3009 3010 3089 3088
3125 3010 3011 3090 3089
3126 3011 3012 3091 3090
3127 3012 3013 3092 3091
3128 3013 3014 3093 3092
3129 3014 3015 3094 3093
3130 3015 3016 3095 3094
3131 3016 3017 3096 3095
3132 3017 3018 3097 3096
3133 3018 3019 3098 3097
3134 3019 3020 3099 3098
3135 3020 3021 3100 3099
3136 3021 3022 3101 3100
3137 3022 3023 3102 3101
3138 3023 3024 3103 3102
3139 3024 3025 3104 3103
3140 3025 3026 3105 3104
3141 3026 3027 3106 3105
3142 3027 3028 3107 3106
3143 3028 3029 3108 3107
3144 3029 3030 3109 3108
3145 3030 3031 3110 3109
3146 3031 3032 3111 3110
3147 3032 3033 3112 3111
3148 3033 3034 3113 3112
3149 3034 3035 3114 3113
3150 3035 3036 3115 3114
3151 3036 3037 3116 3115
3152 3037 3038 3117 3116
3153 3038 3039 3118 3117
3154 3039 3040 3119 3118
3155 3040 3041 3120 3119
3156 3041 3042 3121 3120
3157 3042 3043 3122 3121
3158 3043 3044 3123 3122
3159 3044 3045 3124 3123
3160 3045 3046 3125 3124
3161 3046 3047 3126 3125
3162 3047 3048 3127 3126
3163 3048 3049 3128 3127
3164 3049 3050 3129 3128
3165 3050 3051 3130 3129
3166 3051 3052 3131 3130
3167 3052 3053 3132 3131
3168 3053 3054 3133 3132
3169 3054 3055 3134 3133
3170 3055 3056 3135 3134
3171 3056 3057 3136 3135
3172 3057 3058 3137 3136
3173 3058 3059 3138 3137
3174 3059 3060 3139 3138
3175 3060 3061 3140 3139
3176 3061 3062 3141 3140
3177 3062 3063 3142 3141
3178 3063 3064 3143 3142
3179 3064 3065 3144 3143
3180 3065 3066 3145 3144
3181 3066 3067 3146 3145
3182 3067 3068 3147 3146
3183 3068 3069 3148 3147
3184 3069 3070 3149 3148
3185 3070 3071 3150 3149
3186 3071 3072 3151 3150
3187 3072 3073 3152 3151
3188 3073 3074 3153 3152
3189 3074 3075 3154 3153
3190 3075 3076 3155 3154
3191 3076 3077 3156 3155
3192 3077 3078 3157 3156
3193 3078 3079 3158 3157
3194 3079 3080 3159 3158
3195 3080 3081 3160 3159
3196 3081 3082 3161 3160
3197 3082 3083 3162 3161
3198 3083 3084 3163 3162
3199 3084 3085 3164 3163
3200 3085 119 120 3164
3201 286 3086 3165 285
3202 3086 3087 3166 3165
3203 3087 3088 3167 3166
3204 3088 3089 3168 3167
3205 3089 3090 3169 3168
3206 3090 3091 3170 3169
3207 3091 3092 3171 3170
3208 3092 3093 3172 3171
3209 3093 3094 3173 3172
3210 3094 3095 3174 3173
3211 3095 3096 3175 3174
3212 3096 3097 3176 3175
3213 3097 3098 3177 3176
3214 3098 3099 3178 3177
3215 3099 3100 3179 3178
3216 3100 3101 3180 3179
3217 3101 3102 3181 3180
3218 3102 3103 3182 3181
3219 3103 3104 3183 3182
3220 3104 3105 3184 3183
3221 3105 3106 3185 3184
3222 3106 3107 3186 3185
3223 3107 3108 3187 3186
3224 3108 3109 3188 3187
3225 3109 3110 3189 3188
3226 3110 3111 3190 3189
3227 3111 3112 3191 3190
3228 3112 3113 3192 3191
3229 3113 3114 3193 3192
3230 3114 3115 3194 3193
3231 3115 3116 3195 3194
3232 3116 3117 3196 3195
3233 3117 3118 3197 3196
3234 3118 3119 3198 3197
3235 3119 3120 3199 3198
3236 3120 3121 3200 3199
3237 3121 3122 3201 3200
3238 3122 3123 3202 3201
3239 3123 3124 3203 3202
3240 3124 3125 3204 3203
3241 3125 3126 3205 3204
3242 3126 3127 3206 3205
3243 3127 3128 3207 3206
3244 3128 3129 3208 3207
3245 3129 3130 3209 3208
3246 3130 3131 3210 3209
3247 3131 3132 3211 3210
3248 3132 3133 3212 3211
3249 3133 3134 3213 3212
3250 3134 3135 3214 3213
3251 3135 3136 3215 3214
3252 3136 3137 3216 3215
3253 3137 3138 3217 3216
3254 3138 3139 3218 3217
3255 3139 3140 3219 3218
3256 3140 3141 3220 3219
3257 3141 3142 3221 3220
3258 3142 3143 3222 3221
3259 3143 3144 3223 3222
3260 3144 3145 3224 3223
3261 3145 3146 3225 3224
3262 3146 3147 3226 3225
3263 3147 3148 3227 3226
3264 3148 3149 3228 3227
3265 3149 3150 3229 3228
3266 3150 3151 3230 3229
3267 3151 3152 3231 3230
3268 3152 3153 3232 3231
3269 3153 3154 3233 3232
3270 3154 3155 3234 3233
3271 3155 3156 3235 3234
3272 3156 3157 3236 3235
3273 3157 3158 3237 3236
3274 3158 3159 3238 3237
3275 3159 3160 3239 3238
3276 3160 3161 3240 3239
3277 3161 3162 3241 3240
3278 3162 3163 3242 3241
3279 3163 3164 3243 3242
3280 3164 120 121 3243
3281 285 3165 3244 284
3282 3165 3166 3245 3244
3283 3166 3167 3246 3245
3284 3167 3168 3247 3246
3285 3168 3169 3248 3247
3286 3169 3170 3249 3248
3287 3170 3171 3250 3249
3288 3171 3172 3251 3250
3289 3172 3173 3252 3251
3290 3173 3174 3253 3252
3291 3174 3175 3254 3253
3292 3175 3176 3255 3254
3293 3176 3177 3256 3255
3294 3177 3178 3257 3256
3295 3178 3179 3258 3257
3296 3179 3180 3259 3258
3297 3180 3181 3260 3259
3298 3181 3182 3261 3260
3299 3182 3183 3262 3261
3300 3183 3184 3263 3262
3301 3184 3185 3264 3263
3302 3185 3186 3265 3264
3303 3186 3187 3266 3265
3304 3187 3188 3267 3266
3305 3188 3189 3268 3267
3306 3189 3190 3269 3268
3307 3190 3191 3270 3269
3308 3191 3192 3271 3270
3309 3192 3193 3272 3271
3310 3193 3194 3273 3272
3311 3194 3195 3274 3273
3312 3195 3196 3275 3274
3313 3196 3197 3276 3275
3314 3197 3198 3277 3276
3315 3198 3199 3278 3277
3316 3199 3200 3279 3278
3317 3200 3201 3280 3279
3318 3201 3202 3281 3280
3319 3202 3203 3282 3281
3320 3203 3204 3283 3282
3321 3204 3205 3284 3283
3322 3205 3206 3285 3284
3323 3206 3207 3286 3285
3324 3207 3208 3287 3286
3325 3208 3209 3288 3287
3326 3209 3210 3289 3288
3327 3210 3211 3290 3289
3328 3211 3212 3291 3290
3329 3212 3213 3292 3291
3330 3213 3214 3293 3292
3331 3214 3215 3294 3293
3332 3215 3216 3295 3294
3333 3216 3217 3296 3295
3334 3217 3218 3297 3296
3335 3218 3219 3298 3297
3336 3219 3220 3299 3298
3337 3220 3221 3300 3299
3338 3221 3222 3301 3300
3339 3222 3223 3302 3301
3340 3223 3224 3303 3302
3341 3224 3225 3304 3303
3342 3225 3226 3305 3304
3343 3226 3227 3306 3305
3344 3227 3228 3307 3306
3345 3228 3229 3308 3307
3346 3229 3230 3309 3308
3347 3230 3231 3310 3309
3348 3231 3232 3311 3310
3349 3232 3233 3312 3311
3350 3233 3234 3313 3312
3351 3234 3235 3314 3313
3352 3235 3236 3315 3314
3353 3236 3237 3316 3315
3354 3237 3238 3317 3316
3355 3238 3239 3318 3317
3356 3239 3240 3319 3318
3357 3240 3241 3320 3319
3358 3241 3242 3321 3320
3359 3242 3243 3322 3321
3360 3243 121 122 3322
3361 284 3244 3323 283
3362 3244 3245 3324 3323
3363 3245 3246 3325 3324
3364 3246 3247 3326 3325
3365 3247 3248 3327 3326
3366 3248 3249 3328 3327
3367 3249 3250 3329 3328
3368 3250 3251 3330 3329
3369 3251 3252 3331 3330
3370 3252 3253 3332 3331
3371 3253 3254 3333 3332
3372 3254 3255 3334 3333
3373 3255 3256 3335 3334
3374 3256 3257 3336 3335
3375 3257 3258 3337 3336
3376 3258 3259 3338 3337
3377 3259 3260 3339 3338
3378 3260 3261 3340 3339
3379 3261 3262 3341 3340
3380 3262 3263 3342 3341
3381 3263 3264 3343 3342
3382 3264 3265 3344 3343
3383 3265 3266 3345 3344
3384 3266 3267 3346 3345
3385 3267 3268 3347 3346
3386 3268 3269 3348 3347
3387 3269 3270 3349 3348
3388 3270 3271 3350 3349
3389 3271 3272 3351 3350
3390 3272 3273 3352 3351
3391 3273 3274 3353 3352
3392 3274 3275 3354 3353
3393 3275 3276 3355 3354
3394 3276 3277 3356 3355
3395 3277 3278 3357 3356
3396 3278 3279 3358 3357
3397 3279 3280 3359 3358
3398 3280 3281 3360 3359
3399 3281 3282 3361 3360
3400 3282 3283 3362 3361
3401 3283 3284 3363 3362
3402 3284 3285 3364 3363
3403 3285 3286 3365 3364
3404 3286 3287 3366 3365
3405 3287 3288 3367 3366
3406 3288 3289 3368 3367
3407 3289 3290 3369 3368
3408 3290 3291 3370 3369
3409 3291 3292 3371 3370
3410 3292 3293 3372 3371
3411 3293 3294 3373 3372
3412 3294 3295 3374 3373
3413 3295 3296 3375 3374
3414 3296 3297 3376 3375
3415 3297 3298 3377 3376
3416 3298 3299 3378 3377
3417 3299 3300 3379 3378
3418 3300 3301 3380 3379
3419 3301 3302 3381 3380
3420 3302 3303 3382 3381
3421 3303 3304 3383 3382
3422 3304 3305 3384 3383
3423 3305 3306 3385 3384
3424 3306 3307 3386 3385
3425 3307 3308 3387 3386
3426 3308 3309 3388 3387
3427 3309 3310 3389 3388
3428 3310 3311 3390 3389
3429 3311 3312 3391 3390
3430 3312 3313 3392 3391
3431 3313 3314 3393 3392
3432 3314 3315 3394 3393
3433 3315 3316 3395 3394
3434 3316 3317 3396 3395
3435 3317 3318 3397 3396
3436 3318 3319 3398 3397
3437 3319 3320 3399 3398
3438 3320 3321 3400 3399
3439 3321 3322 3401 3400
3440 3322 122 123 3401
3441 283 3323 3402 282
3442 3323 3324 3403 3402
3443 3324 3325 3404 3403
3444 3325 3326 3405 3404
3445 3326 3327 3406 3405
3446 3327 3328 3407 3406
3447 3328 3329 3408 3407
3448 3329 3330 3409 3408
3449 3330 3331 3410 3409
3450 3331 3332 3411 3410
3451 3332 3333 3412 3411
3452 3333 3334 3413 3412
3453 3334 3335 3414 3413
3454 3335 3336 3415 3414
3455 3336 3337 3416 3415
3456 3337 3338 3417 3416
3457 3338 3339 3418 3417
3458 3339 3340 3419 3418
3459 3340 3341 3420 3419
3460 3341 3342 3421 3420
3461 3342 3343 3422 3421
3462 3343 3344 3423 3422
3463 3344 3345 3424 3423
3464 3345 3346 3425 3424
3465 3346 3347 3426 3425
3466 3347 3348 3427 3426
3467 3348 3349 3428 3427
3468 3349 3350 3429 3428
3469 3350 3351 3430 3429
3470 3351 3352 3431 3430
3471 3352 3353 3432 3431
3472 3353 3354 3433 3432
3473 3354 3355 3434 3433
3474 3355 3356 3435 3434
3475 3356 3357 3436 3435
3476 3357 3358 3437 3436
3477 3358 3359 3438 3437
3478 3359 3360 3439 3438
3479 3360 3361 3440 3439
3480 3361 3362 3441 3440
3481 3362 3363 3442 3441
3482 3363 3364 3443 3442
3483 3364 3365 3444 3443
3484 3365 3366 3445 3444
3485 3366 3367 3446 3445
3486 3367 3368 3447 3446
3487 3368 3369 3448 3447
3488 3369 3370 3449 3448
3489 3370 3371 3450 3449
3490 3371 3372 3451 3450
3491 3372 3373 3452 3451
3492 3373 3374 3453 3452
3493 3374 3375 3454 3453
3494 3375 3376 3455 3454
3495 3376 3377 3456 3455
3496 3377 3378 3457 3456
3497 3378 3379 3458 3457
3498 3379 3380 3459 3458
3499 3380 3381 3460 3459
3500 3381 3382 3461 3460
3501 3382 3383 3462 3461
3502 3383 3384 3463 3462
3503 3384 3385 3464 3463
3504 3385 3386 3465 3464
3505 3386 3387 3466 3465
3506 3387 3388 3467 3466
3507 3388 3389 3468 3467
3508 3389 3390 3469 3468
3509 3390 3391 3470 3469
3510 3391 3392 3471 3470
3511 3392 3393 3472 3471
3512 3393 3394 3473 3472
3513 3394 3395 3474 3473
3514 3395 3396 3475 3474
3515 3396 3397 3476 3475
3516 3397 3398 3477 3476
3517 3398 3399 3478 3477
3518 3399 3400 3479 3478
3519 3400 3401 3480 3479
3520 3401 123 124 3480
3521 282 3402 3481 281
3522 3402 3403 3482 3481
3523 3403 3404 3483 3482
3524 3404 3405 3484 3483
3525 3405 3406 3485 3484
3526 3406 3407 3486 3485
3527 3407 3408 3487 3486
3528 3408 3409 3488 3487
3529 3409 3410 3489 3488
3530 3410 3411 3490 3489
3531 3411 3412 3491 3490
3532 3412 3413 3492 3491
3533 3413 3414 3493 3492
3534 3414 3415 3494 3493
3535 3415 3416 3495 3494
3536 3416 3417 3496 3495
3537 3417 3418 3497 3496
3538 3418 3419 3498 3497
3539 3419 3420 3499 3498
3540 3420 3421 3500 3499
3541 3421 3422 3501 3500
3542 3422 3423 3502 3501
3543 3423 3424 3503 3502
3544 3424 3425 3504 3503
3545 3425 3426 3505 3504
3546 3426 3427 3506 3505
3547 3427 3428 3507 3506
3548 3428 3429 3508 3507
3549 3429 3430 3509 3508
3550 3430 3431 3510 3509
3551 3431 3432 3511 3510
3552 3432 3433 3512 3511
3553 3433 3434 3513 3512
3554 3434 3435 3514 3513
3555 3435 3436 3515 3514
3556 3436 3437 3516 3515
3557 3437 3438 3517 3516
3558 3438 3439 3518 3517
3559 3439 3440 3519 3518
3560 3440 3441 3520 3519
3561 3441 3442 3521 3520
3562 3442 3443 3522 3521
3563 3443 3444 3523 3522
3564 3444 3445 3524 3523
3565 3445 3446 3525 3524
3566 3446 3447 3526 3525
3567 3447 3448 3527 3526
3568 3448 3449 3528 3527
3569 3449 3450 3529 3528
3570 3450 3451 3530 3529
3571 3451 3452 3531 3530
3572 3452 3453 3532 3531
3573 3453 3454 3533 3532
3574 3454 3455 3534 3533
3575 3455 3456 3535 3534
3576 3456 3457 3536 3535
3577 3457 3458 3537 3536
3578 3458 3459 3538 3537
3579 3459 3460 3539 3538
3580 3460 3461 3540 3539
3581 3461 3462 3541 3540
3582 3462 3463 3542 3541
3583 3463 3464 3543 3542
3584 3464 3465 3544 3543
3585 3465 3466 3545 3544
3586 3466 3467 3546 3545
3587 3467 3468 3547 3546
3588 3468 3469 3548 3547
3589 3469 3470 3549 3548
3590 3470 3471 3550 3549
3591 3471 3472 3551 3550
3592 3472 3473 3552 3551
3593 3473 3474 3553 3552
3594 3474 3475 3554 3553
3595 3475 3476 3555 3554
3596 3476 3477 3556 3555
3597 3477 3478 3557 3556
3598 3478 3479 3558 3557
3599 3479 3480 3559 3558
3600 3480 124 125 3559
3601 281 3481 3560 280
3602 3481 3482 3561 3560
3603 3482 3483 3562 3561
3604 3483 3484 3563 3562
3605 3484 3485 3564 3563
3606 3485 3486 3565 3564
3607 3486 3487 3566 3565
3608 3487 3488 3567 3566
3609 3488 3489 3568 3567
3610 3489 3490 3569 3568
3611 3490 3491 3570 3569
3612 3491 3492 3571 3570
3613 3492 3493 3572 3571
3614 3493 3494 3573 3572
3615 3494 3495 3574 3573
3616 3495 3496 3575 3574
3617 3496 3497 3576 3575
3618 3497 3498 3577 3576
3619 3498 3499 3578 3577
3620 3499 3500 3579 3578
3621 3500 3501 3580 3579
3622 3501 3502 3581 3580
3623 3502 3503 3582 3581
3624 3503 3504 3583 3582
3625 3504 3505 3584 3583
3626 3505 3506 3585 3584
3627 3506 3507 3586 3585
3628 3507 3508 3587 3586
3629 3508 3509 3588 3587
3630 3509 3510 3589 3588
3631 3510 3511 3590 3589
3632 3511 3512 3591 3590
3633 3512 3513 3592 3591
3634 3513 3514 3593 3592
3635 3514 3515 3594 3593
3636 3515 3516 3595 3594
3637 3516 3517 3596 3595
3638 3517 3518 3597 3596
3639 3518 3519 3598 3597
3640 3519 3520 3599 3598
3641 3520 3521 3600 3599
3642 3521 3522 3601 3600
3643 3522 3523 3602 3601
3644 3523 3524 3603 3602
3645 3524 3525 3604 3603
3646 3525 3526 3605 3604
3647 3526 3527 3606 3605
3648 3527 3528 3607 3606
3649 3528 3529 3608 3607
3650 3529 3530 3609 3608
3651 3530 3531 3610 3609
3652 3531 3532 3611 3610
3653 3532 3533 3612 3611
3654 3533 3534 3613 3612
3655 3534 3535 3614 3613
3656 3535 3536 3615 3614
3657 3536 3537 3616 3615
3658 3537 3538 3617 3616
3659 3538 3539 3618 3617
3660 3539 3540 3619 3618
3661 3540 3541 3620 3619
3662 3541 3542 3621 3620
3663 3542 3543 3622 3621
3664 3543 3544 3623 3622
3665 3544 3545 3624 3623
3666 3545 3546 3625 3624
3667 3546 3547 3626 3625
3668 3547 3548 3627 3626
3669 3548 3549 3628 3627
3670 3549 3550 3629 3628
3671 3550 3551 3630 3629
3672 3551 3552 3631 3630
3673 3552 3553 3632 3631
3674 3553 3554 3633 3632
3675 3554 3555 3634 3633
3676 3555 3556 3635 3634
3677 3556 3557 3636 3635
3678 3557 3558 3637 3636
3679 3558 3559 3638 3637
3680 3559 125 126 3638
3681 280 3560 3639 279
3682 3560 3561 3640 3639
3683 3561 3562 3641 3640
3684 3562 3563 3642 3641
3685 3563 3564 3643 3642
3686 3564 3565 3644 3643
3687 3565 3566 3645 3644
3688 3566 3567 3646 3645
3689 3567 3568 3647 3646
3690 3568 3569 3648 3647
3691 3569 3570 3649 3648
3692 3570 3571 3650 3649
3693 3571 3572 3651 3650
3694 3572 3573 3652 3651
3695 3573 3574 3653 3652
3696 3574 3575 3654 3653
3697 3575 3576 3655 3654
3698 3576 3577 3656 3655
3699 3577 3578 3657 3656
3700 3578 3579 3658 3657
3701 3579 3580 3659 3658
3702 3580 3581 3660 3659
3703 3581 3582 3661 3660
3704 3582 3583 3662 3661
3705 3583 3584 3663 3662
3706 3584 3585 3664 3663
3707 3585 3586 3665 3664
3708 3586 3587 3666 3665
3709 3587 3588 3667 3666
3710 3588 3589 3668 3667
3711 3589 3590 3669 3668
3712 3590 3591 3670 3669
3713 3591 3592 3671 3670
3714 3592 3593 3672 3671
3715 3593 3594 3673 3672
3716 3594 3595 3674 3673
3717 3595 3596 3675 3674
3718 3596 3597 3676 3675
3719 3597 3598 3677 3676
3720 3598 3599 3678 3677
3721 3599 3600 3679 3678
3722 3600 3601 3680 3679
3723 3601 3602 3681 3680
3724 3602 3603 3682 3681
3725 3603 3604 3683 3682
3726 3604 3605 3684 3683
3727 3605 3606 3685 3684
3728 3606 3607 3686 3685
3729 3607 3608 3687 3686
3730 3608 3609 3688 3687
3731 3609 3610 3689 3688
3732 3610 3611 3690 3689
3733 3611 3612 3691 3690
3734 3612 3613 3692 3691
3735 3613 3614 3693 3692
3736 3614 3615 3694 3693
3737 3615 3616 3695 3694
3738 3616 3617 3696 3695
3739 3617 3618 3697 3696
3740 3618 3619 3698 3697
3741 3619 3620 3699 3698
3742 3620 3621 3700 3699
3743 3621 3622 3701 3700
3744 3622 3623 3702 3701
3745 3623 3624 3703 3702
3746 3624 3625 3704 3703
3747 3625 3626 3705 3704
3748 3626 3627 3706 3705
3749 3627 3628 3707 3706
3750 3628 3629 3708 3707
3751 3629 3630 3709 3708
3752 3630 3631 3710 3709
3753 3631 3632 3711 3710
3754 3632 3633 3712 3711
3755 3633 3634 3713 3712
3756 3634 3635 3714 3713
3757 3635 3636 3715 3714
3758 3636 3637 3716 3715
3759 3637 3638 3717 3716
3760 3638 126 127 3717
3761 279 3639 3718 278
3762 3639 3640 3719 3718
3763 3640 3641 3720 3719
3764 3641 3642 3721 3720
3765 3642 3643 3722 3721
3766 3643 3644 3723 3722
3767 3644 3645 3724 3723
3768 3645 3646 3725 3724
3769 3646 3647 3726 3725
3770 3647 3648 3727 3726
3771 3648 3649 3728 3727
3772 3649 3650 3729 3728
3773 3650 3651 3730 3729
3774 3651 3652 3731 3730
3775 3652 3653 3732 3731
3776 3653 3654 3733 3732
3777 3654 3655 3734 3733
3778 3655 3656 3735 3734
3779 3656 3657 3736 3735
3780 3657 3658 3737 3736
3781 3658 3659 3738 3737
3782 3659 3660 3739 3738
3783 3660 3661 3740 3739
3784 3661 3662 3741 3740
3785 3662 3663 3742 3741
3786 3663 3664 3743 3742
3787 3664 3665 3744 3743
3788 3665 3666 3745 3744
3789 3666 3667 3746 3745
3790 3667 3668 3747 3746
3791 3668 3669 3748 3747
3792 3669 3670 3749 3748
3793 3670 3671 3750 3749
3794 3671 3672 3751 3750
3795 3672 3673 3752 3751
3796 3673 3674 3753 3752
3797 3674 3675 3754 3753
3798 3675 3676 3755 3754
3799 3676 3677 3756 3755
3800 3677 3678 3757 3756
3801 3678 3679 3758 3757
3802 3679 3680 3759 3758
3803 3680 3681 3760 3759
3804 3681 3682 3761 3760
3805 3682 3683 3762 3761
3806 3683 3684 3763 3762
3807 3684 3685 3764 3763
3808 3685 3686 3765 3764
3809 3686 3687 3766 3765
3810 3687 3688 3767 3766
3811 3688 3689 3768 3767
3812 3689 3690 3769 3768
3813 3690 3691 3770 3769
3814 3691 3692 3771 3770
3815 3692 3693 3772 3771
3816 3693 3694 3773 3772
3817 3694 3695 3774 3773
3818 3695 3696 3775 3774
3819 3696 3697 3776 3775
3820 3697 3698 3777 3776
3821 3698 3699 3778 3777
3822 3699 3700 3779 3778
3823 3700 3701 3780 3779
3824 3701 3702 3781 3780
3825 3702 3703 3782 3781
3826 3703 3704 3783 3782
3827 3704 3705 3784 3783
3828 3705 3706 3785 3784
3829 3706 3707 3786 3785
3830 3707 3708 3787 3786
3831 3708 3709 3788 3787
3832 3709 3710 3789 3788
3833 3710 3711 3790 3789
3834 3711 3712 3791 3790
3835 3712 3713 3792 3791
3836 3713 3714 3793 3792
3837 3714 3715 3794 3793
3838 3715 3716 3795 3794
3839 3716 3717 3796 3795
3840 3717 127 128 3796
3841 278 3718 3797 277
3842 3718 3719 3798 3797
3843 3719 3720 3799 3798
3844 3720 3721 3800 3799
3845 3721 3722 3801 3800
3846 3722 3723 3802 3801
3847 3723 3724 3803 3802
3848 3724 3725 3804 3803
3849 3725 3726 3805 3804
3850 3726 3727 3806 3805
3851 3727 3728 3807 3806
3852 3728 3729 3808 3807
3853 3729 3730 3809 3808
3854 3730 3731 3810 3809
3855 3731 3732 3811 3810
3856 3732 3733 3812 3811
3857 3733 3734 3813 3812
3858 3734 3735 3814 3813
3859 3735 3736 3815 3814
3860 3736 3737 3816 3815
3861 3737 3738 3817 3816
3862 3738 3739 3818 3817
3863 3739 3740 3819 3818
3864 3740 3741 3820 3819
3865 3741 3742 3821 3820
3866 3742 3743 3822 3821
3867 3743 3744 3823 3822
3868 3744 3745 3824 3823
3869 3745 3746 3825 3824
3870 3746 3747 3826 3825
3871 3747 3748 3827 3826
3872 3748 3749 3828 3827
3873 3749 3750 3829 3828
3874 3750 3751 3830 3829
3875 3751 3752 3831 3830
3876 3752 3753 3832 3831
3877 3753 3754 3833 3832
3878 3754 3755 3834 3833
3879 3755 3756 3835 3834
3880 3756 3757 3836 3835
3881 3757 3758 3837 3836
3882 3758 3759 3838 3837
3883 3759 3760 3839 3838
3884 3760 3761 3840 3839
3885 3761 3762 3841 3840
3886 3762 3763 3842 3841
3887 3763 3764 3843 3842
3888 3764 3765 3844 3843
3889 3765 3766 3845 3844
3890 3766 3767 3846 3845
3891 3767 3768 3847 3846
3892 3768 3769 3848 3847
3893 3769 3770 3849 3848
3894 3770 3771 3850 3849
3895 3771 3772 3851 3850
3896 3772 3773 3852 3851
3897 3773 3774 3853 3852
3898 3774 3775 3854 3853
3899 3775 3776 3855 3854
3900 3776 3777 3856 3855
3901 3777 3778 3857 3856
3902 3778 3779 3858 3857
3903 3779 3780 3859 3858
3904 3780 3781 3860 3859
3905 3781 3782 3861 3860
3906 3782 3783 3862 3861
3907 3783 3784 3863 3862
3908 3784 3785 3864 3863
3909 3785 3786 3865 3864
3910 3786 3787 3866 3865
3911 3787 3788 3867 3866
3912 3788 3789 3868 3867
3913 3789 3790 3869 3868
3914 3790 3791 3870 3869
3915 3791 3792 3871 3870
3916 3792 3793 3872 3871
3917 3793 3794 3873 3872
3918 3794 3795 3874 3873
3919 3795 3796 3875 3874
3920 3796 128 129 3875
3921 277 3797 3876 276
3922 3797 3798 3877 3876
3923 3798 3799 3878 3877
3924 3799 3800 3879 3878
3925 3800 3801 3880 3879
3926 3801 3802 3881 3880
3927 3802 3803 3882 3881
3928 3803 3804 3883 3882
3929 3804 3805 3884 3883
3930 3805 3806 3885 3884
3931 3806 3807 3886 3885
3932 3807 3808 3887 3886
3933 3808 3809 3888 3887
3934 3809 3810 3889 3888
3935 3810 3811 3890 3889
3936 3811 3812 3891 3890
3937 3812 3813 3892 3891
3938 3813 3814 3893 3892
3939 3814 3815 3894 3893
3940 3815 3816 3895 3894
3941 3816 3817 3896 3895
3942 3817 3818 3897 3896
3943 3818 3819 3898 3897
3944 3819 3820 3899 3898
3945 3820 3821 3900 3899
3946 3821 3822 3901 3900
3947 3822 3823 3902 3901
3948 3823 3824 3903 3902
3949 3824 3825 3904 3903
3950 3825 3826 3905 3904
3951 3826 3827 3906 3905
3952 3827 3828 3907 3906
3953 3828 3829 3908 3907
3954 3829 3830 3909 3908
3955 3830 3831 3910 3909
3956 3831 3832 3911 3910
3957 3832 3833 3912 3911
3958 3833 3834 3913 3912
3959 3834 3835 3914 3913
3960 3835 3836 3915 3914
3961 3836 3837 3916 3915
3962 3837 3838 3917 3916
3963 3838 3839 3918 3917
3964 3839 3840 3919 3918
3965 3840 3841 3920 3919
3966 3841 3842 3921 3920
3967 3842 3843 3922 3921
3968 3843 3844 3923 3922
3969 3844 3845 3924 3923
3970 3845 3846 3925 3924
3971 3846 3847 3926 3925
3972 3847 3848 3927 3926
3973 3848 3849 3928 3927
3974 3849 3850 3929 3928
3975 3850 3851 3930 3929
3976 3851 3852 3931 3930
3977 3852 3853 3932 3931
3978 3853 3854 3933 3932
3979 3854 3855 3934 3933
3980 3855 3856 3935 3934
3981 3856 3857 3936 3935
3982 3857 3858 3937 3936
3983 3858 3859 3938 3937
3984 3859 3860 3939 3938
3985 3860 3861 3940 3939
3986 3861 3862 3941 3940
3987 3862 3863 3942 3941
3988 3863 3864 3943 3942
3989 3864 3865 3944 3943
3990 3865 3866 3945 3944
3991 3866 3867 3946 3945
3992 3867 3868 3947 3946
3993 3868 3869 3948 3947
3994 3869 3870 3949 3948
3995 3870 3871 3950 3949
3996 3871 3872 3951 3950
3997 3872 3873 3952 3951
3998 3873 3874 3953 3952
3999 3874 3875 3954 3953
4000 3875 129 130 3954
4001 276 3876 3955 275
4002 3876 3877 3956 3955
4003 3877 3878 3957 3956
4004 3878 3879 3958 3957
4005 3879 3880 3959 3958
4006 3880 3881 3960 3959
4007 3881 3882 3961 3960
4008 3882 3883 3962 3961
4009 3883 3884 3963 3962
4010 3884 3885 3964 3963
4011 3885 3886 3965 3964
4012 3886 3887 3966 3965
4013 3887 3888 3967 3966
4014 3888 3889 3968 3967
4015 3889 3890 3969 3968
4016 3890 3891 3970 3969
4017 3891 3892 3971 3970
4018 3892 3893 3972 3971
4019 3893 3894 3973 3972
4020 3894 3895 3974 3973
4021 3895 3896 3975 3974
4022 3896 3897 3976 3975
4023 3897 3898 3977 3976
4024 3898 3899 3978 3977
4025 3899 3900 3979 3978
4026 3900 3901 3980 3979
4027 3901 3902 3981 3980
4028 3902 3903 3982 3981
4029 3903 3904 3983 3982
4030 3904 3905 3984 3983
4031 3905 3906 3985 3984
4032 3906 3907 3986 3985
4033 3907 3908 3987 3986
4034 3908 3909 3988 3987
4035 3909 3910 3989 3988
4036 3910 3911 3990 3989
4037 3911 3912 3991 3990
4038 3912 3913 3992 3991
4039 3913 3914 3993 3992
4040 3914 3915 3994 3993
4041 3915 3916 3995 3994
4042 3916 3917 3996 3995
4043 3917 3918 3997 3996
4044 3918 3919 3998 3997
4045 3919 3920 3999 3998
4046 3920 3921 4000 3999
4047 3921 3922 4001 4000
4048 3922 3923 4002 4001
4049 3923 3924 4003 4002
4050 3924 3925 4004 4003
4051 3925 3926 4005 4004
4052 3926 3927 4006 4005
4053 3927 3928 4007 4006
4054 3928 3929 4008 4007
4055 3929 3930 4009 4008
4056 3930 3931 4010 4009
4057 3931 3932 4011 4010
4058 3932 3933 4012 4011
4059 3933 3934 4013 4012
4060 3934 3935 4014 4013
4061 3935 3936 4015 4014
4062 3936 3937 4016 4015
4063 3937 3938 4017 4016
4064 3938 3939 4018 4017
4065 3939 3940 4019 4018
4066 3940 3941 4020 4019
4067 3941 3942 4021 4020
4068 3942 3943 4022 4021
4069 3943 3944 4023 4022
4070 3944 3945 4024 4023
4071 3945 3946 4025 4024
4072 3946 3947 4026 4025
4073 3947 3948 4027 4026
4074 3948 3949 4028 4027
4075 3949 3950 4029 4028
4076 3950 3951 4030 4029
4077 3951 3952 4031 4030
4078 3952 3953 4032 4031
4079 3953 3954 4033 4032
4080 3954 130 131 4033
4081 275 3955 4034 274
4082 3955 3956 4035 4034
4083 3956 3957 4036 4035
4084 3957 3958 4037 4036
4085 3958 3959 4038 4037
4086 3959 3960 4039 4038
4087 3960 3961 4040 4039
4088 3961 3962 4041 4040
4089 3962 3963 4042 4041
4090 3963 3964 4043 4042
4091 3964 3965 4044 4043
4092 3965 3966 4045 4044
4093 3966 3967 4046 4045
4094 3967 3968 4047 4046
4095 3968 3969 4048 4047
4096 3969 3970 4049 4048
4097 3970 3971 4050 4049
4098 3971 3972 4051 4050
4099 3972 3973 4052 4051
4100 3973 3974 4053 4052
4101 3974 3975 4054 4053
4102 3975 3976 4055 4054
4103 3976 3977 4056 4055
4104 3977 3978 4057 4056
4105 3978 3979 4058 4057
4106 3979 3980 4059 4058
4107 3980 3981 4060 4059
4108 3981 3982 4061 4060
4109 3982 3983 4062 4061
4110 3983 3984 4063 4062
4111 3984 3985 4064 4063
4112 3985 3986 4065 4064
4113 3986 3987 4066 4065
4114 3987 3988 4067 4066
4115 3988 3989 4068 4067
4116 3989 3990 4069 4068
4117 3990 3991 4070 4069
4118 3991 3992 4071 4070
4119 3992 3993 4072 4071
4120 3993 3994 4073 4072
4121 3994 3995 4074 4073
4122 3995 3996 4075 4074
4123 3996 3997 4076 4075
4124 3997 3998 4077 4076
4125 3998 3999 4078 4077
4126 3999 4000 4079 4078
4127 4000 4001 4080 4079
4128 4001 4002 4081 4080
4129 4002 4003 4082 4081
4130 4003 4004 4083 4082
4131 4004 4005 4084 4083
4132 4005 4006 4085 4084
4133 4006 4007 4086 4085
4134 4007 4008 4087 4086
4135 4008 4009 4088 4087
4136 4009 4010 4089 4088
4137 4010 4011 4090 4089
4138 4011 4012 4091 4090
4139 4012 4013 4092 4091
4140 4013 4014 4093 4092
4141 4014 4015 4094 4093
4142 4015 4016 4095 4094
4143 4016 4017 4096 4095
4144 4017 4018 4097 4096
4145 4018 4019 4098 4097
4146 4019 4020 4099 4098
4147 4020 4021 4100 4099
4148 4021 4022 4101 4100
4149 4022 4023 4102 4101
4150 4023 4024 4103 4102
4151 4024 4025 4104 4103
4152 4025 4026 4105 4104
4153 4026 4027 4106 4105
4154 4027 4028 4107 4106
4155 4028 4029 4108 4107
4156 4029 4030 4109 4108
4157 4030 4031 4110 4109
4158 4031 4032 4111 4110
4159 4032 4033 4112 4111
4160 4033 131 132 4112
4161 274 4034 4113 273
4162 4034 4035 4114 4113
4163 4035 4036 4115 4114
4164 4036 4037 4116 4115
4165 4037 4038 4117 4116
4166 4038 4039 4118 4117
4167 4039 4040 4119 4118
4168 4040 4041 4120 4119
4169 4041 4042 4121 4120
4170 4042 4043 4122 4121
4171 4043 4044 4123 4122
4172 4044 4045 4124 4123
4173 4045 4046 4125 4124
4174 4046 4047 4126 4125
4175 4047 4048 4127 4126
4176 4048 4049 4128 4127
4177 4049 4050 4129 4128
4178 4050 4051 4130 4129
4179 4051 4052 4131 4130
4180 4052 4053 4132 4131
4181 4053 4054 4133 4132
4182 4054 4055 4134 4133
4183 4055 4056 4135 4134
4184 4056 4057 4136 4135
4185 4057 4058 4137 4136
4186 4058 4059 4138 4137
4187 4059 4060 4139 4138
4188 4060 4061 4140 4139
4189 4061 4062 4141 4140
4190 4062 4063 4142 4141
4191 4063 4064 4143 4142
4192 4064 4065 4144 4143
4193 4065 4066 4145 4144
4194 4066 4067 4146 4145
4195 4067 4068 4147 4146
4196 4068 4069 4148 4147
4197 4069 4070 4149 4148
4198 4070 4071 4150 4149
4199 4071 4072 4151 4150
4200 4072 4073 4152 4151
4201 4073 4074 4153 4152
4202 4074 4075 4154 4153
4203 4075 4076 4155 4154
4204 4076 4077 4156 4155
4205 4077 4078 4157 4156
4206 4078 4079 4158 4157
4207 4079 4080 4159 4158
4208 4080 4081 4160 4159
4209 4081 4082 4161 4160
4210 4082 4083 4162 4161
4211 4083 4084 4163 4162
4212 4084 4085 4164 4163
4213 4085 4086 4165 4164
4214 4086 4087 4166 4165
4215 4087 4088 4167 4166
4216 4088 4089 4168 4167
4217 4089 4090 4169 4168
4218 4090 4091 4170 4169
4219 4091 4092 4171 4170
4220 4092 4093 4172 4171
4221 4093 4094 4173 4172
4222 4094 4095 4174 4173
4223 4095 4096 4175 4174
4224 4096 4097 4176 4175
4225 4097 4098 4177 4176
4226 4098 4099 4178 4177
4227 4099 4100 4179 4178
4228 4100 4101 4180 4179
4229 4101 4102 4181 4180
4230 4102 4103 4182 4181
4231 4103 4104 4183 4182
4232 4104 4105 4184 4183
4233 4105 4106 4185 4184
4234 4106 4107 4186 4185
4235 4107 4108 4187 4186
4236 4108 4109 4188 4187
4237 4109 4110 4189 4188
4238 4110 4111 4190 4189
4239 4111 4112 4191 4190
4240 4112 132 133 4191
4241 273 4113 4192 272
4242 4113 4114 4193 4192
4243 4114 4115 4194 4193
4244 4115 4116 4195 4194
4245 4116 4117 4196 4195
4246 4117 4118 4197 4196
4247 4118 4119 4198 4197
4248 4119 4120 4199 4198
4249 4120 4121 4200 4199
4250 4121 4122 4201 4200
4251 4122 4123 4202 4201
4252 4123 4124 4203 4202
4253 4124 4125 4204 4203
4254 4125 4126 4205 4204
4255 4126 4127 4206 4205
4256 4127 4128 4207 4206
4257 4128 4129 4208 4207
4258 4129 4130 4209 4208
4259 4130 4131 4210 4209
4260 4131 4132 4211 4210
4261 4132 4133 4212 4211
4262 4133 4134 4213 4212
4263 4134 4135 4214 4213
4264 4135 4136 4215 4214
4265 4136 4137 4216 4215
4266 4137 4138 4217 4216
4267 4138 4139 4218 4217
4268 4139 4140 4219 4218
4269 4140 4141 4220 4219
4270 4141 4142 4221 4220
4271 4142 4143 4222 4221
4272 4143 4144 4223 4222
4273 4144 4145 4224 4223
4274 4145 4146 4225 4224
4275 4146 4147 4226 4225
4276 4147 4148 4227 4226
4277 4148 4149 4228 4227
4278 4149 4150 4229 4228
4279 4150 4151 4230 4229
4280 4151 4152 4231 4230
4281 4152 4153 4232 4231
4282 4153 4154 4233 4232
4283 4154 4155 4234 4233
4284 4155 4156 4235 4234
4285 4156 4157 4236 4235
4286 4157 4158 4237 4236
4287 4158 4159 4238 4237
4288 4159 4160 4239 4238
4289 4160 4161 4240 4239
4290 4161 4162 4241 4240
4291 4162 4163 4242 4241
4292 4163 4164 4243 4242
4293 4164 4165 4244 4243
4294 4165 4166 4245 4244
4295 4166 4167 4246 4245
4296 4167 4168 4247 4246
4297 4168 4169 4248 4247
4298 4169 4170 4249 4248
4299 4170 4171 4250 4249
4300 4171 4172 4251 4250
4301 4172 4173 4252 4251
4302 4173 4174 4253 4252
4303 4174 4175 4254 4253
4304 4175 4176 4255 4254
4305 4176 4177 4256 4255
4306 4177 4178 4257 4256
4307 4178 4179 4258 4257
4308 4179 4180 4259 4258
4309 4180 4181 4260 4259
4310 4181 4182 4261 4260
4311 4182 4183 4262 4261
4312 4183 4184 4263 4262
4313 4184 4185 4264 4263
4314 4185 4186 4265 4264
4315 4186 4187 4266 4265
4316 4187 4188 4267 4266
4317 4188 4189 4268 4267
4318 4189 4190 4269 4268
4319 4190 4191 4270 4269
4320 4191 133 134 4270
4321 272 4192 4271 271
4322 4192 4193 4272 4271
4323 4193 4194 4273 4272
4324 4194 4195 4274 4273
4325 4195 4196 4275 4274
4326 4196 4197 4276 4275
4327 4197 4198 4277 4276
4328 4198 4199 4278 4277
4329 4199 4200 4279 4278
4330 4200 4201 4280 4279
4331 4201 4202 4281 4280
4332 4202 4203 4282 4281
4333 4203 4204 4283 4282
4334 4204 4205 4284 4283
4335 4205 4206 4285 4284
4336 4206 4207 4286 4285
4337 4207 4208 4287 4286
4338 4208 4209 4288 4287
4339 4209 4210 4289 4288
4340 4210 4211 4290 4289
4341 4211 4212 4291 4290
4342 4212 4213 4292 4291
4343 4213 4214 4293 4292
4344 4214 4215 4294 4293
4345 4215 4216 4295 4294
4346 4216 4217 4296 4295
4347 4217 4218 4297 4296
4348 4218 4219 4298 4297
4349 4219 4220 4299 4298
4350 4220 4221 4300 4299
4351 4221 4222 4301 4300
4352 4222 4223 4302 4301
4353 4223 4224 4303 4302
4354 4224 4225 4304 4303
4355 4225 4226 4305 4304
4356 4226 4227 4306 4305
4357 4227 4228 4307 4306
4358 4228 4229 4308 4307
4359 4229 4230 4309 4308
4360 4230 4231 4310 4309
4361 4231 4232 4311 4310
4362 4232 4233 4312 4311
4363 4233 4234 4313 4312
4364 4234 4235 4314 4313
4365 4235 4236 4315 4314
4366 4236 4237 4316 4315
4367 4237 4238 4317 4316
4368 4238 4239 4318 4317
4369 4239 4240 4319 4318
4370 4240 4241 4320 4319
4371 4241 4242 4321 4320
4372 4242 4243 4322 4321
4373 4243 4244 4323 4322
4374 4244 4245 4324 4323
4375 4245 4246 4325 4324
4376 4246 4247 4326 4325
4377 4247 4248 4327 4326
4378 4248 4249 4328 4327
4379 4249 4250 4329 4328
4380 4250 4251 4330 4329
4381 4251 4252 4331 4330
4382 4252 4253 4332 4331
4383 4253 4254 4333 4332
4384 4254 4255 4334 4333
4385 4255 4256 4335 4334
4386 4256 4257 4336 4335
4387 4257 4258 4337 4336
4388 4258 4259 4338 4337
4389 4259 4260 4339 4338
4390 4260 4261 4340 4339
4391 4261 4262 4341 4340
4392 4262 4263 4342 4341
4393 4263 4264 4343 4342
4394 4264 4265 4344 4343
4395 4265 4266 4345 4344
4396 4266 4267 4346 4345
4397 4267 4268 4347 4346
4398 4268 4269 4348 4347
4399 4269 4270 4349 4348
4400 4270 134 135 4349
4401 271 4271 4350 270
4402 4271 4272 4351 4350
4403 4272 4273 4352 4351
4404 4273 4274 4353 4352
4405 4274 4275 4354 4353
4406 4275 4276 4355 4354
4407 4276 4277 4356 4355
4408 4277 4278 4357 4356
4409 4278 4279 4358 4357
4410 4279 4280 4359 4358
4411 4280 4281 4360 4359
4412 4281 4282 4361 4360
4413 4282 4283 4362 4361
4414 4283 4284 4363 4362
4415 4284 4285 4364 4363
4416 4285 4286 4365 4364
4417 4286 4287 4366 4365
4418 4287 4288 4367 4366
4419 4288 4289 4368 4367
4420 4289 4290 4369 4368
4421 4290 4291 4370 4369
4422 4291 4292 4371 4370
4423 4292 4293 4372 4371
4424 4293 4294 4373 4372
4425 4294 4295 4374 4373
4426 4295 4296 4375 4374
4427 4296 4297 4376 4375
4428 4297 4298 4377 4376
4429 4298 4299 4378 4377
4430 4299 4300 4379 4378
4431 4300 4301 4380 4379
4432 4301 4302 4381 4380
4433 4302 4303 4382 4381
4434 4303 4304 4383 4382
4435 4304 4305 4384 4383
4436 4305 4306 4385 4384
4437 4306 4307 4386 4385
4438 4307 4308 4387 4386
4439 4308 4309 4388 4387
4440 4309 4310 4389 4388
4441 4310 4311 4390 4389
4442 4311 4312 4391 4390
4443 4312 4313 4392 4391
4444 4313 4314 4393 4392
4445 4314 4315 4394 4393
4446 4315 4316 4395 4394
4447 4316 4317 4396 4395
4448 4317 4318 4397 4396
4449 4318 4319 4398 4397
4450 4319 4320 4399 4398
4451 4320 4321 4400 4399
4452 4321 4322 4401 4400
4453 4322 4323 4402 4401
4454 4323 4324 4403 4402
4455 4324 4325 4404 4403
4456 4325 4326 4405 4404
4457 4326 4327 4406 4405
4458 4327 4328 4407 4406
4459 4328 4329 4408 4407
4460 4329 4330 4409 4408
4461 4330 4331 4410 4409
4462 4331 4332 4411 4410
4463 4332 4333 4412 4411
4464 4333 4334 4413 4412
4465 4334 4335 4414 4413
4466 4335 4336 4415 4414
4467 4336 4337 4416 4415
4468 4337 4338 4417 4416
4469 4338 4339 4418 4417
4470 4339 4340 4419 4418
4471 4340 4341 4420 4419
4472 4341 4342 4421 4420
4473 4342 4343 4422 4421
4474 4343 4344 4423 4422
4475 4344 4345 4424 4423
4476 4345 4346 4425 4424
4477 4346 4347 4426 4425
4478 4347 4348 4427 4426
4479 4348 4349 4428 4427
4480 4349 135 136 4428
4481 270 4350 4429 269
4482 4350 4351 4430 4429
4483 4351 4352 4431 4430
4484 4352 4353 4432 4431
4485 4353 4354 4433 4432
4486 4354 4355 4434 4433
4487 4355 4356 4435 4434
4488 4356 4357 4436 4435
4489 4357 4358 4437 4436
4490 4358 4359 4438 4437
4491 4359 4360 4439 4438
4492 4360 4361 4440 4439
4493 4361 4362 4441 4440
4494 4362 4363 4442 4441
4495 4363 4364 4443 4442
4496 4364 4365 4444 4443
4497 4365 4366 4445 4444
4498 4366 4367 4446 4445
4499 4367 4368 4447 4446
4500 4368 4369 4448 4447
4501 4369 4370 4449 4448
4502 4370 4371 4450 4449
4503 4371 4372 4451 4450
4504 4372 4373 4452 4451
4505 4373 4374 4453 4452
4506 4374 4375 4454 4453
4507 4375 4376 4455 4454
4508 4376 4377 4456 4455
4509 4377 4378 4457 4456
4510 4378 4379 4458 4457
4511 4379 4380 4459 4458
4512 4380 4381 4460 4459
4513 4381 4382 4461 4460
4514 4382 4383 4462 4461
4515 4383 4384 4463 4462
4516 4384 4385 4464 4463
4517 4385 4386 4465 4464
4518 4386 4387 4466 4465
4519 4387 4388 4467 4466
4520 4388 4389 4468 4467
4521 4389 4390 4469 4468
4522 4390 4391 4470 4469
4523 4391 4392 4471 4470
4524 4392 4393 4472 4471
4525 4393 4394 4473 4472
4526 4394 4395 4474 4473
4527 4395 4396 4475 4474
4528 4396 4397 4476 4475
4529 4397 4398 4477 4476
4530 4398 4399 4478 4477
4531 4399 4400 4479 4478
4532 4400 4401 4480 4479
4533 4401 4402 4481 4480
4534 4402 4403 4482 4481
4535 4403 4404 4483 4482
4536 4404 4405 4484 4483
4537 4405 4406 4485 4484
4538 4406 4407 4486 4485
4539 4407 4408 4487 4486
4540 4408 4409 4488 4487
4541 4409 4410 4489 4488
4542 4410 4411 4490 4489
4543 4411 4412 4491 4490
4544 4412 4413 4492 4491
4545 4413 4414 4493 4492
4546 4414 4415 4494 4493
4547 4415 4416 4495 4494
4548 4416 4417 4496 4495
4549 4417 4418 4497 4496
4550 4418 4419 4498 4497
4551 4419 4420 4499 4498
4552 4420 4421 4500 4499
4553 4421 4422 4501 4500
4554 4422 4423 4502 4501
4555 4423 4424 4503 4502
4556 4424 4425 4504 4503
4557 4425 4426 4505 4504
4558 4426 4427 4506 4505
4559 4427 4428 4507 4506
4560 4428 136 137 4507
4561 269 4429 4508 268
4562 4429 4430 4509 4508
4563 4430 4431 4510 4509
4564 4431 4432 4511 4510
4565 4432 4433 4512 4511
4566 4433 4434 4513 4512
4567 4434 4435 4514 4513
4568 4435 4436 4515 4514
4569 4436 4437 4516 4515
4570 4437 4438 4517 4516
4571 4438 4439 4518 4517
4572 4439 4440 4519 4518
4573 4440 4441 4520 4519
4574 4441 4442 4521 4520
4575 4442 4443 4522 4521
4576 4443 4444 4523 4522
4577 4444 4445 4524 4523
4578 4445 4446 4525 4524
4579 4446 4447 4526 4525
4580 4447 4448 4527 4526
4581 4448 4449 4528 4527
4582 4449 4450 4529 4528
4583 4450 4451 4530 4529
4584 4451 4452 4531 4530
4585 4452 4453 4532 4531
4586 4453 4454 4533 4532
4587 4454 4455 4534 4533
4588 4455 4456 4535 4534
4589 4456 4457 4536 4535
4590 4457 4458 4537 4536
4591 4458 4459 4538 4537
4592 4459 4460 4539 4538
4593 4460 4461 4540 4539
4594 4461 4462 4541 4540
4595 4462 4463 4542 4541
4596 4463 4464 4543 4542
4597 4464 4465 4544 4543
4598 4465 4466 4545 4544
4599 4466 4467 4546 4545
4600 4467 4468 4547 4546
4601 4468 4469 4548 4547
4602 4469 4470 4549 4548
4603 4470 4471 4550 4549
4604 4471 4472 4551 4550
4605 4472 4473 4552 4551
4606 4473 4474 4553 4552
4607 4474 4475 4554 4553
4608 4475 4476 4555 4554
4609 4476 4477 4556 4555
4610 4477 4478 4557 4556
4611 4478 4479 4558 4557
4612 4479 4480 4559 4558
4613 4480 4481 4560 4559
4614 4481 4482 4561 4560
4615 4482 4483 4562 4561
4616 4483 4484 4563 4562
4617 4484 4485 4564 4563
4618 4485 4486 4565 4564
4619 4486 4487 4566 4565
4620 4487 4488 4567 4566
4621 4488 4489 4568 4567
4622 4489 4490 4569 4568
4623 4490 4491 4570 4569
4624 4491 4492 4571 4570
4625 4492 4493 4572 4571
4626 4493 4494 4573 4572
4627 4494 4495 4574 4573
4628 4495 4496 4575 4574
4629 4496 4497 4576 4575
4630 4497 4498 4577 4576
4631 4498 4499 4578 4577
4632 4499 4500 4579 4578
4633 4500 4501 4580 4579
4634 4501 4502 4581 4580
4635 4502 4503 4582 4581
4636 4503 4504 4583 4582
4637 4504 4505 4584 4583
4638 4505 4506 4585 4584
4639 4506 4507 4586 4585
4640 4507 137 138 4586
4641 268 4508 4587 267
4642 4508 4509 4588 4587
4643 4509 4510 4589 4588
4644 4510 4511 4590 4589
4645 4511 4512 4591 4590
4646 4512 4513 4592 4591
4647 4513 4514 4593 4592
4648 4514 4515 4594 4593
4649 4515 4516 4595 4594
4650 4516 4517 4596 4595
4651 4517 4518 4597 4596
4652 4518 4519 4598 4597
4653 4519 4520 4599 4598
4654 4520 4521 4600 4599
4655 4521 4522 4601 4600
4656 4522 4523 4602 4601
4657 4523 4524 4603 4602
4658 4524 4525 4604 4603
4659 4525 4526 4605 4604
4660 4526 4527 4606 4605
4661 4527 4528 4607 4606
4662 4528 4529 4608 4607
4663 4529 4530 4609 4608
4664 4530 4531 4610 4609
4665 4531 4532 4611 4610
4666 4532 4533 4612 4611
4667 4533 4534 4613 4612
4668 4534 4535 4614 4613
4669 4535 4536 4615 4614
4670 4536 4537 4616 4615
4671 4537 4538 4617 4616
4672 4538 4539 4618 4617
4673 4539 4540 4619 4618
4674 4540 4541 4620 4619
4675 4541 4542 4621 4620
4676 4542 4543 4622 4621
4677 4543 4544 4623 4622
4678 4544 4545 4624 4623
4679 4545 4546 4625 4624
4680 4546 4547 4626 4625
4681 4547 4548 4627 4626
4682 4548 4549 4628 4627
4683 4549 4550 4629 4628
4684 4550 4551 4630 4629
4685 4551 4552 4631 4630
4686 4552 4553 4632 4631
4687 4553 4554 4633 4632
4688 4554 4555 4634 4633
4689 4555 4556 4635 4634
4690 4556 4557 4636 4635
4691 4557 4558 4637 4636
4692 4558 4559 4638 4637
4693 4559 4560 4639 4638
4694 4560 4561 4640 4639
4695 4561 4562 4641 4640
4696 4562 4563 4642 4641
4697 4563 4564 4643 4642
4698 4564 4565 4644 4643
4699 4565 4566 4645 4644
4700 4566 4567 4646 4645
4701 4567 4568 4647 4646
4702 4568 4569 4648 4647
4703 4569 4570 4649 4648
4704 4570 4571 4650 4649
4705 4571 4572 4651 4650
4706 4572 4573 4652 4651
4707 4573 4574 4653 4652
4708 4574 4575 4654 4653
4709 4575 4576 4655 4654
4710 4576 4577 4656 4655
4711 4577 4578 4657 4656
4712 4578 4579 4658 4657
4713 4579 4580 4659 4658
4714 4580 4581 4660 4659
4715 4581 4582 4661 4660
4716 4582 4583 4662 4661
4717 4583 4584 4663 4662
4718 4584 4585 4664 4663
4719 4585 4586 4665 4664
4720 4586 138 139 4665
4721 267 4587 4666 266
4722 4587 4588 4667 4666
4723 4588 4589 4668 4667
4724 4589 4590 4669 4668
4725 4590 4591 4670 4669
4726 4591 4592 4671 4670
4727 4592 4593 4672 4671
4728 4593 4594 4673 4672
4729 4594 4595 4674 4673
4730 4595 4596 4675 4674
4731 4596 4597 4676 4675
4732 4597 4598 4677 4676
4733 4598 4599 4678 4677
4734 4599 4600 4679 4678
4735 4600 4601 4680 4679
4736 4601 4602 4681 4680
4737 4602 4603 4682 4681
4738 4603 4604 4683 4682
4739 4604 4605 4684 4683
4740 4605 4606 4685 4684
4741 4606 4607 4686 4685
4742 4607 4608 4687 4686
4743 4608 4609 4688 4687
4744 4609 4610 4689 4688
4745 4610 4611 4690 4689
4746 4611 4612 4691 4690
4747 4612 4613 4692 4691
4748 4613 4614 4693 4692
4749 4614 4615 4694 4693
4750 4615 4616 4695 4694
4751 4616 4617 4696 4695
4752 4617 4618 4697 4696
4753 4618 4619 4698 4697
4754 4619 4620 4699 4698
4755 4620 4621 4700 4699
4756 4621 4622 4701 4700
4757 4622 4623 4702 4701
4758 4623 4624 4703 4702
4759 4624 4625 4704 4703
4760 4625 4626 4705 4704
4761 4626 4627 4706 4705
4762 4627 4628 4707 4706
4763 4628 4629 4708 4707
4764 4629 4630 4709 4708
4765 4630 4631 4710 4709
4766 4631 4632 4711 4710
4767 4632 4633 4712 4711
4768 4633 4634 4713 4712
4769 4634 4635 4714 4713
4770 4635 4636 4715 4714
4771 4636 4637 4716 4715
4772 4637 4638 4717 4716
4773 4638 4639 4718 4717
4774 4639 4640 4719 4718
4775 4640 4641 4720 4719
4776 4641 4642 4721 4720
4777 4642 4643 4722 4721
4778 4643 4644 4723 4722
4779 4644 4645 4724 4723
4780 4645 4646 4725 4724
4781 4646 4647 4726 4725
4782 4647 4648 4727 4726
4783 4648 4649 4728 4727
4784 4649 4650 4729 4728
4785 4650 4651 4730 4729
4786 4651 4652 4731 4730
4787 4652 4653 4732 4731
4788 4653 4654 4733 4732
4789 4654 4655 4734 4733
4790 4655 4656 4735 4734
4791 4656 4657 4736 4735
4792 4657 4658 4737 4736
4793 4658 4659 4738 4737
4794 4659 4660 4739 4738
4795 4660 4661 4740 4739
4796 4661 4662 4741 4740
4797 4662 4663 4742 4741
4798 4663 4664 4743 4742
4799 4664 4665 4744 4743
4800 4665 139 140 4744
4801 266 4666 4745 265
4802 4666 4667 4746 4745
4803 4667 4668 4747 4746
4804 4668 4669 4748 4747
4805 4669 4670 4749 4748
4806 4670 4671 4750 4749
4807 4671 4672 4751 4750
4808 4672 4673 4752 4751
4809 4673 4674 4753 4752
4810 4674 4675 4754 4753
4811 4675 4676 4755 4754
4812 4676 4677 4756 4755
4813 4677 4678 4757 4756
4814 4678 4679 4758 4757
4815 4679 4680 4759 4758
4816 4680 4681 4760 4759
4817 4681 4682 4761 4760
4818 4682 4683 4762 4761
4819 4683 4684 4763 4762
4820 4684 4685 4764 4763
4821 4685 4686 4765 4764
4822 4686 4687 4766 4765
4823 4687 4688 4767 4766
4824 4688 4689 4768 4767
4825 4689 4690 4769 4768
4826 4690 4691 4770 4769
4827 4691 4692 4771 4770
4828 4692 4693 4772 4771
4829 4693 4694 4773 4772
4830 4694 4695 4774 4773
4831 4695 4696 4775 4774
4832 4696 4697 4776 4775
4833 4697 4698 4777 4776
4834 4698 4699 4778 4777
4835 4699 4700 4779 4778
4836 4700 4701 4780 4779
4837 4701 4702 4781 4780
4838 4702 4703 4782 4781
4839 4703 4704 4783 4782
4840 4704 4705 4784 4783
4841 4705 4706 4785 4784
4842 4706 4707 4786 4785
4843 4707 4708 4787 4786
4844 4708 4709 4788 4787
4845 4709 4710 4789 4788
4846 4710 4711 4790 4789
4847 4711 4712 4791 4790
4848 4712 4713 4792 4791
4849 4713 4714 4793 4792
4850 4714 4715 4794 4793
4851 4715 4716 4795 4794
4852 4716 4717 4796 4795
4853 4717 4718 4797 4796
4854 4718 4719 4798 4797
4855 4719 4720 4799 4798
4856 4720 4721 4800 4799
4857 4721 4722 4801 4800
4858 4722 4723 4802 4801
4859 4723 4724 4803 4802
4860 4724 4725 4804 4803
4861 4725 4726 4805 4804
4862 4726 4727 4806 4805
4863 4727 4728 4807 4806
4864 4728 4729 4808 4807
4865 4729 4730 4809 4808
4866 4730 4731 4810 4809
4867 4731 4732 4811 4810
4868 4732 4733 4812 4811
4869 4733 4734 4813 4812
4870 4734 4735 4814 4813
4871 4735 4736 4815 4814
4872 4736 4737 4816 4815
4873 4737 4738 4817 4816
4874 4738 4739 4818 4817
4875 4739 4740 4819 4818
4876 4740 4741 4820 4819
4877 4741 4742 4821 4820
4878 4742 4743 4822 4821
4879 4743 4744 4823 4822
4880 4744 140 141 4823
4881 265 4745 4824 264
4882 4745 4746 4825 4824
4883 4746 4747 4826 4825
4884 4747 4748 4827 4826
4885 4748 4749 4828 4827
4886 4749 4750 4829 4828
4887 4750 4751 4830 4829
4888 4751 4752 4831 4830
4889 4752 4753 4832 4831
4890 4753 4754 4833 4832
4891 4754 4755 4834 4833
4892 4755 4756 4835 4834
4893 4756 4757 4836 4835
4894 4757 4758 4837 4836
4895 4758 4759 4838 4837
4896 4759 4760 4839 4838
4897 4760 4761 4840 4839
4898 4761 4762 4841 4840
4899 4762 4763 4842 4841
4900 4763 4764 4843 4842
4901 4764 4765 4844 4843
4902 4765 4766 4845 4844
4903 4766 4767 4846 4845
4904 4767 4768 4847 4846
4905 4768 4769 4848 4847
4906 4769 4770 4849 4848
4907 4770 4771 4850 4849
4908 4771 4772 4851 4850
4909 4772 4773 4852 4851
4910 4773 4774 4853 4852
4911 4774 4775 4854 4853
4912 4775 4776 4855 4854
4913 4776 4777 4856 4855
4914 4777 4778 4857 4856
4915 4778 4779 4858 4857
4916 4779 4780 4859 4858
4917 4780 4781 4860 4859
4918 4781 4782 4861 4860
4919 4782 4783 4862 4861
4920 4783 4784 4863 4862
4921 4784 4785 4864 4863
4922 4785 4786 4865 4864
4923 4786 4787 4866 4865
4924 4787 4788 4867 4866
4925 4788 4789 4868 4867
4926 4789 4790 4869 4868
4927 4790 4791 4870 4869
4928 4791 4792 4871 4870
4929 4792 4793 4872 4871
4930 4793 4794 4873 4872
4931 4794 4795 4874 4873
4932 4795 4796 4875 4874
4933 4796 4797 4876 4875
4934 4797 4798 4877 4876
4935 4798 4799 4878 4877
4936 4799 4800 4879 4878
4937 4800 4801 4880 4879
4938 4801 4802 4881 4880
4939 4802 4803 4882 4881
4940 4803 4804 4883 4882
4941 4804 4805 4884 4883
4942 4805 4806 4885 4884
4943 4806 4807 4886 4885
4944 4807 4808 4887 4886
4945 4808 4809 4888 4887
4946 4809 4810 4889 4888
4947 4810 4811 4890 4889
4948 4811 4812 4891 4890
4949 4812 4813 4892 4891
4950 4813 4814 4893 4892
4951 4814 4815 4894 4893
4952 4815 4816 4895 4894
4953 4816 4817 4896 4895
4954 4817 4818 4897 4896
4955 4818 4819 4898 4897
4956 4819 4820 4899 4898
4957 4820 4821 4900 4899
4958 4821 4822 4901 4900
4959 4822 4823 4902 4901
4960 4823 141 142 4902
4961 264 4824 4903 263
4962 4824 4825 4904 4903
4963 4825 4826 4905 4904
4964 4826 4827 4906 4905
4965 4827 4828 4907 4906
4966 4828 4829 4908 4907
4967 4829 4830 4909 4908
4968 4830 4831 4910 4909
4969 4831 4832 4911 4910
4970 4832 4833 4912 4911
4971 4833 4834 4913 4912
4972 4834 4835 4914 4913
4973 4835 4836 4915 4914
4974 4836 4837 4916 4915
4975 4837 4838 4917 4916
4976 4838 4839 4918 4917
4977 4839 4840 4919 4918
4978 4840 4841 4920 4919
4979 4841 4842 4921 4920
4980 4842 4843 4922 4921
4981 4843 4844 4923 4922
4982 4844 4845 4924 4923
4983 4845 4846 4925 4924
4984 4846 4847 4926 4925
4985 4847 4848 4927 4926
4986 4848 4849 4928 4927
4987 4849 4850 4929 4928
4988 4850 4851 4930 4929
4989 4851 4852 4931 4930
4990 4852 4853 4932 4931
4991 4853 4854 4933 4932
4992 4854 4855 4934 4933
4993 4855 4856 4935 4934
4994 4856 4857 4936 4935
4995 4857 4858 4937 4936
4996 4858 4859 4938 4937
4997 4859 4860 4939 4938
4998 4860 4861 4940 4939
4999 4861 4862 4941 4940
5000 4862 4863 4942 4941
5001 4863 4864 4943 4942
5002 4864 4865 4944 4943
5003 4865 4866 4945 4944
5004 4866 4867 4946 4945
5005 4867 4868 4947 4946
5006 4868 4869 4948 4947
5007 4869 4870 4949 4948
5008 4870 4871 4950 4949
5009 4871 4872 4951 4950
5010 4872 4873 4952 4951
5011 4873 4874 4953 4952
5012 4874 4875 4954 4953
5013 4875 4876 4955 4954
5014 4876 4877 4956 4955
5015 4877 4878 4957 4956
5016 4878 4879 4958 4957
5017 4879 4880 4959 4958
5018 4880 4881 4960 4959
5019 4881 4882 4961 4960
5020 4882 4883 4962 4961
5021 4883 4884 4963 4962
5022 4884 4885 4964 4963
5023 4885 4886 4965 4964
5024 4886 4887 4966 4965
5025 4887 4888 4967 4966
5026 4888 4889 4968 4967
5027 4889 4890 4969 4968
5028 4890 4891 4970 4969
5029 4891 4892 4971 4970
5030 4892 4893 4972 4971
5031 4893 4894 4973 4972
5032 4894 4895 4974 4973
5033 4895 4896 4975 4974
5034 4896 4897 4976 4975
5035 4897 4898 4977 4976
5036 4898 4899 4978 4977
5037 4899 4900 4979 4978
5038 4900 4901 4980 4979
5039 4901 4902 4981 4980
5040 4902 142 143 4981
5041 263 4903 4982 262
5042 4903 4904 4983 4982
5043 4904 4905 4984 4983
5044 4905 4906 4985 4984
5045 4906 4907 4986 4985
5046 4907 4908 4987 4986
5047 4908 4909 4988 4987
5048 4909 4910 4989 4988
5049 4910 4911 4990 4989
5050 4911 4912 4991 4990
5051 4912 4913 4992 4991
5052 4913 4914 4993 4992
5053 4914 4915 4994 4993
5054 4915 4916 4995 4994
5055 4916 4917 4996 4995
5056 4917 4918 4997 4996
5057 4918 4919 4998 4997
5058 4919 4920 4999 4998
5059 4920 4921 5000 4999
5060 4921 4922 5001 5000
5061 4922 4923 5002 5001
5062 4923 4924 5003 5002
5063 4924 4925 5004 5003
5064 4925 4926 5005 5004
5065 4926 4927 5006 5005
5066 4927 4928 5007 5006
5067 4928 4929 5008 5007
5068 4929 4930 5009 5008
5069 4930 4931 5010 5009
5070 4931 4932 5011 5010
5071 4932 4933 5012 5011
5072 4933 4934 5013 5012
5073 4934 4935 5014 5013
5074 4935 4936 5015 5014
5075 4936 4937 5016 5015
5076 4937 4938 5017 5016
5077 4938 4939 5018 5017
5078 4939 4940 5019 5018
5079 4940 4941 5020 5019
5080 4941 4942 5021 5020
5081 4942 4943 5022 5021
5082 4943 4944 5023 5022
5083 4944 4945 5024 5023
5084 4945 4946 5025 5024
5085 4946 4947 5026 5025
5086 4947 4948 5027 5026
5087 4948 4949 5028 5027
5088 4949 4950 5029 5028
5089 4950 4951 5030 5029
5090 4951 4952 5031 5030
5091 4952 4953 5032 5031
5092 4953 4954 5033 5032
5093 4954 4955 5034 5033
5094 4955 4956 5035 5034
5095 4956 4957 5036 5035
5096 4957 4958 5037 5036
5097 4958 4959 5038 5037
5098 4959 4960 5039 5038
5099 4960 4961 5040 5039
5100 4961 4962 5041 5040
5101 4962 4963 5042 5041
5102 4963 4964 5043 5042
5103 4964 4965 5044 5043
5104 4965 4966 5045 5044
5105 4966 4967 5046 5045
5106 4967 4968 5047 5046
5107 4968 4969 5048 5047
5108 4969 4970 5049 5048
5109 4970 4971 5050 5049
5110 4971 4972 5051 5050
5111 4972 4973 5052 5051
5112 4973 4974 5053 5052
5113 4974 4975 5054 5053
5114 4975 4976 5055 5054
5115 4976 4977 5056 5055
5116 4977 4978 5057 5056
5117 4978 4979 5058 5057
5118 4979 4980 5059 5058
5119 4980 4981 5060 5059
5120 4981 143 144 5060
5121 262 4982 5061 261
5122 4982 4983 5062 5061
5123 4983 4984 5063 5062
5124 4984 4985 5064 5063
5125 4985 4986 5065 5064
5126 4986 4987 5066 5065
5127 4987 4988 5067 5066
5128 4988 4989 5068 5067
5129 4989 4990 5069 5068
5130 4990 4991 5070 5069
5131 4991 4992 5071 5070
5132 4992 4993 5072 5071
5133 4993 4994 5073 5072
5134 4994 4995 5074 5073
5135 4995 4996 5075 5074
5136 4996 4997 5076 5075
5137 4997 4998 5077 5076
5138 4998 4999 5078 5077
5139 4999 5000 5079 5078
5140 5000 5001 5080 5079
5141 5001 5002 5081 5080
5142 5002 5003 5082 5081
5143 5003 5004 5083 5082
5144 5004 5005 5084 5083
5145 5005 5006 5085 5084
5146 5006 5007 5086 5085
5147 5007 5008 5087 5086
5148 5008 5009 5088 5087
5149 5009 5010 5089 5088
5150 5010 5011 5090 5089
5151 5011 5012 5091 5090
5152 5012 5013 5092 5091
5153 5013 5014 5093 5092
5154 5014 5015 5094 5093
5155 5015 5016 5095 5094
5156 5016 5017 5096 5095
5157 5017 5018 5097 5096
5158 5018 5019 5098 5097
5159 5019 5020 5099 5098
5160 5020 5021 5100 5099
5161 5021 5022 5101 5100
5162 5022 5023 5102 5101
5163 5023 5024 5103 5102
5164 5024 5025 5104 5103
5165 5025 5026 5105 5104
5166 5026 5027 5106 5105
5167 5027 5028 5107 5106
5168 5028 5029 5108 5107
5169 5029 5030 5109 5108
5170 5030 5031 5110 5109
5171 5031 5032 5111 5110
5172 5032 5033 5112 5111
5173 5033 5034 5113 5112
5174 5034 5035 5114 5113
5175 5035 5036 5115 5114
5176 5036 5037 5116 5115
5177 5037 5038 5117 5116
5178 5038 5039 5118 5117
5179 5039 5040 5119 5118
5180 5040 5041 5120 5119
5181 5041 5042 5121 5120
5182 5042 5043 5122 5121
5183 5043 5044 5123 5122
5184 5044 5045 5124 5123
5185 5045 5046 5125 5124
5186 5046 5047 5126 5125
5187 5047 5048 5127 5126
5188 5048 5049 5128 5127
5189 5049 5050 5129 5128
5190 5050 5051 5130 5129
5191 5051 5052 5131 5130
5192 5052 5053 5132 5131
5193 5053 5054 5133 5132
5194 5054 5055 5134 5133
5195 5055 5056 5135 5134
5196 5056 5057 5136 5135
5197 5057 5058 5137 5136
5198 5058 5059 5138 5137
5199 5059 5060 5139 5138
5200 5060 144 145 5139
5201 261 5061 5140 260
5202 5061 5062 5141 5140
5203 5062 5063 5142 5141
5204 5063 5064 5143 5142
5205 5064 5065 5144 5143
5206 5065 5066 5145 5144
5207 5066 5067 5146 5145
5208 5067 5068 5147 5146
5209 5068 5069 5148 5147
5210 5069 5070 5149 5148
5211 5070 5071 5150 5149
5212 5071 5072 5151 5150
5213 5072 5073 5152 5151
5214 5073 5074 5153 5152
5215 5074 5075 5154 5153
5216 5075 5076 5155 5154
5217 5076 5077 5156 5155
5218 5077 5078 5157 5156
5219 5078 5079 5158 5157
5220 5079 5080 5159 5158
5221 5080 5081 5160 5159
5222 5081 5082 5161 5160
5223 5082 5083 5162 5161
5224 5083 5084 5163 5162
5225 5084 5085 5164 5163
5226 5085 5086 5165 5164
5227 5086 5087 5166 5165
5228 5087 5088 5167 5166
5229 5088 5089 5168 5167
5230 5089 5090 5169 5168
5231 5090 5091 5170 5169
5232 5091 5092 5171 5170
5233 5092 5093 5172 5171
5234 5093 5094 5173 5172
5235 5094 5095 5174 5173
5236 5095 5096 5175 5174
5237 5096 5097 5176 5175
5238 5097 5098 5177 5176
5239 5098 5099 5178 5177
5240 5099 5100 5179 5178
5241 5100 5101 5180 5179
5242 5101 5102 5181 5180
5243 5102 5103 5182 5181
5244 5103 5104 5183 5182
5245 5104 5105 5184 5183
5246 5105 5106 5185 5184
5247 5106 5107 5186 5185
5248 5107 5108 5187 5186
5249 5108 5109 5188 5187
5250 5109 5110 5189 5188
5251 5110 5111 5190 5189
5252 5111 5112 5191 5190
5253 5112 5113 5192 5191
5254 5113 5114 5193 5192
5255 5114 5115 5194 5193
5256 5115 5116 5195 5194
5257 5116 5117 5196 5195
5258 5117 5118 5197 5196
5259 5118 5119 5198 5197
5260 5119 5120 5199 5198
5261 5120 5121 5200 5199
5262 5121 5122 5201 5200
5263 5122 5123 5202 5201
5264 5123 5124 5203 5202
5265 5124 5125 5204 5203
5266 5125 5126 5205 5204
5267 5126 5127 5206 5205
5268 5127 5128 5207 5206
5269 5128 5129 5208 5207
5270 5129 5130 5209 5208
5271 5130 5131 5210 5209
5272 5131 5132 5211 5210
5273 5132 5133 5212 5211
5274 5133 5134 5213 5212
5275 5134 5135 5214 5213
5276 5135 5136 5215 5214
5277 5136 5137 5216 5215
5278 5137 5138 5217 5216
5279 5138 5139 5218 5217
5280 5139 145 146 5218
5281 260 5140 5219 259
5282 5140 5141 5220 5219
5283 5141 5142 5221 5220
5284 5142 5143 5222 5221
5285 5143 5144 5223 5222
5286 5144 5145 5224 5223
5287 5145 5146 5225 5224
5288 5146 5147 5226 5225
5289 5147 5148 5227 5226
5290 5148 5149 5228 5227
5291 5149 5150 5229 5228
5292 5150 5151 5230 5229
5293 5151 5152 5231 5230
5294 5152 5153 5232 5231
5295 5153 5154 5233 5232
5296 5154 5155 5234 5233
5297 5155 5156 5235 5234
5298 5156 5157 5236 5235
5299 5157 5158 5237 5236
5300 5158 5159 5238 5237
5301 5159 5160 5239 5238
5302 5160 5161 5240 5239
5303 5161 5162 5241 5240
5304 5162 5163 5242 5241
5305 5163 5164 5243 5242
5306 5164 5165 5244 5243
5307 5165 5166 5245 5244
5308 5166 5167 5246 5245
5309 5167 5168 5247 5246
5310 5168 5169 5248 5247
5311 5169 5170 5249 5248
5312 5170 5171 5250 5249
5313 5171 5172 5251 5250
5314 5172 5173 5252 5251
5315 5173 5174 5253 5252
5316 5174 5175 5254 5253
5317 5175 5176 5255 5254
5318 5176 5177 5256 5255
5319 5177 5178 5257 5256
5320 5178 5179 5258 5257
5321 5179 5180 5259 5258
5322 5180 5181 5260 5259
5323 5181 5182 5261 5260
5324 5182 5183 5262 5261
5325 5183 5184 5263 5262
5326 5184 5185 5264 5263
5327 5185 5186 5265 5264
5328 5186 5187 5266 5265
5329 5187 5188 5267 5266
5330 5188 5189 5268 5267
5331 5189 5190 5269 5268
5332 5190 5191 5270 5269
5333 5191 5192 5271 5270
5334 5192 5193 5272 5271
5335 5193 5194 5273 5272
5336 5194 5195 5274 5273
5337 5195 5196 5275 5274
5338 5196 5197 5276 5275
5339 5197 5198 5277 5276
5340 5198 5199 5278 5277
5341 5199 5200 5279 5278
5342 5200 5201 5280 5279
5343 5201 5202 5281 5280
5344 5202 5203 5282 5281
5345 5203 5204 5283 5282
5346 5204 5205 5284 5283
5347 5205 5206 5285 5284
5348 5206 5207 5286 5285
5349 5207 5208 5287 5286
5350 5208 5209 5288 5287
5351 5209 5210 5289 5288
5352 5210 5211 5290 5289
5353 5211 5212 5291 5290
5354 5212 5213 5292 5291
5355 5213 5214 5293 5292
5356 5214 5215 5294 5293
5357 5215 5216 5295 5294
5358 5216 5217 5296 5295
5359 5217 5218 5297 5296
5360 5218 146 147 5297
5361 259 5219 5298 258
5362 5219 5220 5299 5298
5363 5220 5221 5300 5299
5364 5221 5222 5301 5300
5365 5222 5223 5302 5301
5366 5223 5224 5303 5302
5367 5224 5225 5304 5303
5368 5225 5226 5305 5304
5369 5226 5227 5306 5305
5370 5227 5228 5307 5306
5371 5228 5229 5308 5307
5372 5229 5230 5309 5308
5373 5230 5231 5310 5309
5374 5231 5232 5311 5310
5375 5232 5233 5312 5311
5376 5233 5234 5313 5312
5377 5234 5235 5314 5313
5378 5235 5236 5315 5314
5379 5236 5237 5316 5315
5380 5237 5238 5317 5316
5381 5238 5239 5318 5317
5382 5239 5240 5319 5318
5383 5240 5241 5320 5319
5384 5241 5242 5321 5320
5385 5242 5243 5322 5321
5386 5243 5244 5323 5322
5387 5244 5245 5324 5323
5388 5245 5246 5325 5324
5389 5246 5247 5326 5325
5390 5247 5248 5327 5326
5391 5248 5249 5328 5327
5392 5249 5250 5329 5328
5393 5250 5251 5330 5329
5394 5251 5252 5331 5330
5395 5252 5253 5332 5331
5396 5253 5254 5333 5332
5397 5254 5255 5334 5333
5398 5255 5256 5335 5334
5399 5256 5257 5336 5335
5400 5257 5258 5337 5336
5401 5258 5259 5338 5337
5402 5259 5260 5339 5338
5403 5260 5261 5340 5339
5404 5261 5262 5341 5340
5405 5262 5263 5342 5341
5406 5263 5264 5343 5342
5407 5264 5265 5344 5343
5408 5265 5266 5345 5344
5409 5266 5267 5346 5345
5410 5267 5268 5347 5346
5411 5268 5269 5348 5347
5412 5269 5270 5349 5348
5413 5270 5271 5350 5349
5414 5271 5272 5351 5350
5415 5272 5273 5352 5351
5416 5273 5274 5353 5352
5417 5274 5275 5354 5353
5418 5275 5276 5355 5354
5419 5276 5277 5356 5355
5420 5277 5278 5357 5356
5421 5278 5279 5358 5357
5422 5279 5280 5359 5358
5423 5280 5281 5360 5359
5424 5281 5282 5361 5360
5425 5282 5283 5362 5361
5426 5283 5284 5363 5362
5427 5284 5285 5364 5363
5428 5285 5286 5365 5364
5429 5286 5287 5366 5365
5430 5287 5288 5367 5366
5431 5288 5289 5368 5367
5432 5289 5290 5369 5368
5433 5290 5291 5370 5369
5434 5291 5292 5371 5370
5435 5292 5293 5372 5371
5436 5293 5294 5373 5372
5437 5294 5295 5374 5373
5438 5295 5296 5375 5374
5439 5296 5297 5376 5375
5440 5297 147 148 5376
5441 258 5298 5377 257
5442 5298 5299 5378 5377
5443 5299 5300 5379 5378
5444 5300 5301 5380 5379
5445 5301 5302 5381 5380
5446 5302 5303 5382 5381
5447 5303 5304 5383 5382
5448 5304 5305 5384 5383
5449 5305 5306 5385 5384
5450 5306 5307 5386 5385
5451 5307 5308 5387 5386
5452 5308 5309 5388 5387
5453 5309 5310 5389 5388
5454 5310 5311 5390 5389
5455 5311 5312 5391 5390
5456 5312 5313 5392 5391
5457 5313 5314 5393 5392
5458 5314 5315 5394 5393
5459 5315 5316 5395 5394
5460 5316 5317 5396 5395
5461 5317 5318 5397 5396
5462 5318 5319 5398 5397
5463 5319 5320 5399 5398
5464 5320 5321 5400 5399
5465 5321 5322 5401 5400
5466 5322 5323 5402 5401
5467 5323 5324 5403 5402
5468 5324 5325 5404 5403
5469 5325 5326 5405 5404
5470 5326 5327 5406 5405
5471 5327 5328 5407 5406
5472 5328 5329 5408 5407
5473 5329 5330 5409 5408
5474 5330 5331 5410 5409
5475 5331 5332 5411 5410
5476 5332 5333 5412 5411
5477 5333 5334 5413 5412
5478 5334 5335 5414 5413
5479 5335 5336 5415 5414
5480 5336 5337 5416 5415
5481 5337 5338 5417 5416
5482 5338 5339 5418 5417
5483 5339 5340 5419 5418
5484 5340 5341 5420 5419
5485 5341 5342 5421 5420
5486 5342 5343 5422 5421
5487 5343 5344 5423 5422
5488 5344 5345 5424 5423
5489 5345 5346 5425 5424
5490 5346 5347 5426 5425
5491 5347 5348 5427 5426
5492 5348 5349 5428 5427
5493 5349 5350 5429 5428
5494 5350 5351 5430 5429
5495 5351 5352 5431 5430
5496 5352 5353 5432 5431
5497 5353 5354 5433 5432
5498 5354 5355 5434 5433
5499 5355 5356 5435 5434
5500 5356 5357 5436 5435
5501 5357 5358 5437 5436
5502 5358 5359 5438 5437
5503 5359 5360 5439 5438
5504 5360 5361 5440 5439
5505 5361 5362 5441 5440
5506 5362 5363 5442 5441
5507 5363 5364 5443 5442
5508 5364 5365 5444 5443
5509 5365 5366 5445 5444
5510 5366 5367 5446 5445
5511 5367 5368 5447 5446
5512 5368 5369 5448 5447
5513 5369 5370 5449 5448
5514 5370 5371 5450 5449
5515 5371 5372 5451 5450
5516 5372 5373 5452 5451
5517 5373 5374 5453 5452
5518 5374 5375 5454 5453
5519 5375 5376 5455 5454
5520 5376 148 149 5455
5521 257 5377 5456 256
5522 5377 5378 5457 5456
5523 5378 5379 5458 5457
5524 5379 5380 5459 5458
5525 5380 5381 5460 5459
5526 5381 5382 5461 5460
5527 5382 5383 5462 5461
5528 5383 5384 5463 5462
5529 5384 5385 5464 5463
5530 5385 5386 5465 5464
5531 5386 5387 5466 5465
5532 5387 5388 5467 5466
5533 5388 5389 5468 5467
5534 5389 5390 5469 5468
5535 5390 5391 5470 5469
5536 5391 5392 5471 5470
5537 5392 5393 5472 5471
5538 5393 5394 5473 5472
5539 5394 5395 5474 5473
5540 5395 5396 5475 5474
5541 5396 5397 5476 5475
5542 5397 5398 5477 5476
5543 5398 5399 5478 5477
5544 5399 5400 5479 5478
5545 5400 5401 5480 5479
5546 5401 5402 5481 5480
5547 5402 5403 5482 5481
5548 5403 5404 5483 5482
5549 5404 5405 5484 5483
5550 5405 5406 5485 5484
5551 5406 5407 5486 5485
5552 5407 5408 5487 5486
5553 5408 5409 5488 5487
5554 5409 5410 5489 5488
5555 5410 5411 5490 5489
5556 5411 5412 5491 5490
5557 5412 5413 5492 5491
5558 5413 5414 5493 5492
5559 5414 5415 5494 5493
5560 5415 5416 5495 5494
5561 5416 5417 5496 5495
5562 5417 5418 5497 5496
5563 5418 5419 5498 5497
5564 5419 5420 5499 5498
5565 5420 5421 5500 5499
5566 5421 5422 5501 5500
5567 5422 5423 5502 5501
5568 5423 5424 5503 5502
5569 5424 5425 5504 5503
5570 5425 5426 5505 5504
5571 5426 5427 5506 5505
5572 5427 5428 5507 5506
5573 5428 5429 5508 5507
5574 5429 5430 5509 5508
5575 5430 5431 5510 5509
5576 5431 5432 5511 5510
5577 5432 5433 5512 5511
5578 5433 5434 5513 5512
5579 5434 5435 5514 5513
5580 5435 5436 5515 5514
5581 5436 5437 5516 5515
5582 5437 5438 5517 5516
5583 5438 5439 5518 5517
5584 5439 5440 5519 5518
5585 5440 5441 5520 5519
5586 5441 5442 5521 5520
5587 5442 5443 5522 5521
5588 5443 5444 5523 5522
5589 5444 5445 5524 5523
5590 5445 5446 5525 5524
5591 5446 5447 5526 5525
5592 5447 5448 5527 5526
5593 5448 5449 5528 5527
5594 5449 5450 5529 5528
5595 5450 5451 5530 5529
5596 5451 5452 5531 5530
5597 5452 5453 5532 5531
5598 5453 5454 5533 5532
5599 5454 5455 5534 5533
5600 5455 149 150 5534
5601 256 5456 5535 255
5602 5456 5457 5536 5535
5603 5457 5458 5537 5536
5604 5458 5459 5538 5537
5605 5459 5460 5539 5538
5606 5460 5461 5540 5539
5607 5461 5462 5541 5540
5608 5462 5463 5542 5541
5609 5463 5464 5543 5542
5610 5464 5465 5544 5543
5611 5465 5466 5545 5544
5612 5466 5467 5546 5545
5613 5467 5468 5547 5546
5614 5468 5469 5548 5547
5615 5469 5470 5549 5548
5616 5470 5471 5550 5549
5617 5471 5472 5551 5550
5618 5472 5473 5552 5551
5619 5473 5474 5553 5552
5620 5474 5475 5554 5553
5621 5475 5476 5555 5554
5622 5476 5477 5556 5555
5623 5477 5478 5557 5556
5624 5478 5479 5558 5557
5625 5479 5480 5559 5558
5626 5480 5481 5560 5559
5627 5481 5482 5561 5560
5628 5482 5483 5562 5561
5629 5483 5484 5563 5562
5630 5484 5485 5564 5563
5631 5485 5486 5565 5564
5632 5486 5487 5566 5565
5633 5487 5488 5567 5566
5634 5488 5489 5568 5567
5635 5489 5490 5569 5568
5636 5490 5491 5570 5569
5637 5491 5492 5571 5570
5638 5492 5493 5572 5571
5639 5493 5494 5573 5572
5640 5494 5495 5574 5573
5641 5495 5496 5575 5574
5642 5496 5497 5576 5575
5643 5497 5498 5577 5576
5644 5498 5499 5578 5577
5645 5499 5500 5579 5578
5646 5500 5501 5580 5579
5647 5501 5502 5581 5580
5648 5502 5503 5582 5581
5649 5503 5504 5583 5582
5650 5504 5505 5584 5583
5651 5505 5506 5585 5584
5652 5506 5507 5586 5585
5653 5507 5508 5587 5586
5654 5508 5509 5588 5587
5655 5509 5510 5589 5588
5656 5510 5511 5590 5589
5657 5511 5512 5591 5590
5658 5512 5513 5592 5591
5659 5513 5514 5593 5592
5660 5514 5515 5594 5593
5661 5515 5516 5595 5594
5662 5516 5517 5596 5595
5663 5517 5518 5597 5596
5664 5518 5519 5598 5597
5665 5519 5520 5599 5598
5666 5520 5521 5600 5599
5667 5521 5522 5601 5600
5668 5522 5523 5602 5601
5669 5523 5524 5603 5602
5670 5524 5525 5604 5603
5671 5525 5526 5605 5604
5672 5526 5527 5606 5605
5673 5527 5528 5607 5606
5674 5528 5529 5608 5607
5675 5529 5530 5609 5608
5676 5530 5531 5610 5609
5677 5531 5532 5611 5610
5678 5532 5533 5612 5611
5679 5533 5534 5613 5612
5680 5534 150 151 5613
5681 255 5535 5614 254
5682 5535 5536 5615 5614
5683 5536 5537 5616 5615
5684 5537 5538 5617 5616
5685 5538 5539 5618 5617
5686 5539 5540 5619 5618
5687 5540 5541 5620 5619
5688 5541 5542 5621 5620
5689 5542 5543 5622 5621
5690 5543 5544 5623 5622
5691 5544 5545 5624 5623
5692 5545 5546 5625 5624
5693 5546 5547 5626 5625
5694 5547 5548 5627 5626
5695 5548 5549 5628 5627
5696 5549 5550 5629 5628
5697 5550 5551 5630 5629
5698 5551 5552 5631 5630
5699 5552 5553 5632 5631
5700 5553 5554 5633 5632
5701 5554 5555 5634 5633
5702 5555 5556 5635 5634
5703 5556 5557 5636 5635
5704 5557 5558 5637 5636
5705 5558 5559 5638 5637
5706 5559 5560 5639 5638
5707 5560 5561 5640 5639
5708 5561 5562 5641 5640
5709 5562 5563 5642 5641
5710 5563 5564 5643 5642
5711 5564 5565 5644 5643
5712 5565 5566 5645 5644
5713 5566 5567 5646 5645
5714 5567 5568 5647 5646
5715 5568 5569 5648 5647
5716 5569 5570 5649 5648
5717 5570 5571 5650 5649
5718 5571 5572 5651 5650
5719 5572 5573 5652 5651
5720 5573 5574 5653 5652
5721 5574 5575 5654 5653
5722 5575 5576 5655 5654
5723 5576 5577 5656 5655
5724 5577 5578 5657 5656
5725 5578 5579 5658 5657
5726 5579 5580 5659 5658
5727 5580 5581 5660 5659
5728 5581 5582 5661 5660
5729 5582 5583 5662 5661
5730 5583 5584 5663 5662
5731 5584 5585 5664 5663
5732 5585 5586 5665 5664
5733 5586 5587 5666 5665
5734 5587 5588 5667 5666
5735 5588 5589 5668 5667
5736 5589 5590 5669 5668
5737 5590 5591 5670 5669
5738 5591 5592 5671 5670
5739 5592 5593 5672 5671
5740 5593 5594 5673 5672
5741 5594 5595 5674 5673
5742 5595 5596 5675 5674
5743 5596 5597 5676 5675
5744 5597 5598 5677 5676
5745 5598 5599 5678 5677
5746 5599 5600 5679 5678
5747 5600 5601 5680 5679
5748 5601 5602 5681 5680
5749 5602 5603 5682 5681
5750 5603 5604 5683 5682
5751 5604 5605 5684 5683
5752 5605 5606 5685 5684
5753 5606 5607 5686 5685
5754 5607 5608 5687 5686
5755 5608 5609 5688 5687
5756 5609 5610 5689 5688
5757 5610 5611 5690 5689
5758 5611 5612 5691 5690
5759 5612 5613 5692 5691
5760 5613 151 152 5692
5761 254 5614 5693 253
5762 5614 5615 5694 5693
5763 5615 5616 5695 5694
5764 5616 5617 5696 5695
5765 5617 5618 5697 5696
5766 5618 5619 5698 5697
5767 5619 5620 5699 5698
5768 5620 5621 5700 5699
5769 5621 5622 5701 5700
5770 5622 5623 5702 5701
5771 5623 5624 5703 5702
5772 5624 5625 5704 5703
5773 5625 5626 5705 5704
5774 5626 5627 5706 5705
5775 5627 5628 5707 5706
5776 5628 5629 5708 5707
5777 5629 5630 5709 5708
5778 5630 5631 5710 5709
5779 5631 5632 5711 5710
5780 5632 5633 5712 5711
5781 5633 5634 5713 5712
5782 5634 5635 5714 5713
5783 5635 5636 5715 5714
5784 5636 5637 5716 5715
5785 5637 5638 5717 5716
5786 5638 5639 5718 5717
5787 5639 5640 5719 5718
5788 5640 5641 5720 5719
5789 5641 5642 5721 5720
5790 5642 5643 5722 5721
5791 5643 5644 5723 5722
5792 5644 5645 5724 5723
5793 5645 5646 5725 5724
5794 5646 5647 5726 5725
5795 5647 5648 5727 5726
5796 5648 5649 5728 5727
5797 5649 5650 5729 5728
5798 5650 5651 5730 5729
5799 5651 5652 5731 5730
5800 5652 5653 5732 5731
5801 5653 5654 5733 5732
5802 5654 5655 5734 5733
5803 5655 5656 5735 5734
5804 5656 5657 5736 5735
5805 5657 5658 5737 5736
5806 5658 5659 5738 5737
5807 5659 5660 5739 5738
5808 5660 5661 5740 5739
5809 5661 5662 5741 5740
5810 5662 5663 5742 5741
5811 5663 5664 5743 5742
5812 5664 5665 5744 5743
5813 5665 5666 5745 5744
5814 5666 5667 5746 5745
5815 5667 5668 5747 5746
5816 5668 5669 5748 5747
5817 5669 5670 5749 5748
5818 5670 5671 5750 5749
5819 5671 5672 5751 5750
5820 5672 5673 5752 5751
5821 5673 5674 5753 5752
5822 5674 5675 5754 5753
5823 5675 5676 5755 5754
5824 5676 5677 5756 5755
5825 5677 5678 5757 5756
5826 5678 5679 5758 5757
5827 5679 5680 5759 5758
5828 5680 5681 5760 5759
5829 5681 5682 5761 5760
5830 5682 5683 5762 5761
5831 5683 5684 5763 5762
5832 5684 5685 5764 5763
5833 5685 5686 5765 5764
5834 5686 5687 5766 5765
5835 5687 5688 5767 5766
5836 5688 5689 5768 5767
5837 5689 5690 5769 5768
5838 5690 5691 5770 5769
5839 5691 5692 5771 5770
5840 5692 152 153 5771
5841 253 5693 5772 252
5842 5693 5694 5773 5772
5843 5694 5695 5774 5773
5844 5695 5696 5775 5774
5845 5696 5697 5776 5775
5846 5697 5698 5777 5776
5847 5698 5699 5778 5777
5848 5699 5700 5779 5778
5849 5700 5701 5780 5779
5850 5701 5702 5781 5780
5851 5702 5703 5782 5781
5852 5703 5704 5783 5782
5853 5704 5705 5784 5783
5854 5705 5706 5785 5784
5855 5706 5707 5786 5785
5856 5707 5708 5787 5786
5857 5708 5709 5788 5787
5858 5709 5710 5789 5788
5859 5710 5711 5790 5789
5860 5711 5712 5791 5790
5861 5712 5713 5792 5791
5862 5713 5714 5793 5792
5863 5714 5715 5794 5793
5864 5715 5716 5795 5794
5865 5716 5717 5796 5795
5866 5717 5718 5797 5796
5867 5718 5719 5798 5797
5868 5719 5720 5799 5798
5869 5720 5721 5800 5799
5870 5721 5722 5801 5800
5871 5722 5723 5802 5801
5872 5723 5724 5803 5802
5873 5724 5725 5804 5803
5874 5725 5726 5805 5804
5875 5726 5727 5806 5805
5876 5727 5728 5807 5806
5877 5728 5729 5808 5807
5878 5729 5730 5809 5808
5879 5730 5731 5810 5809
5880 5731 5732 5811 5810
5881 5732 5733 5812 5811
5882 5733 5734 5813 5812
5883 5734 5735 5814 5813
5884 5735 5736 5815 5814
5885 5736 5737 5816 5815
5886 5737 5738 5817 5816
5887 5738 5739 5818 5817
5888 5739 5740 5819 5818
5889 5740 5741 5820 5819
5890 5741 5742 5821 5820
5891 5742 5743 5822 5821
5892 5743 5744 5823 5822
5893 5744 5745 5824 5823
5894 5745 5746 5825 5824
5895 5746 5747 5826 5825
5896 5747 5748 5827 5826
5897 5748 5749 5828 5827
5898 5749 5750 5829 5828
5899 5750 5751 5830 5829
5900 5751 5752 5831 5830
5901 5752 5753 5832 5831
5902 5753 5754 5833 5832
5903 5754 5755 5834 5833
5904 5755 5756 5835 5834
5905 5756 5757 5836 5835
5906 5757 5758 5837 5836
5907 5758 5759 5838 5837
5908 5759 5760 5839 5838
5909 5760 5761 5840 5839
5910 5761 5762 5841 5840
5911 5762 5763 5842 5841
5912 5763 5764 5843 5842
5913 5764 5765 5844 5843
5914 5765 5766 5845 5844
5915 5766 5767 5846 5845
5916 5767 5768 5847 5846
5917 5768 5769 5848 5847
5918 5769 5770 5849 5848
5919 5770 5771 5850 5849
5920 5771 153 154 5850
5921 252 5772 5851 251
5922 5772 5773 5852 5851
5923 5773 5774 5853 5852
5924 5774 5775 5854 5853
5925 5775 5776 5855 5854
5926 5776 5777 5856 5855
5927 5777 5778 5857 5856
5928 5778 5779 5858 5857
5929 5779 5780 5859 5858
5930 5780 5781 5860 5859
5931 5781 5782 5861 5860
5932 5782 5783 5862 5861
5933 5783 5784 5863 5862
5934 5784 5785 5864 5863
5935 5785 5786 5865 5864
5936 5786 5787 5866 5865
5937 5787 5788 5867 5866
5938 5788 5789 5868 5867
5939 5789 5790 5869 5868
5940 5790 5791 5870 5869
5941 5791 5792 5871 5870
5942 5792 5793 5872 5871
5943 5793 5794 5873 5872
5944 5794 5795 5874 5873
5945 5795 5796 5875 5874
5946 5796 5797 5876 5875
5947 5797 5798 5877 5876
5948 5798 5799 5878 5877
5949 5799 5800 5879 5878
5950 5800 5801 5880 5879
5951 5801 5802 5881 5880
5952 5802 5803 5882 5881
5953 5803 5804 5883 5882
5954 5804 5805 5884 5883
5955 5805 5806 5885 5884
5956 5806 5807 5886 5885
5957 5807 5808 5887 5886
5958 5808 5809 5888 5887
5959 5809 5810 5889 5888
5960 5810 5811 5890 5889
5961 5811 5812 5891 5890
5962 5812 5813 5892 5891
5963 5813 5814 5893 5892
5964 5814 5815 5894 5893
5965 5815 5816 5895 5894
5966 5816 5817 5896 5895
5967 5817 5818 5897 5896
5968 5818 5819 5898 5897
5969 5819 5820 5899 5898
5970 5820 5821 5900 5899
5971 5821 5822 5901 5900
5972 5822 5823 5902 5901
5973 5823 5824 5903 5902
5974 5824 5825 5904 5903
5975 5825 5826 5905 5904
5976 5826 5827 5906 5905
5977 5827 5828 5907 5906
5978 5828 5829 5908 5907
5979 5829 5830 5909 5908
5980 5830 5831 5910 5909
5981 5831 5832 5911 5910
5982 5832 5833 5912 5911
5983 5833 5834 5913 5912
5984 5834 5835 5914 5913
5985 5835 5836 5915 5914
5986 5836 5837 5916 5915
5987 5837 5838 5917 5916
5988 5838 5839 5918 5917
5989 5839 5840 5919 5918
5990 5840 5841 5920 5919
5991 5841 5842 5921 5920
5992 5842 5843 5922 5921
5993 5843 5844 5923 5922
5994 5844 5845 5924 5923
5995 5845 5846 5925 5924
5996 5846 5847 5926 5925
5997 5847 5848 5927 5926
5998 5848 5849 5928 5927
5999 5849 5850 5929 5928
6000 5850 154 155 5929
6001 251 5851 5930 250
6002 5851 5852 5931 5930
6003 5852 5853 5932 5931
6004 5853 5854 5933 5932
6005 5854 5855 5934 5933
6006 5855 5856 5935 5934
6007 5856 5857 5936 5935
6008 5857 5858 5937 5936
6009 5858 5859 5938 5937
6010 5859 5860 5939 5938
6011 5860 5861 5940 5939
6012 5861 5862 5941 5940
6013 5862 5863 5942 5941
6014 5863 5864 5943 5942
6015 5864 5865 5944 5943
6016 5865 5866 5945 5944
6017 5866 5867 5946 5945
6018 5867 5868 5947 5946
6019 5868 5869 5948 5947
6020 5869 5870 5949 5948
6021 5870 5871 5950 5949
6022 5871 5872 5951 5950
6023 5872 5873 5952 5951
6024 5873 5874 5953 5952
6025 5874 5875 5954 5953
6026 5875 5876 5955 5954
6027 5876 5877 5956 5955
6028 5877 5878 5957 5956
6029 5878 5879 5958 5957
6030 5879 5880 5959 5958
6031 5880 5881 5960 5959
6032 5881 5882 5961 5960
6033 5882 5883 5962 5961
6034 5883 5884 5963 5962
6035 5884 5885 5964 5963
6036 5885 5886 5965 5964
6037 5886 5887 5966 5965
6038 5887 5888 5967 5966
6039 5888 5889 5968 5967
6040 5889 5890 5969 5968
6041 5890 5891 5970 5969
6042 5891 5892 5971 5970
6043 5892 5893 5972 5971
6044 5893 5894 5973 5972
6045 5894 5895 5974 5973
6046 5895 5896 5975 5974
6047 5896 5897 5976 5975
6048 5897 5898 5977 5976
6049 5898 5899 5978 5977
6050 5899 5900 5979 5978
6051 5900 5901 5980 5979
6052 5901 5902 5981 5980
6053 5902 5903 5982 5981
6054 5903 5904 5983 5982
6055 5904 5905 5984 5983
6056 5905 5906 5985 5984
6057 5906 5907 5986 5985
6058 5907 5908 5987 5986
6059 5908 5909 5988 5987
6060 5909 5910 5989 5988
6061 5910 5911 5990 5989
6062 5911 5912 5991 5990
6063 5912 5913 5992 5991
6064 5913 5914 5993 5992
6065 5914 5915 5994 5993
6066 5915 5916 5995 5994
6067 5916 5917 5996 5995
6068 5917 5918 5997 5996
6069 5918 5919 5998 5997
6070 5919 5920 5999 5998
6071 5920 5921 6000 5999
6072 5921 5922 6001 6000
6073 5922 5923 6002 6001
6074 5923 5924 6003 6002
6075 5924 5925 6004 6003
6076 5925 5926 6005 6004
6077 5926 5927 6006 6005
6078 5927 5928 6007 6006
6079 5928 5929 6008 6007
6080 5929 155 156 6008
6081 250 5930 6009 249
6082 5930 5931 6010 6009
6083 5931 5932 6011 6010
6084 5932 5933 6012 6011
6085 5933 5934 6013 6012
6086 5934 5935 6014 6013
6087 5935 5936 6015 6014
6088 5936 5937 6016 6015
6089 5937 5938 6017 6016
6090 5938 5939 6018 6017
6091 5939 5940 6019 6018
6092 5940 5941 6020 6019
6093 5941 5942 6021 6020
6094 5942 5943 6022 6021
6095 5943 5944 6023 6022
6096 5944 5945 6024 6023
6097 5945 5946 6025 6024
6098 5946 5947 6026 6025
6099 5947 5948 6027 6026
6100 5948 5949 6028 6027
6101 5949 5950 6029 6028
6102 5950 5951 6030 6029
6103 5951 5952 6031 6030
6104 5952 5953 6032 6031
6105 5953 5954 6033 6032
6106 5954 5955 6034 6033
6107 5955 5956 6035 6034
6108 5956 5957 6036 6035
6109 5957 5958 6037 6036
6110 5958 5959 6038 6037
6111 5959 5960 6039 6038
6112 5960 5961 6040 6039
6113 5961 5962 6041 6040
6114 5962 5963 6042 6041
6115 5963 5964 6043 6042
6116 5964 5965 6044 6043
6117 5965 5966 6045 6044
6118 5966 5967 6046 6045
6119 5967 5968 6047 6046
6120 5968 5969 6048 6047
6121 5969 5970 6049 6048
6122 5970 5971 6050 6049
6123 5971 5972 6051 6050
6124 5972 5973 6052 6051
6125 5973 5974 6053 6052
6126 5974 5975 6054 6053
6127 5975 5976 6055 6054
6128 5976 5977 6056 6055
6129 5977 5978 6057 6056
6130 5978 5979 6058 6057
6131 5979 5980 6059 6058
6132 5980 5981 6060 6059
6133 5981 5982 6061 6060
6134 5982 5983 6062 6061
6135 5983 5984 6063 6062
6136 5984 5985 6064 6063
6137 5985 5986 6065 6064
6138 5986 5987 6066 6065
6139 5987 5988 6067 6066
6140 5988 5989 6068 6067
6141 5989 5990 6069 6068
6142 5990 5991 6070 6069
6143 5991 5992 6071 6070
6144 5992 5993 6072 6071
6145 5993 5994 6073 6072
6146 5994 5995 6074 6073
6147 5995 5996 6075 6074
6148 5996 5997 6076 6075
6149 5997 5998 6077 6076
6150 5998 5999 6078 6077
6151 5999 6000 6079 6078
6152 6000 6001 6080 6079
6153 6001 6002 6081 6080
6154 6002 6003 6082 6081
6155 6003 6004 6083 6082
6156 6004 6005 6084 6083
6157 6005 6006 6085 6084
6158 6006 6007 6086 6085
6159 6007 6008 6087 6086
6160 6008 156 157 6087
6161 249 6009 6088 248
6162 6009 6010 6089 6088
6163 6010 6011 6090 6089
6164 6011 6012 6091 6090
6165 6012 6013 6092 6091
6166 6013 6014 6093 6092
6167 6014 6015 6094 6093
6168 6015 6016 6095 6094
6169 6016 6017 6096 6095
6170 6017 6018 6097 6096
6171 6018 6019 6098 6097
6172 6019 6020 6099 6098
6173 6020 6021 6100 6099
6174 6021 6022 6101 6100
6175 6022 6023 6102 6101
6176 6023 6024 6103 6102
6177 6024 6025 6104 6103
6178 6025 6026 6105 6104
6179 6026 6027 6106 6105
6180 6027 6028 6107 6106
6181 6028 6029 6108 6107
6182 6029 6030 6109 6108
6183 6030 6031 6110 6109
6184 6031 6032 6111 6110
6185 6032 6033 6112 6111
6186 6033 6034 6113 6112
6187 6034 6035 6114 6113
6188 6035 6036 6115 6114
6189 6036 6037 6116 6115
6190 6037 6038 6117 6116
6191 6038 6039 6118 6117
6192 6039 6040 6119 6118
6193 6040 6041 6120 6119
6194 6041 6042 6121 6120
6195 6042 6043 6122 6121
6196 6043 6044 6123 6122
6197 6044 6045 6124 6123
6198 6045 6046 6125 6124
6199 6046 6047 6126 6125
6200 6047 6048 6127 6126
6201 6048 6049 6128 6127
6202 6049 6050 6129 6128
6203 6050 6051 6130 6129
6204 6051 6052 6131 6130
6205 6052 6053 6132 6131
6206 6053 6054 6133 6132
6207 6054 6055 6134 6133
6208 6055 6056 6135 6134
6209 6056 6057 6136 6135
6210 6057 6058 6137 6136
6211 6058 6059 6138 6137
6212 6059 6060 6139 6138
6213 6060 6061 6140 6139
6214 6061 6062 6141 6140
6215 6062 6063 6142 6141
6216 6063 6064 6143 6142
6217 6064 6065 6144 6143
6218 6065 6066 6145 6144
6219 6066 6067 6146 6145
6220 6067 6068 6147 6146
6221 6068 6069 6148 6147
6222 6069 6070 6149 6148
6223 6070 6071 6150 6149
6224 6071 6072 6151 6150
6225 6072 6073 6152 6151
6226 6073 6074 6153 6152
6227 6074 6075 6154 6153
6228 6075 6076 6155 6154
6229 6076 6077 6156 6155
6230 6077 6078 6157 6156
6231 6078 6079 6158 6157
6232 6079 6080 6159 6158
6233 6080 6081 6160 6159
6234 6081 6082 6161 6160
6235 6082 6083 6162 6161
6236 6083 6084 6163 6162
6237 6084 6085 6164 6163
6238 6085 6086 6165 6164
6239 6086 6087 6166 6165
6240 6087 157 158 6166
6241 248 6088 6167 247
6242 6088 6089 6168 6167
6243 6089 6090 6169 6168
6244 6090 6091 6170 6169
6245 6091 6092 6171 6170
6246 6092 6093 6172 6171
6247 6093 6094 6173 6172
6248 6094 6095 6174 6173
6249 6095 6096 6175 6174
6250 6096 6097 6176 6175
6251 6097 6098 6177 6176
6252 6098 6099 6178 6177
6253 6099 6100 6179 6178
6254 6100 6101 6180 6179
6255 6101 6102 6181 6180
6256 6102 6103 6182 6181
6257 6103 6104 6183 6182
6258 6104 6105 6184 6183
6259 6105 6106 6185 6184
6260 6106 6107 6186 6185
6261 6107 6108 6187 6186
6262 6108 6109 6188 6187
6263 6109 6110 6189 6188
6264 6110 6111 6190 6189
6265 6111 6112 6191 6190
6266 6112 6113 6192 6191
6267 6113 6114 6193 6192
6268 6114 6115 6194 6193
6269 6115 6116 6195 6194
6270 6116 6117 6196 6195
6271 6117 6118 6197 6196
6272 6118 6119 6198 6197
6273 6119 6120 6199 6198
6274 6120 6121 6200 6199
6275 6121 6122 6201 6200
6276 6122 6123 6202 6201
6277 6123 6124 6203 6202
6278 6124 6125 6204 6203
6279 6125 6126 6205 6204
6280 6126 6127 6206 6205
6281 6127 6128 6207 6206
6282 6128 6129 6208 6207
6283 6129 6130 6209 6208
6284 6130 6131 6210 6209
6285 6131 6132 6211 6210
6286 6132 6133 6212 6211
6287 6133 6134 6213 6212
6288 6134 6135 6214 6213
6289 6135 6136 6215 6214
6290 6136 6137 6216 6215
6291 6137 6138 6217 6216
6292 6138 6139 6218 6217
6293 6139 6140 6219 6218
6294 6140 6141 6220 6219
6295 6141 6142 6221 6220
6296 6142 6143 6222 6221
6297 6143 6144 6223 6222
6298 6144 6145 6224 6223
6299 6145 6146 6225 6224
6300 6146 6147 6226 6225
6301 6147 6148 6227 6226
6302 6148 6149 6228 6227
6303 6149 6150 6229 6228
6304 6150 6151 6230 6229
6305 6151 6152 6231 6230
6306 6152 6153 6232 6231
6307 6153 6154 6233 6232
6308 6154 6155 6234 6233
6309 6155 6156 6235 6234
6310 6156 6157 6236 6235
6311 6157 6158 6237 6236
6312 6158 6159 6238 6237
6313 6159 6160 6239 6238
6314 6160 6161 6240 6239
6315 6161 6162 6241 6240
6316 6162 6163 6242 6241
6317 6163 6164 6243 6242
6318 6164 6165 6244 6243
6319 6165 6166 6245 6244
6320 6166 158 159 6245
6321 247 6167 6246 246
6322 6167 6168 6247 6246
6323 6168 6169 6248 6247
6324 6169 6170 6249 6248
6325 6170 6171 6250 6249
6326 6171 6172 6251 6250
6327 6172 6173 6252 6251
6328 6173 6174 6253 6252
6329 6174 6175 6254 6253
6330 6175 6176 6255 6254
6331 6176 6177 6256 6255
6332 6177 6178 6257 6256
6333 6178 6179 6258 6257
6334 6179 6180 6259 6258
6335 6180 6181 6260 6259
6336 6181 6182 6261 6260
6337 6182 6183 6262 6261
6338 6183 6184 6263 6262
6339 6184 6185 6264 6263
6340 6185 6186 6265 6264
6341 6186 6187 6266 6265
6342 6187 6188 6267 6266
6343 6188 6189 6268 6267
6344 6189 6190 6269 6268
6345 6190 6191 6270 6269
6346 6191 6192 6271 6270
6347 6192 6193 6272 6271
6348 6193 6194 6273 6272
6349 6194 6195 6274 6273
6350 6195 6196 6275 6274
6351 6196 6197 6276 6275
6352 6197 6198 6277 6276
6353 6198 6199 6278 6277
6354 6199 6200 6279 6278
6355 6200 6201 6280 6279
6356 6201 6202 6281 6280
6357 6202 6203 6282 6281
6358 6203 6204 6283 6282
6359 6204 6205 6284 6283
6360 6205 6206 6285 6284
6361 6206 6207 6286 6285
6362 6207 6208 6287 6286
6363 6208 6209 6288 6287
6364 6209 6210 6289 6288
6365 6210 6211 6290 6289
6366 6211 6212 6291 6290
6367 6212 6213 6292 6291
6368 6213 6214 6293 6292
6369 6214 6215 6294 6293
6370 6215 6216 6295 6294
6371 6216 6217 6296 6295
6372 6217 6218 6297 6296
6373 6218 6219 6298 6297
6374 6219 6220 6299 6298
6375 6220 6221 6300 6299
6376 6221 6222 6301 6300
6377 6222 6223 6302 6301
6378 6223 6224 6303 6302
6379 6224 6225 6304 6303
6380 6225 6226 6305 6304
6381 6226 6227 6306 6305
6382 6227 6228 6307 6306
6383 6228 6229 6308 6307
6384 6229 6230 6309 6308
6385 6230 6231 6310 6309
6386 6231 6232 6311 6310
6387 6232 6233 6312 6311
6388 6233 6234 6313 6312
6389 6234 6235 6314 6313
6390 6235 6236 6315 6314
6391 6236 6237 6316 6315
6392 6237 6238 6317 6316
6393 6238 6239 6318 6317
6394 6239 6240 6319 6318
6395 6240 6241 6320 6319
6396 6241 6242 6321 6320
6397 6242 6243 6322 6321
6398 6243 6244 6323 6322
6399 6244 6245 6324 6323
6400 6245 159 160 6324
6401 246 6246 6325 245
6402 6246 6247 6326 6325
6403 6247 6248 6327 6326
6404 6248 6249 6328 6327
6405 6249 6250 6329 6328
6406 6250 6251 6330 6329
6407 6251 6252 6331 6330
6408 6252 6253 6332 6331
6409 6253 6254 6333 6332
6410 6254 6255 6334 6333
6411 6255 6256 6335 6334
6412 6256 6257 6336 6335
6413 6257 6258 6337 6336
6414 6258 6259 6338 6337
6415 6259 6260 6339 6338
6416 6260 6261 6340 6339
6417 6261 6262 6341 6340
6418 6262 6263 6342 6341
6419 6263 6264 6343 6342
6420 6264 6265 6344 6343
6421 6265 6266 6345 6344
6422 6266 6267 6346 6345
6423 6267 6268 6347 6346
6424 6268 6269 6348 6347
6425 6269 6270 6349 6348
6426 6270 6271 6350 6349
6427 6271 6272 6351 6350
6428 6272 6273 6352 6351
6429 6273 6274 6353 6352
6430 6274 6275 6354 6353
6431 6275 6276 6355 6354
6432 6276 6277 6356 6355
6433 6277 6278 6357 6356
6434 6278 6279 6358 6357
6435 6279 6280 6359 6358
6436 6280 6281 6360 6359
6437 6281 6282 6361 6360
6438 6282 6283 6362 6361
6439 6283 6284 6363 6362
6440 6284 6285 6364 6363
6441 6285 6286 6365 6364
6442 6286 6287 6366 6365
6443 6287 6288 6367 6366
6444 6288 6289 6368 6367
6445 6289 6290 6369 6368
6446 6290 6291 6370 6369
6447 6291 6292 6371 6370
6448 6292 6293 6372 6371
6449 6293 6294 6373 6372
6450 6294 6295 6374 6373
6451 6295 6296 6375 6374
6452 6296 6297 6376 6375
6453 6297 6298 6377 6376
6454 6298 6299 6378 6377
6455 6299 6300 6379 6378
6456 6300 6301 6380 6379
6457 6301 6302 6381 6380
6458 6302 6303 6382 6381
6459 6303 6304 6383 6382
6460 6304 6305 6384 6383
6461 6305 6306 6385 6384
6462 6306 6307 6386 6385
6463 6307 6308 6387 6386
6464 6308 6309 6388 6387
6465 6309 6310 6389 6388
6466 6310 6311 6390 6389
6467 6311 6312 6391 6390
6468 6312 6313 6392 6391
6469 6313 6314 6393 6392
6470 6314 6315 6394 6393
6471 6315 6316 6395 6394
6472 6316 6317 6396 6395
6473 6317 6318 6397 6396
6474 6318 6319 6398 6397
6475 6319 6320 6399 6398
6476 6320 6321 6400 6399
6477 6321 6322 6401 6400
6478 6322 6323 6402 6401
6479 6323 6324 6403 6402
6480 6324 160 161 6403
6481 245 6325 6404 244
6482 6325 6326 6405 6404
6483 6326 6327 6406 6405
6484 6327 6328 6407 6406
6485 6328 6329 6408 6407
6486 6329 6330 6409 6408
6487 6330 6331 6410 6409
6488 6331 6332 6411 6410
6489 6332 6333 6412 6411
6490 6333 6334 6413 6412
6491 6334 6335 6414 6413
6492 6335 6336 6415 6414
6493 6336 6337 6416 6415
6494 6337 6338 6417 6416
6495 6338 6339 6418 6417
6496 6339 6340 6419 6418
6497 6340 6341 6420 6419
6498 6341 6342 6421 6420
6499 6342 6343 6422 6421
6500 6343 6344 6423 6422
6501 6344 6345 6424 6423
6502 6345 6346 6425 6424
6503 6346 6347 6426 6425
6504 6347 6348 6427 6426
6505 6348 6349 6428 6427
6506 6349 6350 6429 6428
6507 6350 6351 6430 6429
6508 6351 6352 6431 6430
6509 6352 6353 6432 6431
6510 6353 6354 6433 6432
6511 6354 6355 6434 6433
6512 6355 6356 6435 6434
6513 6356 6357 6436 6435
6514 6357 6358 6437 6436
6515 6358 6359 6438 6437
6516 6359 6360 6439 6438
6517 6360 6361 6440 6439
6518 6361 6362 6441 6440
6519 6362 6363 6442 6441
6520 6363 6364 6443 6442
6521 6364 6365 6444 6443
6522 6365 6366 6445 6444
6523 6366 6367 6446 6445
6524 6367 6368 6447 6446
6525 6368 6369 6448 6447
6526 6369 6370 6449 6448
6527 6370 6371 6450 6449
6528 6371 6372 6451 6450
6529 6372 6373 6452 6451
6530 6373 6374 6453 6452
6531 6374 6375 6454 6453
6532 6375 6376 6455 6454
6533 6376 6377 6456 6455
6534 6377 6378 6457 6456
6535 6378 6379 6458 6457
6536 6379 6380 6459 6458
6537 6380 6381 6460 6459
6538 6381 6382 6461 6460
6539 6382 6383 6462 6461
6540 6383 6384 6463 6462
6541 6384 6385 6464 6463
6542 6385 6386 6465 6464
6543 6386 6387 6466 6465
6544 6387 6388 6467 6466
6545 6388 6389 6468 6467
6546 6389 6390 6469 6468
6547 6390 6391 6470 6469
6548 6391 6392 6471 6470
6549 6392 6393 6472 6471
6550 6393 6394 6473 6472
6551 6394 6395 6474 6473
6552 6395 6396 6475 6474
6553 6396 6397 6476 6475
6554 6397 6398 6477 6476
6555 6398 6399 6478 6477
6556 6399 6400 6479 6478
6557 6400 6401 6480 6479
6558 6401 6402 6481 6480
6559 6402 6403 6482 6481
6560 6403 161 162 6482
6561 244 6404 6483 243
6562 6404 6405 6484 6483
6563 6405 6406 6485 6484
6564 6406 6407 6486 6485
6565 6407 6408 6487 6486
6566 6408 6409 6488 6487
6567 6409 6410 6489 6488
6568 6410 6411 6490 6489
6569 6411 6412 6491 6490
6570 6412 6413 6492 6491
6571 6413 6414 6493 6492
6572 6414 6415 6494 6493
6573 6415 6416 6495 6494
6574 6416 6417 6496 6495
6575 6417 6418 6497 6496
6576 6418 6419 6498 6497
6577 6419 6420 6499 6498
6578 6420 6421 6500 6499
6579 6421 6422 6501 6500
6580 6422 6423 6502 6501
6581 6423 6424 6503 6502
6582 6424 6425 6504 6503
6583 6425 6426 6505 6504
6584 6426 6427 6506 6505
6585 6427 6428 6507 6506
6586 6428 6429 6508 6507
6587 6429 6430 6509 6508
6588 6430 6431 6510 6509
6589 6431 6432 6511 6510
6590 6432 6433 6512 6511
6591 6433 6434 6513 6512
6592 6434 6435 6514 6513
6593 6435 6436 6515 6514
6594 6436 6437 6516 6515
6595 6437 6438 6517 6516
6596 6438 6439 6518 6517
6597 6439 6440 6519 6518
6598 6440 6441 6520 6519
6599 6441 6442 6521 6520
6600 6442 6443 6522 6521
6601 6443 6444 6523 6522
6602 6444 6445 6524 6523
6603 6445 6446 6525 6524
6604 6446 6447 6526 6525
6605 6447 6448 6527 6526
6606 6448 6449 6528 6527
6607 6449 6450 6529 6528
6608 6450 6451 6530 6529
6609 6451 6452 6531 6530
6610 6452 6453 6532 6531
6611 6453 6454 6533 6532
6612 6454 6455 6534 6533
6613 6455 6456 6535 6534
6614 6456 6457 6536 6535
6615 6457 6458 6537 6536
6616 6458 6459 6538 6537
6617 6459 6460 6539 6538
6618 6460 6461 6540 6539
6619 6461 6462 6541 6540
6620 6462 6463 6542 6541
6621 6463 6464 6543 6542
6622 6464 6465 6544 6543
6623 6465 6466 6545 6544
6624 6466 6467 6546 6545
6625 6467 6468 6547 6546
6626 6468 6469 6548 6547
6627 6469 6470 6549 6548
6628 6470 6471 6550 6549
6629 6471 6472 6551 6550
6630 6472 6473 6552 6551
6631 6473 6474 6553 6552
6632 6474 6475 6554 6553
6633 6475 6476 6555 6554
6634 6476 6477 6556 6555
6635 6477 6478 6557 6556
6636 6478 6479 6558 6557
6637 6479 6480 6559 6558
6638 6480 6481 6560 6559
6639 6481 6482 6561 6560
6640 6482 162 163 6561
6641 243 6483 242 4
6642 6483 6484 241 242
6643 6484 6485 240 241
6644 6485 6486 239 240
6645 6486 6487 238 239
6646 6487 6488 237 238
6647 6488 6489 236 237
6648 6489 6490 235 236
6649 6490 6491 234 235
6650 6491 6492 233 234
6651 6492 6493 232 233
6652 6493 6494 231 232
6653 6494 6495 230 231
6654 6495 6496 229 230
6655 6496 6497 228 229
6656 6497 6498 227 228
6657 6498 6499 226 227
6658 6499 6500 225 226
6659 6500 6501 224 225
6660 6501 6502 223 224
6661 6502 6503 222 223
6662 6503 6504 221 222
6663 6504 6505 220 221
6664 6505 6506 219 220
6665 6506 6507 218 219
6666 6507 6508 217 218
6667 6508 6509 216 217
6668 6509 6510 215 216
6669 6510 6511 214 215
6670 6511 6512 213 214
6671 6512 6513 212 213
6672 6513 6514 211 212
6673 6514 6515 210 211
6674 6515 6516 209 210
6675 6516 6517 208 209
6676 6517 6518 207 208
6677 6518 6519 206 207
6678 6519 6520 205 206
6679 6520 6521 204 205
6680 6521 6522 203 204
6681 6522 6523 202 203
6682 6523 6524 201 202
6683 6524 6525 200 201
6684 6525 6526 199 200
6685 6526 6527 198 199
6686 6527 6528 197 198
6687 6528 6529 196 197
6688 6529 6530 195 196
6689 6530 6531 194 195
6690 6531 6532 193 194
6691 6532 6533 192 193
6692 6533 6534 191 192
6693 6534 6535 190 191
6694 6535 6536 189 190
6695 6536 6537 188 189
6696 6537 6538 187 188
6697 6538 6539 186 187
6698 6539 6540 185 186
6699 6540 6541 184 185
6700 6541 6542 183 184
6701 6542 6543 182 183
6702 6543 6544 181 182
6703 6544 6545 180 181
6704 6545 6546 179 180
6705 6546 6547 178 179
6706 6547 6548 177 178
6707 6548 6549 176 177
6708 6549 6550 175 176
6709 6550 6551 174 175
6710 6551 6552 173 174
6711 6552 6553 172 173
6712 6553 6554 171 172
6713 6554 6555 170 171
6714 6555 6556 169 170
6715 6556 6557 168 169
6716 6557 6558 167 168
6717 6558 6559 166 167
6718 6559 6560 165 166
6719 6560 6561 164 165
6720 6561 163 3 164
$EndElements
