$MeshFormat
4.1 0 8
$EndMeshFormat
$PhysicalNames
6
1 1 "left_bottom"
1 2 "bottom"
1 3 "right"
1 4 "top"
1 5 "left_top"
2 10 "domain"
$EndPhysicalNames
$Entities
5 5 1 0
1 0 0 0 0
2 1.0 0 0 0
3 1.0 1.0 0 0
4 0 1.0 0 0
5 0 0.4 0 0
1 0 0 0 1.0 0 0 1 2 2 1 -2
2 1.0 0 0 1.0 1.0 0 1 3 2 2 -3
3 0 1.0 0 1.0 1.0 0 1 4 2 3 -4
4 0 0.4 0 0 1.0 0 1 5 2 4 -5
5 0 0 0 0 0.4 0 1 1 2 5 -1
1 0 0 0 1.0 1.0 0 1 10 5 1 2 3 4 5
$EndEntities
$Nodes
11 10201 1 10201
0 1 0 1
1
0.0 0.0 0
0 2 0 1
2
1.0 0.0 0
0 3 0 1
3
1.0 1.0 0
0 4 0 1
4
0.0 1.0 0
0 5 0 1
5
0.0 0.4 0
1 1 0 99
6
7
8
9
10
11
12
13
14
15
16
17
18
19
20
21
22
23
24
25
26
27
28
29
30
31
32
33
34
35
36
37
38
39
40
41
42
43
44
45
46
47
48
49
50
51
52
53
54
55
56
57
58
59
60
61
62
63
64
65
66
67
68
69
70
71
72
73
74
75
76
77
78
79
80
81
82
83
84
85
86
87
88
89
90
91
92
93
94
95
96
97
98
99
100
101
102
103
104
0.01 0.0 0
0.02 0.0 0
0.03 0.0 0
0.04 0.0 0
0.05 0.0 0
0.06 0.0 0
0.07 0.0 0
0.08 0.0 0
0.09 0.0 0
0.1 0.0 0
0.11 0.0 0
0.12 0.0 0
0.13 0.0 0
0.14 0.0 0
0.15 0.0 0
0.16 0.0 0
0.17 0.0 0
0.18 0.0 0
0.19 0.0 0
0.2 0.0 0
0.21 0.0 0
0.22 0.0 0
0.23 0.0 0
0.24 0.0 0
0.25 0.0 0
0.26 0.0 0
0.27 0.0 0
0.28 0.0 0
0.29 0.0 0
0.3 0.0 0
0.31 0.0 0
0.32 0.0 0
0.33 0.0 0
0.34 0.0 0
0.35 0.0 0
0.36 0.0 0
0.37 0.0 0
0.38 0.0 0
0.39 0.0 0
0.4 0.0 0
0.41 0.0 0
0.42 0.0 0
0.43 0.0 0
0.44 0.0 0
0.45 0.0 0
0.46 0.0 0
0.47 0.0 0
0.48 0.0 0
0.49 0.0 0
0.5 0.0 0
0.51 0.0 0
0.52 0.0 0
0.53 0.0 0
0.54 0.0 0
0.55 0.0 0
0.56 0.0 0
0.57 0.0 0
0.58 0.0 0
0.59 0.0 0
0.6 0.0 0
0.61 0.0 0
0.62 0.0 0
0.63 0.0 0
0.64 0.0 0
0.65 0.0 0
0.66 0.0 0
0.67 0.0 0
0.68 0.0 0
0.69 0.0 0
0.7 0.0 0
0.71 0.0 0
0.72 0.0 0
0.73 0.0 0
0.74 0.0 0
0.75 0.0 0
0.76 0.0 0
0.77 0.0 0
0.78 0.0 0
0.79 0.0 0
0.8 0.0 0
0.81 0.0 0
0.82 0.0 0
0.83 0.0 0
0.84 0.0 0
0.85 0.0 0
0.86 0.0 0
0.87 0.0 0
0.88 0.0 0
0.89 0.0 0
0.9 0.0 0
0.91 0.0 0
0.92 0.0 0
0.93 0.0 0
0.94 0.0 0
0.95 0.0 0
0.96 0.0 0
0.97 0.0 0
0.98 0.0 0
0.99 0.0 0
1 2 0 99
105
106
107
108
109
110
111
112
113
114
115
116
117
118
119
120
121
122
123
124
125
126
127
128
129
130
131
132
133
134
135
136
137
138
139
140
141
142
143
144
145
146
147
148
149
150
151
152
153
154
155
156
157
158
159
160
161
162
163
164
165
166
167
168
169
170
171
172
173
174
175
176
177
178
179
180
181
182
183
184
185
186
187
188
189
190
191
192
193
194
195
196
197
198
199
200
201
202
203
1.0 0.01 0
1.0 0.02 0
1.0 0.03 0
1.0 0.04 0
1.0 0.05 0
1.0 0.06 0
1.0 0.07 0
1.0 0.08 0
1.0 0.09 0
1.0 0.1 0
1.0 0.11 0
1.0 0.12 0
1.0 0.13 0
1.0 0.14 0
1.0 0.15 0
1.0 0.16 0
1.0 0.17 0
1.0 0.18 0
1.0 0.19 0
1.0 0.2 0
1.0 0.21 0
1.0 0.22 0
1.0 0.23 0
1.0 0.24 0
1.0 0.25 0
1.0 0.26 0
1.0 0.27 0
1.0 0.28 0
1.0 0.29 0
1.0 0.3 0
1.0 0.31 0
1.0 0.32 0
1.0 0.33 0
1.0 0.34 0
1.0 0.35 0
1.0 0.36 0
1.0 0.37 0
1.0 0.38 0
1.0 0.39 0
1.0 0.4 0
1.0 0.41 0
1.0 0.42 0
1.0 0.43 0
1.0 0.44 0
1.0 0.45 0
1.0 0.46 0
1.0 0.47 0
1.0 0.48 0
1.0 0.49 0
1.0 0.5 0
1.0 0.51 0
1.0 0.52 0
1.0 0.53 0
1.0 0.54 0
1.0 0.55 0
1.0 0.56 0
1.0 0.57 0
1.0 0.58 0
1.0 0.59 0
1.0 0.6 0
1.0 0.61 0
1.0 0.62 0
1.0 0.63 0
1.0 0.64 0
1.0 0.65 0
1.0 0.66 0
1.0 0.67 0
1.0 0.68 0
1.0 0.69 0
1.0 0.7 0
1.0 0.71 0
1.0 0.72 0
1.0 0.73 0
1.0 0.74 0
1.0 0.75 0
1.0 0.76 0
1.0 0.77 0
1.0 0.78 0
1.0 0.79 0
1.0 0.8 0
1.0 0.81 0
1.0 0.82 0
1.0 0.83 0
1.0 0.84 0
1.0 0.85 0
1.0 0.86 0
1.0 0.87 0
1.0 0.88 0
1.0 0.89 0
1.0 0.9 0
1.0 0.91 0
1.0 0.92 0
1.0 0.93 0
1.0 0.94 0
1.0 0.95 0
1.0 0.96 0
1.0 0.97 0
1.0 0.98 0
1.0 0.99 0
1 3 0 99
204
205
206
207
208
209
210
211
212
213
214
215
216
217
218
219
220
221
222
223
224
225
226
227
228
229
230
231
232
233
234
235
236
237
238
239
240
241
242
243
244
245
246
247
248
249
250
251
252
253
254
255
256
257
258
259
260
261
262
263
264
265
266
267
268
269
270
271
272
273
274
275
276
277
278
279
280
281
282
283
284
285
286
287
288
289
290
291
292
293
294
295
296
297
298
299
300
301
302
0.99 1.0 0
0.98 1.0 0
0.97 1.0 0
0.96 1.0 0
0.95 1.0 0
0.94 1.0 0
0.93 1.0 0
0.92 1.0 0
0.91 1.0 0
0.9 1.0 0
0.89 1.0 0
0.88 1.0 0
0.87 1.0 0
0.86 1.0 0
0.85 1.0 0
0.84 1.0 0
0.83 1.0 0
0.82 1.0 0
0.81 1.0 0
0.8 1.0 0
0.79 1.0 0
0.78 1.0 0
0.77 1.0 0
0.76 1.0 0
0.75 1.0 0
0.74 1.0 0
0.73 1.0 0
0.72 1.0 0
0.71 1.0 0
0.7 1.0 0
0.69 1.0 0
0.68 1.0 0
0.67 1.0 0
0.66 1.0 0
0.65 1.0 0
0.64 1.0 0
0.63 1.0 0
0.62 1.0 0
0.61 1.0 0
0.6 1.0 0
0.59 1.0 0
0.58 1.0 0
0.57 1.0 0
0.56 1.0 0
0.55 1.0 0
0.54 1.0 0
0.53 1.0 0
0.52 1.0 0
0.51 1.0 0
0.5 1.0 0
0.49 1.0 0
0.48 1.0 0
0.47 1.0 0
0.46 1.0 0
0.45 1.0 0
0.44 1.0 0
0.43 1.0 0
0.42 1.0 0
0.41 1.0 0
0.4 1.0 0
0.39 1.0 0
0.38 1.0 0
0.37 1.0 0
0.36 1.0 0
0.35 1.0 0
0.34 1.0 0
0.33 1.0 0
0.32 1.0 0
0.31 1.0 0
0.3 1.0 0
0.29 1.0 0
0.28 1.0 0
0.27 1.0 0
0.26 1.0 0
0.25 1.0 0
0.24 1.0 0
0.23 1.0 0
0.22 1.0 0
0.21 1.0 0
0.2 1.0 0
0.19 1.0 0
0.18 1.0 0
0.17 1.0 0
0.16 1.0 0
0.15 1.0 0
0.14 1.0 0
0.13 1.0 0
0.12 1.0 0
0.11 1.0 0
0.1 1.0 0
0.09 1.0 0
0.08 1.0 0
0.07 1.0 0
0.06 1.0 0
0.05 1.0 0
0.04 1.0 0
0.03 1.0 0
0.02 1.0 0
0.01 1.0 0
1 4 0 59
303
304
305
306
307
308
309
310
311
312
313
314
315
316
317
318
319
320
321
322
323
324
325
326
327
328
329
330
331
332
333
334
335
336
337
338
339
340
341
342
343
344
345
346
347
348
349
350
351
352
353
354
355
356
357
358
359
360
361
0.0 0.99 0
0.0 0.98 0
0.0 0.97 0
0.0 0.96 0
0.0 0.95 0
0.0 0.94 0
0.0 0.93 0
0.0 0.92 0
0.0 0.91 0
0.0 0.9 0
0.0 0.89 0
0.0 0.88 0
0.0 0.87 0
0.0 0.86 0
0.0 0.85 0
0.0 0.84 0
0.0 0.83 0
0.0 0.82 0
0.0 0.81 0
0.0 0.8 0
0.0 0.79 0
0.0 0.78 0
0.0 0.77 0
0.0 0.76 0
0.0 0.75 0
0.0 0.74 0
0.0 0.73 0
0.0 0.72 0
0.0 0.71 0
0.0 0.7 0
0.0 0.69 0
0.0 0.68 0
0.0 0.67 0
0.0 0.66 0
0.0 0.65 0
0.0 0.64 0
0.0 0.63 0
0.0 0.62 0
0.0 0.61 0
0.0 0.6 0
0.0 0.59 0
0.0 0.58 0
0.0 0.57 0
0.0 0.56 0
0.0 0.55 0
0.0 0.54 0
0.0 0.53 0
0.0 0.52 0
0.0 0.51 0
0.0 0.5 0
0.0 0.49 0
0.0 0.48 0
0.0 0.47 0
0.0 0.46 0
0.0 0.45 0
0.0 0.44 0
0.0 0.43 0
0.0 0.42 0
0.0 0.41 0
1 5 0 39
362
363
364
365
366
367
368
369
370
371
372
373
374
375
376
377
378
379
380
381
382
383
384
385
386
387
388
389
390
391
392
393
394
395
396
397
398
399
400
0.0 0.39 0
0.0 0.38 0
0.0 0.37 0
0.0 0.36 0
0.0 0.35 0
0.0 0.34 0
0.0 0.33 0
0.0 0.32 0
0.0 0.31 0
0.0 0.3 0
0.0 0.29 0
0.0 0.28 0
0.0 0.27 0
0.0 0.26 0
0.0 0.25 0
0.0 0.24 0
0.0 0.23 0
0.0 0.22 0
0.0 0.21 0
0.0 0.2 0
0.0 0.19 0
0.0 0.18 0
0.0 0.17 0
0.0 0.16 0
0.0 0.15 0
0.0 0.14 0
0.0 0.13 0
0.0 0.12 0
0.0 0.11 0
0.0 0.1 0
0.0 0.09 0
0.0 0.08 0
0.0 0.07 0
0.0 0.06 0
0.0 0.05 0
0.0 0.04 0
0.0 0.03 0
0.0 0.02 0
0.0 0.01 0
2 1 0 9801
401
402
403
404
405
406
407
408
409
410
411
412
413
414
415
416
417
418
419
420
421
422
423
424
425
426
427
428
429
430
431
432
433
434
435
436
437
438
439
440
441
442
443
444
445
446
447
448
449
450
451
452
453
454
455
456
457
458
459
460
461
462
463
464
465
466
467
468
469
470
471
472
473
474
475
476
477
478
479
480
481
482
483
484
485
486
487
488
489
490
491
492
493
494
495
496
497
498
499
500
501
502
503
504
505
506
507
508
509
510
511
512
513
514
515
516
517
518
519
520
521
522
523
524
525
526
527
528
529
530
531
532
533
534
535
536
537
538
539
540
541
542
543
544
545
546
547
548
549
550
551
552
553
554
555
556
557
558
559
560
561
562
563
564
565
566
567
568
569
570
571
572
573
574
575
576
577
578
579
580
581
582
583
584
585
586
587
588
589
590
591
592
593
594
595
596
597
598
599
600
601
602
603
604
605
606
607
608
609
610
611
612
613
614
615
616
617
618
619
620
621
622
623
624
625
626
627
628
629
630
631
632
633
634
635
636
637
638
639
640
641
642
643
644
645
646
647
648
649
650
651
652
653
654
655
656
657
658
659
660
661
662
663
664
665
666
667
668
669
670
671
672
673
674
675
676
677
678
679
680
681
682
683
684
685
686
687
688
689
690
691
692
693
694
695
696
697
698
699
700
701
702
703
704
705
706
707
708
709
710
711
712
713
714
715
716
717
718
719
720
721
722
723
724
725
726
727
728
729
730
731
732
733
734
735
736
737
738
739
740
741
742
743
744
745
746
747
748
749
750
751
752
753
754
755
756
757
758
759
760
761
762
763
764
765
766
767
768
769
770
771
772
773
774
775
776
777
778
779
780
781
782
783
784
785
786
787
788
789
790
791
792
793
794
795
796
797
798
799
800
801
802
803
804
805
806
807
808
809
810
811
812
813
814
815
816
817
818
819
820
821
822
823
824
825
826
827
828
829
830
831
832
833
834
835
836
837
838
839
840
841
842
843
844
845
846
847
848
849
850
851
852
853
854
855
856
857
858
859
860
861
862
863
864
865
866
867
868
869
870
871
872
873
874
875
876
877
878
879
880
881
882
883
884
885
886
887
888
889
890
891
892
893
894
895
896
897
898
899
900
901
902
903
904
905
906
907
908
909
910
911
912
913
914
915
916
917
918
919
920
921
922
923
924
925
926
927
928
929
930
931
932
933
934
935
936
937
938
939
940
941
942
943
944
945
946
947
948
949
950
951
952
953
954
955
956
957
958
959
960
961
962
963
964
965
966
967
968
969
970
971
972
973
974
975
976
977
978
979
980
981
982
983
984
985
986
987
988
989
990
991
992
993
994
995
996
997
998
999
1000
1001
1002
1003
1004
1005
1006
1007
1008
1009
1010
1011
1012
1013
1014
1015
1016
1017
1018
1019
1020
1021
1022
1023
1024
1025
1026
1027
1028
1029
1030
1031
1032
1033
1034
1035
1036
1037
1038
1039
1040
1041
1042
1043
1044
1045
1046
1047
1048
1049
1050
1051
1052
1053
1054
1055
1056
1057
1058
1059
1060
1061
1062
1063
1064
1065
1066
1067
1068
1069
1070
1071
1072
1073
1074
1075
1076
1077
1078
1079
1080
1081
1082
1083
1084
1085
1086
1087
1088
1089
1090
1091
1092
1093
1094
1095
1096
1097
1098
1099
1100
1101
1102
1103
1104
1105
1106
1107
1108
1109
1110
1111
1112
1113
1114
1115
1116
1117
1118
1119
1120
1121
1122
1123
1124
1125
1126
1127
1128
1129
1130
1131
1132
1133
1134
1135
1136
1137
1138
1139
1140
1141
1142
1143
1144
1145
1146
1147
1148
1149
1150
1151
1152
1153
1154
1155
1156
1157
1158
1159
1160
1161
1162
1163
1164
1165
1166
1167
1168
1169
1170
1171
1172
1173
1174
1175
1176
1177
1178
1179
1180
1181
1182
1183
1184
1185
1186
1187
1188
1189
1190
1191
1192
1193
1194
1195
1196
1197
1198
1199
1200
1201
1202
1203
1204
1205
1206
1207
1208
1209
1210
1211
1212
1213
1214
1215
1216
1217
1218
1219
1220
1221
1222
1223
1224
1225
1226
1227
1228
1229
1230
1231
1232
1233
1234
1235
1236
1237
1238
1239
1240
1241
1242
1243
1244
1245
1246
1247
1248
1249
1250
1251
1252
1253
1254
1255
1256
1257
1258
1259
1260
1261
1262
1263
1264
1265
1266
1267
1268
1269
1270
1271
1272
1273
1274
1275
1276
1277
1278
1279
1280
1281
1282
1283
1284
1285
1286
1287
1288
1289
1290
1291
1292
1293
1294
1295
1296
1297
1298
1299
1300
1301
1302
1303
1304
1305
1306
1307
1308
1309
1310
1311
1312
1313
1314
1315
1316
1317
1318
1319
1320
1321
1322
1323
1324
1325
1326
1327
1328
1329
1330
1331
1332
1333
1334
1335
1336
1337
1338
1339
1340
1341
1342
1343
1344
1345
1346
1347
1348
1349
1350
1351
1352
1353
1354
1355
1356
1357
1358
1359
1360
1361
1362
1363
1364
1365
1366
1367
1368
1369
1370
1371
1372
1373
1374
1375
1376
1377
1378
1379
1380
1381
1382
1383
1384
1385
1386
1387
1388
1389
1390
1391
1392
1393
1394
1395
1396
1397
1398
1399
1400
1401
1402
1403
1404
1405
1406
1407
1408
1409
1410
1411
1412
1413
1414
1415
1416
1417
1418
1419
1420
1421
1422
1423
1424
1425
1426
1427
1428
1429
1430
1431
1432
1433
1434
1435
1436
1437
1438
1439
1440
1441
1442
1443
1444
1445
1446
1447
1448
1449
1450
1451
1452
1453
1454
1455
1456
1457
1458
1459
1460
1461
1462
1463
1464
1465
1466
1467
1468
1469
1470
1471
1472
1473
1474
1475
1476
1477
1478
1479
1480
1481
1482
1483
1484
1485
1486
1487
1488
1489
1490
1491
1492
1493
1494
1495
1496
1497
1498
1499
1500
1501
1502
1503
1504
1505
1506
1507
1508
1509
1510
1511
1512
1513
1514
1515
1516
1517
1518
1519
1520
1521
1522
1523
1524
1525
1526
1527
1528
1529
1530
1531
1532
1533
1534
1535
1536
1537
1538
1539
1540
1541
1542
1543
1544
1545
1546
1547
1548
1549
1550
1551
1552
1553
1554
1555
1556
1557
1558
1559
1560
1561
1562
1563
1564
1565
1566
1567
1568
1569
1570
1571
1572
1573
1574
1575
1576
1577
1578
1579
1580
1581
1582
1583
1584
1585
1586
1587
1588
1589
1590
1591
1592
1593
1594
1595
1596
1597
1598
1599
1600
1601
1602
1603
1604
1605
1606
1607
1608
1609
1610
1611
1612
1613
1614
1615
1616
1617
1618
1619
1620
1621
1622
1623
1624
1625
1626
1627
1628
1629
1630
1631
1632
1633
1634
1635
1636
1637
1638
1639
1640
1641
1642
1643
1644
1645
1646
1647
1648
1649
1650
1651
1652
1653
1654
1655
1656
1657
1658
1659
1660
1661
1662
1663
1664
1665
1666
1667
1668
1669
1670
1671
1672
1673
1674
1675
1676
1677
1678
1679
1680
1681
1682
1683
1684
1685
1686
1687
1688
1689
1690
1691
1692
1693
1694
1695
1696
1697
1698
1699
1700
1701
1702
1703
1704
1705
1706
1707
1708
1709
1710
1711
1712
1713
1714
1715
1716
1717
1718
1719
1720
1721
1722
1723
1724
1725
1726
1727
1728
1729
1730
1731
1732
1733
1734
1735
1736
1737
1738
1739
1740
1741
1742
1743
1744
1745
1746
1747
1748
1749
1750
1751
1752
1753
1754
1755
1756
1757
1758
1759
1760
1761
1762
1763
1764
1765
1766
1767
1768
1769
1770
1771
1772
1773
1774
1775
1776
1777
1778
1779
1780
1781
1782
1783
1784
1785
1786
1787
1788
1789
1790
1791
1792
1793
1794
1795
1796
1797
1798
1799
1800
1801
1802
1803
1804
1805
1806
1807
1808
1809
1810
1811
1812
1813
1814
1815
1816
1817
1818
1819
1820
1821
1822
1823
1824
1825
1826
1827
1828
1829
1830
1831
1832
1833
1834
1835
1836
1837
1838
1839
1840
1841
1842
1843
1844
1845
1846
1847
1848
1849
1850
1851
1852
1853
1854
1855
1856
1857
1858
1859
1860
1861
1862
1863
1864
1865
1866
1867
1868
1869
1870
1871
1872
1873
1874
1875
1876
1877
1878
1879
1880
1881
1882
1883
1884
1885
1886
1887
1888
1889
1890
1891
1892
1893
1894
1895
1896
1897
1898
1899
1900
1901
1902
1903
1904
1905
1906
1907
1908
1909
1910
1911
1912
1913
1914
1915
1916
1917
1918
1919
1920
1921
1922
1923
1924
1925
1926
1927
1928
1929
1930
1931
1932
1933
1934
1935
1936
1937
1938
1939
1940
1941
1942
1943
1944
1945
1946
1947
1948
1949
1950
1951
1952
1953
1954
1955
1956
1957
1958
1959
1960
1961
1962
1963
1964
1965
1966
1967
1968
1969
1970
1971
1972
1973
1974
1975
1976
1977
1978
1979
1980
1981
1982
1983
1984
1985
1986
1987
1988
1989
1990
1991
1992
1993
1994
1995
1996
1997
1998
1999
2000
2001
2002
2003
2004
2005
2006
2007
2008
2009
2010
2011
2012
2013
2014
2015
2016
2017
2018
2019
2020
2021
2022
2023
2024
2025
2026
2027
2028
2029
2030
2031
2032
2033
2034
2035
2036
2037
2038
2039
2040
2041
2042
2043
2044
2045
2046
2047
2048
2049
2050
2051
2052
2053
2054
2055
2056
2057
2058
2059
2060
2061
2062
2063
2064
2065
2066
2067
2068
2069
2070
2071
2072
2073
2074
2075
2076
2077
2078
2079
2080
2081
2082
2083
2084
2085
2086
2087
2088
2089
2090
2091
2092
2093
2094
2095
2096
2097
2098
2099
2100
2101
2102
2103
2104
2105
2106
2107
2108
2109
2110
2111
2112
2113
2114
2115
2116
2117
2118
2119
2120
2121
2122
2123
2124
2125
2126
2127
2128
2129
2130
2131
2132
2133
2134
2135
2136
2137
2138
2139
2140
2141
2142
2143
2144
2145
2146
2147
2148
2149
2150
2151
2152
2153
2154
2155
2156
2157
2158
2159
2160
2161
2162
2163
2164
2165
2166
2167
2168
2169
2170
2171
2172
2173
2174
2175
2176
2177
2178
2179
2180
2181
2182
2183
2184
2185
2186
2187
2188
2189
2190
2191
2192
2193
2194
2195
2196
2197
2198
2199
2200
2201
2202
2203
2204
2205
2206
2207
2208
2209
2210
2211
2212
2213
2214
2215
2216
2217
2218
2219
2220
2221
2222
2223
2224
2225
2226
2227
2228
2229
2230
2231
2232
2233
2234
2235
2236
2237
2238
2239
2240
2241
2242
2243
2244
2245
2246
2247
2248
2249
2250
2251
2252
2253
2254
2255
2256
2257
2258
2259
2260
2261
2262
2263
2264
2265
2266
2267
2268
2269
2270
2271
2272
2273
2274
2275
2276
2277
2278
2279
2280
2281
2282
2283
2284
2285
2286
2287
2288
2289
2290
2291
2292
2293
2294
2295
2296
2297
2298
2299
2300
2301
2302
2303
2304
2305
2306
2307
2308
2309
2310
2311
2312
2313
2314
2315
2316
2317
2318
2319
2320
2321
2322
2323
2324
2325
2326
2327
2328
2329
2330
2331
2332
2333
2334
2335
2336
2337
2338
2339
2340
2341
2342
2343
2344
2345
2346
2347
2348
2349
2350
2351
2352
2353
2354
2355
2356
2357
2358
2359
2360
2361
2362
2363
2364
2365
2366
2367
2368
2369
2370
2371
2372
2373
2374
2375
2376
2377
2378
2379
2380
2381
2382
2383
2384
2385
2386
2387
2388
2389
2390
2391
2392
2393
2394
2395
2396
2397
2398
2399
2400
2401
2402
2403
2404
2405
2406
2407
2408
2409
2410
2411
2412
2413
2414
2415
2416
2417
2418
2419
2420
2421
2422
2423
2424
2425
2426
2427
2428
2429
2430
2431
2432
2433
2434
2435
2436
2437
2438
2439
2440
2441
2442
2443
2444
2445
2446
2447
2448
2449
2450
2451
2452
2453
2454
2455
2456
2457
2458
2459
2460
2461
2462
2463
2464
2465
2466
2467
2468
2469
2470
2471
2472
2473
2474
2475
2476
2477
2478
2479
2480
2481
2482
2483
2484
2485
2486
2487
2488
2489
2490
2491
2492
2493
2494
2495
2496
2497
2498
2499
2500
2501
2502
2503
2504
2505
2506
2507
2508
2509
2510
2511
2512
2513
2514
2515
2516
2517
2518
2519
2520
2521
2522
2523
2524
2525
2526
2527
2528
2529
2530
2531
2532
2533
2534
2535
2536
2537
2538
2539
2540
2541
2542
2543
2544
2545
2546
2547
2548
2549
2550
2551
2552
2553
2554
2555
2556
2557
2558
2559
2560
2561
2562
2563
2564
2565
2566
2567
2568
2569
2570
2571
2572
2573
2574
2575
2576
2577
2578
2579
2580
2581
2582
2583
2584
2585
2586
2587
2588
2589
2590
2591
2592
2593
2594
2595
2596
2597
2598
2599
2600
2601
2602
2603
2604
2605
2606
2607
2608
2609
2610
2611
2612
2613
2614
2615
2616
2617
2618
2619
2620
2621
2622
2623
2624
2625
2626
2627
2628
2629
2630
2631
2632
2633
2634
2635
2636
2637
2638
2639
2640
2641
2642
2643
2644
2645
2646
2647
2648
2649
2650
2651
2652
2653
2654
2655
2656
2657
2658
2659
2660
2661
2662
2663
2664
2665
2666
2667
2668
2669
2670
2671
2672
2673
2674
2675
2676
2677
2678
2679
2680
2681
2682
2683
2684
2685
2686
2687
2688
2689
2690
2691
2692
2693
2694
2695
2696
2697
2698
2699
2700
2701
2702
2703
2704
2705
2706
2707
2708
2709
2710
2711
2712
2713
2714
2715
2716
2717
2718
2719
2720
2721
2722
2723
2724
2725
2726
2727
2728
2729
2730
2731
2732
2733
2734
2735
2736
2737
2738
2739
2740
2741
2742
2743
2744
2745
2746
2747
2748
2749
2750
2751
2752
2753
2754
2755
2756
2757
2758
2759
2760
2761
2762
2763
2764
2765
2766
2767
2768
2769
2770
2771
2772
2773
2774
2775
2776
2777
2778
2779
2780
2781
2782
2783
2784
2785
2786
2787
2788
2789
2790
2791
2792
2793
2794
2795
2796
2797
2798
2799
2800
2801
2802
2803
2804
2805
2806
2807
2808
2809
2810
2811
2812
2813
2814
2815
2816
2817
2818
2819
2820
2821
2822
2823
2824
2825
2826
2827
2828
2829
2830
2831
2832
2833
2834
2835
2836
2837
2838
2839
2840
2841
2842
2843
2844
2845
2846
2847
2848
2849
2850
2851
2852
2853
2854
2855
2856
2857
2858
2859
2860
2861
2862
2863
2864
2865
2866
2867
2868
2869
2870
2871
2872
2873
2874
2875
2876
2877
2878
2879
2880
2881
2882
2883
2884
2885
2886
2887
2888
2889
2890
2891
2892
2893
2894
2895
2896
2897
2898
2899
2900
2901
2902
2903
2904
2905
2906
2907
2908
2909
2910
2911
2912
2913
2914
2915
2916
2917
2918
2919
2920
2921
2922
2923
2924
2925
2926
2927
2928
2929
2930
2931
2932
2933
2934
2935
2936
2937
2938
2939
2940
2941
2942
2943
2944
2945
2946
2947
2948
2949
2950
2951
2952
2953
2954
2955
2956
2957
2958
2959
2960
2961
2962
2963
2964
2965
2966
2967
2968
2969
2970
2971
2972
2973
2974
2975
2976
2977
2978
2979
2980
2981
2982
2983
2984
2985
2986
2987
2988
2989
2990
2991
2992
2993
2994
2995
2996
2997
2998
2999
3000
3001
3002
3003
3004
3005
3006
3007
3008
3009
3010
3011
3012
3013
3014
3015
3016
3017
3018
3019
3020
3021
3022
3023
3024
3025
3026
3027
3028
3029
3030
3031
3032
3033
3034
3035
3036
3037
3038
3039
3040
3041
3042
3043
3044
3045
3046
3047
3048
3049
3050
3051
3052
3053
3054
3055
3056
3057
3058
3059
3060
3061
3062
3063
3064
3065
3066
3067
3068
3069
3070
3071
3072
3073
3074
3075
3076
3077
3078
3079
3080
3081
3082
3083
3084
3085
3086
3087
3088
3089
3090
3091
3092
3093
3094
3095
3096
3097
3098
3099
3100
3101
3102
3103
3104
3105
3106
3107
3108
3109
3110
3111
3112
3113
3114
3115
3116
3117
3118
3119
3120
3121
3122
3123
3124
3125
3126
3127
3128
3129
3130
3131
3132
3133
3134
3135
3136
3137
3138
3139
3140
3141
3142
3143
3144
3145
3146
3147
3148
3149
3150
3151
3152
3153
3154
3155
3156
3157
3158
3159
3160
3161
3162
3163
3164
3165
3166
3167
3168
3169
3170
3171
3172
3173
3174
3175
3176
3177
3178
3179
3180
3181
3182
3183
3184
3185
3186
3187
3188
3189
3190
3191
3192
3193
3194
3195
3196
3197
3198
3199
3200
3201
3202
3203
3204
3205
3206
3207
3208
3209
3210
3211
3212
3213
3214
3215
3216
3217
3218
3219
3220
3221
3222
3223
3224
3225
3226
3227
3228
3229
3230
3231
3232
3233
3234
3235
3236
3237
3238
3239
3240
3241
3242
3243
3244
3245
3246
3247
3248
3249
3250
3251
3252
3253
3254
3255
3256
3257
3258
3259
3260
3261
3262
3263
3264
3265
3266
3267
3268
3269
3270
3271
3272
3273
3274
3275
3276
3277
3278
3279
3280
3281
3282
3283
3284
3285
3286
3287
3288
3289
3290
3291
3292
3293
3294
3295
3296
3297
3298
3299
3300
3301
3302
3303
3304
3305
3306
3307
3308
3309
3310
3311
3312
3313
3314
3315
3316
3317
3318
3319
3320
3321
3322
3323
3324
3325
3326
3327
3328
3329
3330
3331
3332
3333
3334
3335
3336
3337
3338
3339
3340
3341
3342
3343
3344
3345
3346
3347
3348
3349
3350
3351
3352
3353
3354
3355
3356
3357
3358
3359
3360
3361
3362
3363
3364
3365
3366
3367
3368
3369
3370
3371
3372
3373
3374
3375
3376
3377
3378
3379
3380
3381
3382
3383
3384
3385
3386
3387
3388
3389
3390
3391
3392
3393
3394
3395
3396
3397
3398
3399
3400
3401
3402
3403
3404
3405
3406
3407
3408
3409
3410
3411
3412
3413
3414
3415
3416
3417
3418
3419
3420
3421
3422
3423
3424
3425
3426
3427
3428
3429
3430
3431
3432
3433
3434
3435
3436
3437
3438
3439
3440
3441
3442
3443
3444
3445
3446
3447
3448
3449
3450
3451
3452
3453
3454
3455
3456
3457
3458
3459
3460
3461
3462
3463
3464
3465
3466
3467
3468
3469
3470
3471
3472
3473
3474
3475
3476
3477
3478
3479
3480
3481
3482
3483
3484
3485
3486
3487
3488
3489
3490
3491
3492
3493
3494
3495
3496
3497
3498
3499
3500
3501
3502
3503
3504
3505
3506
3507
3508
3509
3510
3511
3512
3513
3514
3515
3516
3517
3518
3519
3520
3521
3522
3523
3524
3525
3526
3527
3528
3529
3530
3531
3532
3533
3534
3535
3536
3537
3538
3539
3540
3541
3542
3543
3544
3545
3546
3547
3548
3549
3550
3551
3552
3553
3554
3555
3556
3557
3558
3559
3560
3561
3562
3563
3564
3565
3566
3567
3568
3569
3570
3571
3572
3573
3574
3575
3576
3577
3578
3579
3580
3581
3582
3583
3584
3585
3586
3587
3588
3589
3590
3591
3592
3593
3594
3595
3596
3597
3598
3599
3600
3601
3602
3603
3604
3605
3606
3607
3608
3609
3610
3611
3612
3613
3614
3615
3616
3617
3618
3619
3620
3621
3622
3623
3624
3625
3626
3627
3628
3629
3630
3631
3632
3633
3634
3635
3636
3637
3638
3639
3640
3641
3642
3643
3644
3645
3646
3647
3648
3649
3650
3651
3652
3653
3654
3655
3656
3657
3658
3659
3660
3661
3662
3663
3664
3665
3666
3667
3668
3669
3670
3671
3672
3673
3674
3675
3676
3677
3678
3679
3680
3681
3682
3683
3684
3685
3686
3687
3688
3689
3690
3691
3692
3693
3694
3695
3696
3697
3698
3699
3700
3701
3702
3703
3704
3705
3706
3707
3708
3709
3710
3711
3712
3713
3714
3715
3716
3717
3718
3719
3720
3721
3722
3723
3724
3725
3726
3727
3728
3729
3730
3731
3732
3733
3734
3735
3736
3737
3738
3739
3740
3741
3742
3743
3744
3745
3746
3747
3748
3749
3750
3751
3752
3753
3754
3755
3756
3757
3758
3759
3760
3761
3762
3763
3764
3765
3766
3767
3768
3769
3770
3771
3772
3773
3774
3775
3776
3777
3778
3779
3780
3781
3782
3783
3784
3785
3786
3787
3788
3789
3790
3791
3792
3793
3794
3795
3796
3797
3798
3799
3800
3801
3802
3803
3804
3805
3806
3807
3808
3809
3810
3811
3812
3813
3814
3815
3816
3817
3818
3819
3820
3821
3822
3823
3824
3825
3826
3827
3828
3829
3830
3831
3832
3833
3834
3835
3836
3837
3838
3839
3840
3841
3842
3843
3844
3845
3846
3847
3848
3849
3850
3851
3852
3853
3854
3855
3856
3857
3858
3859
3860
3861
3862
3863
3864
3865
3866
3867
3868
3869
3870
3871
3872
3873
3874
3875
3876
3877
3878
3879
3880
3881
3882
3883
3884
3885
3886
3887
3888
3889
3890
3891
3892
3893
3894
3895
3896
3897
3898
3899
3900
3901
3902
3903
3904
3905
3906
3907
3908
3909
3910
3911
3912
3913
3914
3915
3916
3917
3918
3919
3920
3921
3922
3923
3924
3925
3926
3927
3928
3929
3930
3931
3932
3933
3934
3935
3936
3937
3938
3939
3940
3941
3942
3943
3944
3945
3946
3947
3948
3949
3950
3951
3952
3953
3954
3955
3956
3957
3958
3959
3960
3961
3962
3963
3964
3965
3966
3967
3968
3969
3970
3971
3972
3973
3974
3975
3976
3977
3978
3979
3980
3981
3982
3983
3984
3985
3986
3987
3988
3989
3990
3991
3992
3993
3994
3995
3996
3997
3998
3999
4000
4001
4002
4003
4004
4005
4006
4007
4008
4009
4010
4011
4012
4013
4014
4015
4016
4017
4018
4019
4020
4021
4022
4023
4024
4025
4026
4027
4028
4029
4030
4031
4032
4033
4034
4035
4036
4037
4038
4039
4040
4041
4042
4043
4044
4045
4046
4047
4048
4049
4050
4051
4052
4053
4054
4055
4056
4057
4058
4059
4060
4061
4062
4063
4064
4065
4066
4067
4068
4069
4070
4071
4072
4073
4074
4075
4076
4077
4078
4079
4080
4081
4082
4083
4084
4085
4086
4087
4088
4089
4090
4091
4092
4093
4094
4095
4096
4097
4098
4099
4100
4101
4102
4103
4104
4105
4106
4107
4108
4109
4110
4111
4112
4113
4114
4115
4116
4117
4118
4119
4120
4121
4122
4123
4124
4125
4126
4127
4128
4129
4130
4131
4132
4133
4134
4135
4136
4137
4138
4139
4140
4141
4142
4143
4144
4145
4146
4147
4148
4149
4150
4151
4152
4153
4154
4155
4156
4157
4158
4159
4160
4161
4162
4163
4164
4165
4166
4167
4168
4169
4170
4171
4172
4173
4174
4175
4176
4177
4178
4179
4180
4181
4182
4183
4184
4185
4186
4187
4188
4189
4190
4191
4192
4193
4194
4195
4196
4197
4198
4199
4200
4201
4202
4203
4204
4205
4206
4207
4208
4209
4210
4211
4212
4213
4214
4215
4216
4217
4218
4219
4220
4221
4222
4223
4224
4225
4226
4227
4228
4229
4230
4231
4232
4233
4234
4235
4236
4237
4238
4239
4240
4241
4242
4243
4244
4245
4246
4247
4248
4249
4250
4251
4252
4253
4254
4255
4256
4257
4258
4259
4260
4261
4262
4263
4264
4265
4266
4267
4268
4269
4270
4271
4272
4273
4274
4275
4276
4277
4278
4279
4280
4281
4282
4283
4284
4285
4286
4287
4288
4289
4290
4291
4292
4293
4294
4295
4296
4297
4298
4299
4300
4301
4302
4303
4304
4305
4306
4307
4308
4309
4310
4311
4312
4313
4314
4315
4316
4317
4318
4319
4320
4321
4322
4323
4324
4325
4326
4327
4328
4329
4330
4331
4332
4333
4334
4335
4336
4337
4338
4339
4340
4341
4342
4343
4344
4345
4346
4347
4348
4349
4350
4351
4352
4353
4354
4355
4356
4357
4358
4359
4360
4361
4362
4363
4364
4365
4366
4367
4368
4369
4370
4371
4372
4373
4374
4375
4376
4377
4378
4379
4380
4381
4382
4383
4384
4385
4386
4387
4388
4389
4390
4391
4392
4393
4394
4395
4396
4397
4398
4399
4400
4401
4402
4403
4404
4405
4406
4407
4408
4409
4410
4411
4412
4413
4414
4415
4416
4417
4418
4419
4420
4421
4422
4423
4424
4425
4426
4427
4428
4429
4430
4431
4432
4433
4434
4435
4436
4437
4438
4439
4440
4441
4442
4443
4444
4445
4446
4447
4448
4449
4450
4451
4452
4453
4454
4455
4456
4457
4458
4459
4460
4461
4462
4463
4464
4465
4466
4467
4468
4469
4470
4471
4472
4473
4474
4475
4476
4477
4478
4479
4480
4481
4482
4483
4484
4485
4486
4487
4488
4489
4490
4491
4492
4493
4494
4495
4496
4497
4498
4499
4500
4501
4502
4503
4504
4505
4506
4507
4508
4509
4510
4511
4512
4513
4514
4515
4516
4517
4518
4519
4520
4521
4522
4523
4524
4525
4526
4527
4528
4529
4530
4531
4532
4533
4534
4535
4536
4537
4538
4539
4540
4541
4542
4543
4544
4545
4546
4547
4548
4549
4550
4551
4552
4553
4554
4555
4556
4557
4558
4559
4560
4561
4562
4563
4564
4565
4566
4567
4568
4569
4570
4571
4572
4573
4574
4575
4576
4577
4578
4579
4580
4581
4582
4583
4584
4585
4586
4587
4588
4589
4590
4591
4592
4593
4594
4595
4596
4597
4598
4599
4600
4601
4602
4603
4604
4605
4606
4607
4608
4609
4610
4611
4612
4613
4614
4615
4616
4617
4618
4619
4620
4621
4622
4623
4624
4625
4626
4627
4628
4629
4630
4631
4632
4633
4634
4635
4636
4637
4638
4639
4640
4641
4642
4643
4644
4645
4646
4647
4648
4649
4650
4651
4652
4653
4654
4655
4656
4657
4658
4659
4660
4661
4662
4663
4664
4665
4666
4667
4668
4669
4670
4671
4672
4673
4674
4675
4676
4677
4678
4679
4680
4681
4682
4683
4684
4685
4686
4687
4688
4689
4690
4691
4692
4693
4694
4695
4696
4697
4698
4699
4700
4701
4702
4703
4704
4705
4706
4707
4708
4709
4710
4711
4712
4713
4714
4715
4716
4717
4718
4719
4720
4721
4722
4723
4724
4725
4726
4727
4728
4729
4730
4731
4732
4733
4734
4735
4736
4737
4738
4739
4740
4741
4742
4743
4744
4745
4746
4747
4748
4749
4750
4751
4752
4753
4754
4755
4756
4757
4758
4759
4760
4761
4762
4763
4764
4765
4766
4767
4768
4769
4770
4771
4772
4773
4774
4775
4776
4777
4778
4779
4780
4781
4782
4783
4784
4785
4786
4787
4788
4789
4790
4791
4792
4793
4794
4795
4796
4797
4798
4799
4800
4801
4802
4803
4804
4805
4806
4807
4808
4809
4810
4811
4812
4813
4814
4815
4816
4817
4818
4819
4820
4821
4822
4823
4824
4825
4826
4827
4828
4829
4830
4831
4832
4833
4834
4835
4836
4837
4838
4839
4840
4841
4842
4843
4844
4845
4846
4847
4848
4849
4850
4851
4852
4853
4854
4855
4856
4857
4858
4859
4860
4861
4862
4863
4864
4865
4866
4867
4868
4869
4870
4871
4872
4873
4874
4875
4876
4877
4878
4879
4880
4881
4882
4883
4884
4885
4886
4887
4888
4889
4890
4891
4892
4893
4894
4895
4896
4897
4898
4899
4900
4901
4902
4903
4904
4905
4906
4907
4908
4909
4910
4911
4912
4913
4914
4915
4916
4917
4918
4919
4920
4921
4922
4923
4924
4925
4926
4927
4928
4929
4930
4931
4932
4933
4934
4935
4936
4937
4938
4939
4940
4941
4942
4943
4944
4945
4946
4947
4948
4949
4950
4951
4952
4953
4954
4955
4956
4957
4958
4959
4960
4961
4962
4963
4964
4965
4966
4967
4968
4969
4970
4971
4972
4973
4974
4975
4976
4977
4978
4979
4980
4981
4982
4983
4984
4985
4986
4987
4988
4989
4990
4991
4992
4993
4994
4995
4996
4997
4998
4999
5000
5001
5002
5003
5004
5005
5006
5007
5008
5009
5010
5011
5012
5013
5014
5015
5016
5017
5018
5019
5020
5021
5022
5023
5024
5025
5026
5027
5028
5029
5030
5031
5032
5033
5034
5035
5036
5037
5038
5039
5040
5041
5042
5043
5044
5045
5046
5047
5048
5049
5050
5051
5052
5053
5054
5055
5056
5057
5058
5059
5060
5061
5062
5063
5064
5065
5066
5067
5068
5069
5070
5071
5072
5073
5074
5075
5076
5077
5078
5079
5080
5081
5082
5083
5084
5085
5086
5087
5088
5089
5090
5091
5092
5093
5094
5095
5096
5097
5098
5099
5100
5101
5102
5103
5104
5105
5106
5107
5108
5109
5110
5111
5112
5113
5114
5115
5116
5117
5118
5119
5120
5121
5122
5123
5124
5125
5126
5127
5128
5129
5130
5131
5132
5133
5134
5135
5136
5137
5138
5139
5140
5141
5142
5143
5144
5145
5146
5147
5148
5149
5150
5151
5152
5153
5154
5155
5156
5157
5158
5159
5160
5161
5162
5163
5164
5165
5166
5167
5168
5169
5170
5171
5172
5173
5174
5175
5176
5177
5178
5179
5180
5181
5182
5183
5184
5185
5186
5187
5188
5189
5190
5191
5192
5193
5194
5195
5196
5197
5198
5199
5200
5201
5202
5203
5204
5205
5206
5207
5208
5209
5210
5211
5212
5213
5214
5215
5216
5217
5218
5219
5220
5221
5222
5223
5224
5225
5226
5227
5228
5229
5230
5231
5232
5233
5234
5235
5236
5237
5238
5239
5240
5241
5242
5243
5244
5245
5246
5247
5248
5249
5250
5251
5252
5253
5254
5255
5256
5257
5258
5259
5260
5261
5262
5263
5264
5265
5266
5267
5268
5269
5270
5271
5272
5273
5274
5275
5276
5277
5278
5279
5280
5281
5282
5283
5284
5285
5286
5287
5288
5289
5290
5291
5292
5293
5294
5295
5296
5297
5298
5299
5300
5301
5302
5303
5304
5305
5306
5307
5308
5309
5310
5311
5312
5313
5314
5315
5316
5317
5318
5319
5320
5321
5322
5323
5324
5325
5326
5327
5328
5329
5330
5331
5332
5333
5334
5335
5336
5337
5338
5339
5340
5341
5342
5343
5344
5345
5346
5347
5348
5349
5350
5351
5352
5353
5354
5355
5356
5357
5358
5359
5360
5361
5362
5363
5364
5365
5366
5367
5368
5369
5370
5371
5372
5373
5374
5375
5376
5377
5378
5379
5380
5381
5382
5383
5384
5385
5386
5387
5388
5389
5390
5391
5392
5393
5394
5395
5396
5397
5398
5399
5400
5401
5402
5403
5404
5405
5406
5407
5408
5409
5410
5411
5412
5413
5414
5415
5416
5417
5418
5419
5420
5421
5422
5423
5424
5425
5426
5427
5428
5429
5430
5431
5432
5433
5434
5435
5436
5437
5438
5439
5440
5441
5442
5443
5444
5445
5446
5447
5448
5449
5450
5451
5452
5453
5454
5455
5456
5457
5458
5459
5460
5461
5462
5463
5464
5465
5466
5467
5468
5469
5470
5471
5472
5473
5474
5475
5476
5477
5478
5479
5480
5481
5482
5483
5484
5485
5486
5487
5488
5489
5490
5491
5492
5493
5494
5495
5496
5497
5498
5499
5500
5501
5502
5503
5504
5505
5506
5507
5508
5509
5510
5511
5512
5513
5514
5515
5516
5517
5518
5519
5520
5521
5522
5523
5524
5525
5526
5527
5528
5529
5530
5531
5532
5533
5534
5535
5536
5537
5538
5539
5540
5541
5542
5543
5544
5545
5546
5547
5548
5549
5550
5551
5552
5553
5554
5555
5556
5557
5558
5559
5560
5561
5562
5563
5564
5565
5566
5567
5568
5569
5570
5571
5572
5573
5574
5575
5576
5577
5578
5579
5580
5581
5582
5583
5584
5585
5586
5587
5588
5589
5590
5591
5592
5593
5594
5595
5596
5597
5598
5599
5600
5601
5602
5603
5604
5605
5606
5607
5608
5609
5610
5611
5612
5613
5614
5615
5616
5617
5618
5619
5620
5621
5622
5623
5624
5625
5626
5627
5628
5629
5630
5631
5632
5633
5634
5635
5636
5637
5638
5639
5640
5641
5642
5643
5644
5645
5646
5647
5648
5649
5650
5651
5652
5653
5654
5655
5656
5657
5658
5659
5660
5661
5662
5663
5664
5665
5666
5667
5668
5669
5670
5671
5672
5673
5674
5675
5676
5677
5678
5679
5680
5681
5682
5683
5684
5685
5686
5687
5688
5689
5690
5691
5692
5693
5694
5695
5696
5697
5698
5699
5700
5701
5702
5703
5704
5705
5706
5707
5708
5709
5710
5711
5712
5713
5714
5715
5716
5717
5718
5719
5720
5721
5722
5723
5724
5725
5726
5727
5728
5729
5730
5731
5732
5733
5734
5735
5736
5737
5738
5739
5740
5741
5742
5743
5744
5745
5746
5747
5748
5749
5750
5751
5752
5753
5754
5755
5756
5757
5758
5759
5760
5761
5762
5763
5764
5765
5766
5767
5768
5769
5770
5771
5772
5773
5774
5775
5776
5777
5778
5779
5780
5781
5782
5783
5784
5785
5786
5787
5788
5789
5790
5791
5792
5793
5794
5795
5796
5797
5798
5799
5800
5801
5802
5803
5804
5805
5806
5807
5808
5809
5810
5811
5812
5813
5814
5815
5816
5817
5818
5819
5820
5821
5822
5823
5824
5825
5826
5827
5828
5829
5830
5831
5832
5833
5834
5835
5836
5837
5838
5839
5840
5841
5842
5843
5844
5845
5846
5847
5848
5849
5850
5851
5852
5853
5854
5855
5856
5857
5858
5859
5860
5861
5862
5863
5864
5865
5866
5867
5868
5869
5870
5871
5872
5873
5874
5875
5876
5877
5878
5879
5880
5881
5882
5883
5884
5885
5886
5887
5888
5889
5890
5891
5892
5893
5894
5895
5896
5897
5898
5899
5900
5901
5902
5903
5904
5905
5906
5907
5908
5909
5910
5911
5912
5913
5914
5915
5916
5917
5918
5919
5920
5921
5922
5923
5924
5925
5926
5927
5928
5929
5930
5931
5932
5933
5934
5935
5936
5937
5938
5939
5940
5941
5942
5943
5944
5945
5946
5947
5948
5949
5950
5951
5952
5953
5954
5955
5956
5957
5958
5959
5960
5961
5962
5963
5964
5965
5966
5967
5968
5969
5970
5971
5972
5973
5974
5975
5976
5977
5978
5979
5980
5981
5982
5983
5984
5985
5986
5987
5988
5989
5990
5991
5992
5993
5994
5995
5996
5997
5998
5999
6000
6001
6002
6003
6004
6005
6006
6007
6008
6009
6010
6011
6012
6013
6014
6015
6016
6017
6018
6019
6020
6021
6022
6023
6024
6025
6026
6027
6028
6029
6030
6031
6032
6033
6034
6035
6036
6037
6038
6039
6040
6041
6042
6043
6044
6045
6046
6047
6048
6049
6050
6051
6052
6053
6054
6055
6056
6057
6058
6059
6060
6061
6062
6063
6064
6065
6066
6067
6068
6069
6070
6071
6072
6073
6074
6075
6076
6077
6078
6079
6080
6081
6082
6083
6084
6085
6086
6087
6088
6089
6090
6091
6092
6093
6094
6095
6096
6097
6098
6099
6100
6101
6102
6103
6104
6105
6106
6107
6108
6109
6110
6111
6112
6113
6114
6115
6116
6117
6118
6119
6120
6121
6122
6123
6124
6125
6126
6127
6128
6129
6130
6131
6132
6133
6134
6135
6136
6137
6138
6139
6140
6141
6142
6143
6144
6145
6146
6147
6148
6149
6150
6151
6152
6153
6154
6155
6156
6157
6158
6159
6160
6161
6162
6163
6164
6165
6166
6167
6168
6169
6170
6171
6172
6173
6174
6175
6176
6177
6178
6179
6180
6181
6182
6183
6184
6185
6186
6187
6188
6189
6190
6191
6192
6193
6194
6195
6196
6197
6198
6199
6200
6201
6202
6203
6204
6205
6206
6207
6208
6209
6210
6211
6212
6213
6214
6215
6216
6217
6218
6219
6220
6221
6222
6223
6224
6225
6226
6227
6228
6229
6230
6231
6232
6233
6234
6235
6236
6237
6238
6239
6240
6241
6242
6243
6244
6245
6246
6247
6248
6249
6250
6251
6252
6253
6254
6255
6256
6257
6258
6259
6260
6261
6262
6263
6264
6265
6266
6267
6268
6269
6270
6271
6272
6273
6274
6275
6276
6277
6278
6279
6280
6281
6282
6283
6284
6285
6286
6287
6288
6289
6290
6291
6292
6293
6294
6295
6296
6297
6298
6299
6300
6301
6302
6303
6304
6305
6306
6307
6308
6309
6310
6311
6312
6313
6314
6315
6316
6317
6318
6319
6320
6321
6322
6323
6324
6325
6326
6327
6328
6329
6330
6331
6332
6333
6334
6335
6336
6337
6338
6339
6340
6341
6342
6343
6344
6345
6346
6347
6348
6349
6350
6351
6352
6353
6354
6355
6356
6357
6358
6359
6360
6361
6362
6363
6364
6365
6366
6367
6368
6369
6370
6371
6372
6373
6374
6375
6376
6377
6378
6379
6380
6381
6382
6383
6384
6385
6386
6387
6388
6389
6390
6391
6392
6393
6394
6395
6396
6397
6398
6399
6400
6401
6402
6403
6404
6405
6406
6407
6408
6409
6410
6411
6412
6413
6414
6415
6416
6417
6418
6419
6420
6421
6422
6423
6424
6425
6426
6427
6428
6429
6430
6431
6432
6433
6434
6435
6436
6437
6438
6439
6440
6441
6442
6443
6444
6445
6446
6447
6448
6449
6450
6451
6452
6453
6454
6455
6456
6457
6458
6459
6460
6461
6462
6463
6464
6465
6466
6467
6468
6469
6470
6471
6472
6473
6474
6475
6476
6477
6478
6479
6480
6481
6482
6483
6484
6485
6486
6487
6488
6489
6490
6491
6492
6493
6494
6495
6496
6497
6498
6499
6500
6501
6502
6503
6504
6505
6506
6507
6508
6509
6510
6511
6512
6513
6514
6515
6516
6517
6518
6519
6520
6521
6522
6523
6524
6525
6526
6527
6528
6529
6530
6531
6532
6533
6534
6535
6536
6537
6538
6539
6540
6541
6542
6543
6544
6545
6546
6547
6548
6549
6550
6551
6552
6553
6554
6555
6556
6557
6558
6559
6560
6561
6562
6563
6564
6565
6566
6567
6568
6569
6570
6571
6572
6573
6574
6575
6576
6577
6578
6579
6580
6581
6582
6583
6584
6585
6586
6587
6588
6589
6590
6591
6592
6593
6594
6595
6596
6597
6598
6599
6600
6601
6602
6603
6604
6605
6606
6607
6608
6609
6610
6611
6612
6613
6614
6615
6616
6617
6618
6619
6620
6621
6622
6623
6624
6625
6626
6627
6628
6629
6630
6631
6632
6633
6634
6635
6636
6637
6638
6639
6640
6641
6642
6643
6644
6645
6646
6647
6648
6649
6650
6651
6652
6653
6654
6655
6656
6657
6658
6659
6660
6661
6662
6663
6664
6665
6666
6667
6668
6669
6670
6671
6672
6673
6674
6675
6676
6677
6678
6679
6680
6681
6682
6683
6684
6685
6686
6687
6688
6689
6690
6691
6692
6693
6694
6695
6696
6697
6698
6699
6700
6701
6702
6703
6704
6705
6706
6707
6708
6709
6710
6711
6712
6713
6714
6715
6716
6717
6718
6719
6720
6721
6722
6723
6724
6725
6726
6727
6728
6729
6730
6731
6732
6733
6734
6735
6736
6737
6738
6739
6740
6741
6742
6743
6744
6745
6746
6747
6748
6749
6750
6751
6752
6753
6754
6755
6756
6757
6758
6759
6760
6761
6762
6763
6764
6765
6766
6767
6768
6769
6770
6771
6772
6773
6774
6775
6776
6777
6778
6779
6780
6781
6782
6783
6784
6785
6786
6787
6788
6789
6790
6791
6792
6793
6794
6795
6796
6797
6798
6799
6800
6801
6802
6803
6804
6805
6806
6807
6808
6809
6810
6811
6812
6813
6814
6815
6816
6817
6818
6819
6820
6821
6822
6823
6824
6825
6826
6827
6828
6829
6830
6831
6832
6833
6834
6835
6836
6837
6838
6839
6840
6841
6842
6843
6844
6845
6846
6847
6848
6849
6850
6851
6852
6853
6854
6855
6856
6857
6858
6859
6860
6861
6862
6863
6864
6865
6866
6867
6868
6869
6870
6871
6872
6873
6874
6875
6876
6877
6878
6879
6880
6881
6882
6883
6884
6885
6886
6887
6888
6889
6890
6891
6892
6893
6894
6895
6896
6897
6898
6899
6900
6901
6902
6903
6904
6905
6906
6907
6908
6909
6910
6911
6912
6913
6914
6915
6916
6917
6918
6919
6920
6921
6922
6923
6924
6925
6926
6927
6928
6929
6930
6931
6932
6933
6934
6935
6936
6937
6938
6939
6940
6941
6942
6943
6944
6945
6946
6947
6948
6949
6950
6951
6952
6953
6954
6955
6956
6957
6958
6959
6960
6961
6962
6963
6964
6965
6966
6967
6968
6969
6970
6971
6972
6973
6974
6975
6976
6977
6978
6979
6980
6981
6982
6983
6984
6985
6986
6987
6988
6989
6990
6991
6992
6993
6994
6995
6996
6997
6998
6999
7000
7001
7002
7003
7004
7005
7006
7007
7008
7009
7010
7011
7012
7013
7014
7015
7016
7017
7018
7019
7020
7021
7022
7023
7024
7025
7026
7027
7028
7029
7030
7031
7032
7033
7034
7035
7036
7037
7038
7039
7040
7041
7042
7043
7044
7045
7046
7047
7048
7049
7050
7051
7052
7053
7054
7055
7056
7057
7058
7059
7060
7061
7062
7063
7064
7065
7066
7067
7068
7069
7070
7071
7072
7073
7074
7075
7076
7077
7078
7079
7080
7081
7082
7083
7084
7085
7086
7087
7088
7089
7090
7091
7092
7093
7094
7095
7096
7097
7098
7099
7100
7101
7102
7103
7104
7105
7106
7107
7108
7109
7110
7111
7112
7113
7114
7115
7116
7117
7118
7119
7120
7121
7122
7123
7124
7125
7126
7127
7128
7129
7130
7131
7132
7133
7134
7135
7136
7137
7138
7139
7140
7141
7142
7143
7144
7145
7146
7147
7148
7149
7150
7151
7152
7153
7154
7155
7156
7157
7158
7159
7160
7161
7162
7163
7164
7165
7166
7167
7168
7169
7170
7171
7172
7173
7174
7175
7176
7177
7178
7179
7180
7181
7182
7183
7184
7185
7186
7187
7188
7189
7190
7191
7192
7193
7194
7195
7196
7197
7198
7199
7200
7201
7202
7203
7204
7205
7206
7207
7208
7209
7210
7211
7212
7213
7214
7215
7216
7217
7218
7219
7220
7221
7222
7223
7224
7225
7226
7227
7228
7229
7230
7231
7232
7233
7234
7235
7236
7237
7238
7239
7240
7241
7242
7243
7244
7245
7246
7247
7248
7249
7250
7251
7252
7253
7254
7255
7256
7257
7258
7259
7260
7261
7262
7263
7264
7265
7266
7267
7268
7269
7270
7271
7272
7273
7274
7275
7276
7277
7278
7279
7280
7281
7282
7283
7284
7285
7286
7287
7288
7289
7290
7291
7292
7293
7294
7295
7296
7297
7298
7299
7300
7301
7302
7303
7304
7305
7306
7307
7308
7309
7310
7311
7312
7313
7314
7315
7316
7317
7318
7319
7320
7321
7322
7323
7324
7325
7326
7327
7328
7329
7330
7331
7332
7333
7334
7335
7336
7337
7338
7339
7340
7341
7342
7343
7344
7345
7346
7347
7348
7349
7350
7351
7352
7353
7354
7355
7356
7357
7358
7359
7360
7361
7362
7363
7364
7365
7366
7367
7368
7369
7370
7371
7372
7373
7374
7375
7376
7377
7378
7379
7380
7381
7382
7383
7384
7385
7386
7387
7388
7389
7390
7391
7392
7393
7394
7395
7396
7397
7398
7399
7400
7401
7402
7403
7404
7405
7406
7407
7408
7409
7410
7411
7412
7413
7414
7415
7416
7417
7418
7419
7420
7421
7422
7423
7424
7425
7426
7427
7428
7429
7430
7431
7432
7433
7434
7435
7436
7437
7438
7439
7440
7441
7442
7443
7444
7445
7446
7447
7448
7449
7450
7451
7452
7453
7454
7455
7456
7457
7458
7459
7460
7461
7462
7463
7464
7465
7466
7467
7468
7469
7470
7471
7472
7473
7474
7475
7476
7477
7478
7479
7480
7481
7482
7483
7484
7485
7486
7487
7488
7489
7490
7491
7492
7493
7494
7495
7496
7497
7498
7499
7500
7501
7502
7503
7504
7505
7506
7507
7508
7509
7510
7511
7512
7513
7514
7515
7516
7517
7518
7519
7520
7521
7522
7523
7524
7525
7526
7527
7528
7529
7530
7531
7532
7533
7534
7535
7536
7537
7538
7539
7540
7541
7542
7543
7544
7545
7546
7547
7548
7549
7550
7551
7552
7553
7554
7555
7556
7557
7558
7559
7560
7561
7562
7563
7564
7565
7566
7567
7568
7569
7570
7571
7572
7573
7574
7575
7576
7577
7578
7579
7580
7581
7582
7583
7584
7585
7586
7587
7588
7589
7590
7591
7592
7593
7594
7595
7596
7597
7598
7599
7600
7601
7602
7603
7604
7605
7606
7607
7608
7609
7610
7611
7612
7613
7614
7615
7616
7617
7618
7619
7620
7621
7622
7623
7624
7625
7626
7627
7628
7629
7630
7631
7632
7633
7634
7635
7636
7637
7638
7639
7640
7641
7642
7643
7644
7645
7646
7647
7648
7649
7650
7651
7652
7653
7654
7655
7656
7657
7658
7659
7660
7661
7662
7663
7664
7665
7666
7667
7668
7669
7670
7671
7672
7673
7674
7675
7676
7677
7678
7679
7680
7681
7682
7683
7684
7685
7686
7687
7688
7689
7690
7691
7692
7693
7694
7695
7696
7697
7698
7699
7700
7701
7702
7703
7704
7705
7706
7707
7708
7709
7710
7711
7712
7713
7714
7715
7716
7717
7718
7719
7720
7721
7722
7723
7724
7725
7726
7727
7728
7729
7730
7731
7732
7733
7734
7735
7736
7737
7738
7739
7740
7741
7742
7743
7744
7745
7746
7747
7748
7749
7750
7751
7752
7753
7754
7755
7756
7757
7758
7759
7760
7761
7762
7763
7764
7765
7766
7767
7768
7769
7770
7771
7772
7773
7774
7775
7776
7777
7778
7779
7780
7781
7782
7783
7784
7785
7786
7787
7788
7789
7790
7791
7792
7793
7794
7795
7796
7797
7798
7799
7800
7801
7802
7803
7804
7805
7806
7807
7808
7809
7810
7811
7812
7813
7814
7815
7816
7817
7818
7819
7820
7821
7822
7823
7824
7825
7826
7827
7828
7829
7830
7831
7832
7833
7834
7835
7836
7837
7838
7839
7840
7841
7842
7843
7844
7845
7846
7847
7848
7849
7850
7851
7852
7853
7854
7855
7856
7857
7858
7859
7860
7861
7862
7863
7864
7865
7866
7867
7868
7869
7870
7871
7872
7873
7874
7875
7876
7877
7878
7879
7880
7881
7882
7883
7884
7885
7886
7887
7888
7889
7890
7891
7892
7893
7894
7895
7896
7897
7898
7899
7900
7901
7902
7903
7904
7905
7906
7907
7908
7909
7910
7911
7912
7913
7914
7915
7916
7917
7918
7919
7920
7921
7922
7923
7924
7925
7926
7927
7928
7929
7930
7931
7932
7933
7934
7935
7936
7937
7938
7939
7940
7941
7942
7943
7944
7945
7946
7947
7948
7949
7950
7951
7952
7953
7954
7955
7956
7957
7958
7959
7960
7961
7962
7963
7964
7965
7966
7967
7968
7969
7970
7971
7972
7973
7974
7975
7976
7977
7978
7979
7980
7981
7982
7983
7984
7985
7986
7987
7988
7989
7990
7991
7992
7993
7994
7995
7996
7997
7998
7999
8000
8001
8002
8003
8004
8005
8006
8007
8008
8009
8010
8011
8012
8013
8014
8015
8016
8017
8018
8019
8020
8021
8022
8023
8024
8025
8026
8027
8028
8029
8030
8031
8032
8033
8034
8035
8036
8037
8038
8039
8040
8041
8042
8043
8044
8045
8046
8047
8048
8049
8050
8051
8052
8053
8054
8055
8056
8057
8058
8059
8060
8061
8062
8063
8064
8065
8066
8067
8068
8069
8070
8071
8072
8073
8074
8075
8076
8077
8078
8079
8080
8081
8082
8083
8084
8085
8086
8087
8088
8089
8090
8091
8092
8093
8094
8095
8096
8097
8098
8099
8100
8101
8102
8103
8104
8105
8106
8107
8108
8109
8110
8111
8112
8113
8114
8115
8116
8117
8118
8119
8120
8121
8122
8123
8124
8125
8126
8127
8128
8129
8130
8131
8132
8133
8134
8135
8136
8137
8138
8139
8140
8141
8142
8143
8144
8145
8146
8147
8148
8149
8150
8151
8152
8153
8154
8155
8156
8157
8158
8159
8160
8161
8162
8163
8164
8165
8166
8167
8168
8169
8170
8171
8172
8173
8174
8175
8176
8177
8178
8179
8180
8181
8182
8183
8184
8185
8186
8187
8188
8189
8190
8191
8192
8193
8194
8195
8196
8197
8198
8199
8200
8201
8202
8203
8204
8205
8206
8207
8208
8209
8210
8211
8212
8213
8214
8215
8216
8217
8218
8219
8220
8221
8222
8223
8224
8225
8226
8227
8228
8229
8230
8231
8232
8233
8234
8235
8236
8237
8238
8239
8240
8241
8242
8243
8244
8245
8246
8247
8248
8249
8250
8251
8252
8253
8254
8255
8256
8257
8258
8259
8260
8261
8262
8263
8264
8265
8266
8267
8268
8269
8270
8271
8272
8273
8274
8275
8276
8277
8278
8279
8280
8281
8282
8283
8284
8285
8286
8287
8288
8289
8290
8291
8292
8293
8294
8295
8296
8297
8298
8299
8300
8301
8302
8303
8304
8305
8306
8307
8308
8309
8310
8311
8312
8313
8314
8315
8316
8317
8318
8319
8320
8321
8322
8323
8324
8325
8326
8327
8328
8329
8330
8331
8332
8333
8334
8335
8336
8337
8338
8339
8340
8341
8342
8343
8344
8345
8346
8347
8348
8349
8350
8351
8352
8353
8354
8355
8356
8357
8358
8359
8360
8361
8362
8363
8364
8365
8366
8367
8368
8369
8370
8371
8372
8373
8374
8375
8376
8377
8378
8379
8380
8381
8382
8383
8384
8385
8386
8387
8388
8389
8390
8391
8392
8393
8394
8395
8396
8397
8398
8399
8400
8401
8402
8403
8404
8405
8406
8407
8408
8409
8410
8411
8412
8413
8414
8415
8416
8417
8418
8419
8420
8421
8422
8423
8424
8425
8426
8427
8428
8429
8430
8431
8432
8433
8434
8435
8436
8437
8438
8439
8440
8441
8442
8443
8444
8445
8446
8447
8448
8449
8450
8451
8452
8453
8454
8455
8456
8457
8458
8459
8460
8461
8462
8463
8464
8465
8466
8467
8468
8469
8470
8471
8472
8473
8474
8475
8476
8477
8478
8479
8480
8481
8482
8483
8484
8485
8486
8487
8488
8489
8490
8491
8492
8493
8494
8495
8496
8497
8498
8499
8500
8501
8502
8503
8504
8505
8506
8507
8508
8509
8510
8511
8512
8513
8514
8515
8516
8517
8518
8519
8520
8521
8522
8523
8524
8525
8526
8527
8528
8529
8530
8531
8532
8533
8534
8535
8536
8537
8538
8539
8540
8541
8542
8543
8544
8545
8546
8547
8548
8549
8550
8551
8552
8553
8554
8555
8556
8557
8558
8559
8560
8561
8562
8563
8564
8565
8566
8567
8568
8569
8570
8571
8572
8573
8574
8575
8576
8577
8578
8579
8580
8581
8582
8583
8584
8585
8586
8587
8588
8589
8590
8591
8592
8593
8594
8595
8596
8597
8598
8599
8600
8601
8602
8603
8604
8605
8606
8607
8608
8609
8610
8611
8612
8613
8614
8615
8616
8617
8618
8619
8620
8621
8622
8623
8624
8625
8626
8627
8628
8629
8630
8631
8632
8633
8634
8635
8636
8637
8638
8639
8640
8641
8642
8643
8644
8645
8646
8647
8648
8649
8650
8651
8652
8653
8654
8655
8656
8657
8658
8659
8660
8661
8662
8663
8664
8665
8666
8667
8668
8669
8670
8671
8672
8673
8674
8675
8676
8677
8678
8679
8680
8681
8682
8683
8684
8685
8686
8687
8688
8689
8690
8691
8692
8693
8694
8695
8696
8697
8698
8699
8700
8701
8702
8703
8704
8705
8706
8707
8708
8709
8710
8711
8712
8713
8714
8715
8716
8717
8718
8719
8720
8721
8722
8723
8724
8725
8726
8727
8728
8729
8730
8731
8732
8733
8734
8735
8736
8737
8738
8739
8740
8741
8742
8743
8744
8745
8746
8747
8748
8749
8750
8751
8752
8753
8754
8755
8756
8757
8758
8759
8760
8761
8762
8763
8764
8765
8766
8767
8768
8769
8770
8771
8772
8773
8774
8775
8776
8777
8778
8779
8780
8781
8782
8783
8784
8785
8786
8787
8788
8789
8790
8791
8792
8793
8794
8795
8796
8797
8798
8799
8800
8801
8802
8803
8804
8805
8806
8807
8808
8809
8810
8811
8812
8813
8814
8815
8816
8817
8818
8819
8820
8821
8822
8823
8824
8825
8826
8827
8828
8829
8830
8831
8832
8833
8834
8835
8836
8837
8838
8839
8840
8841
8842
8843
8844
8845
8846
8847
8848
8849
8850
8851
8852
8853
8854
8855
8856
8857
8858
8859
8860
8861
8862
8863
8864
8865
8866
8867
8868
8869
8870
8871
8872
8873
8874
8875
8876
8877
8878
8879
8880
8881
8882
8883
8884
8885
8886
8887
8888
8889
8890
8891
8892
8893
8894
8895
8896
8897
8898
8899
8900
8901
8902
8903
8904
8905
8906
8907
8908
8909
8910
8911
8912
8913
8914
8915
8916
8917
8918
8919
8920
8921
8922
8923
8924
8925
8926
8927
8928
8929
8930
8931
8932
8933
8934
8935
8936
8937
8938
8939
8940
8941
8942
8943
8944
8945
8946
8947
8948
8949
8950
8951
8952
8953
8954
8955
8956
8957
8958
8959
8960
8961
8962
8963
8964
8965
8966
8967
8968
8969
8970
8971
8972
8973
8974
8975
8976
8977
8978
8979
8980
8981
8982
8983
8984
8985
8986
8987
8988
8989
8990
8991
8992
8993
8994
8995
8996
8997
8998
8999
9000
9001
9002
9003
9004
9005
9006
9007
9008
9009
9010
9011
9012
9013
9014
9015
9016
9017
9018
9019
9020
9021
9022
9023
9024
9025
9026
9027
9028
9029
9030
9031
9032
9033
9034
9035
9036
9037
9038
9039
9040
9041
9042
9043
9044
9045
9046
9047
9048
9049
9050
9051
9052
9053
9054
9055
9056
9057
9058
9059
9060
9061
9062
9063
9064
9065
9066
9067
9068
9069
9070
9071
9072
9073
9074
9075
9076
9077
9078
9079
9080
9081
9082
9083
9084
9085
9086
9087
9088
9089
9090
9091
9092
9093
9094
9095
9096
9097
9098
9099
9100
9101
9102
9103
9104
9105
9106
9107
9108
9109
9110
9111
9112
9113
9114
9115
9116
9117
9118
9119
9120
9121
9122
9123
9124
9125
9126
9127
9128
9129
9130
9131
9132
9133
9134
9135
9136
9137
9138
9139
9140
9141
9142
9143
9144
9145
9146
9147
9148
9149
9150
9151
9152
9153
9154
9155
9156
9157
9158
9159
9160
9161
9162
9163
9164
9165
9166
9167
9168
9169
9170
9171
9172
9173
9174
9175
9176
9177
9178
9179
9180
9181
9182
9183
9184
9185
9186
9187
9188
9189
9190
9191
9192
9193
9194
9195
9196
9197
9198
9199
9200
9201
9202
9203
9204
9205
9206
9207
9208
9209
9210
9211
9212
9213
9214
9215
9216
9217
9218
9219
9220
9221
9222
9223
9224
9225
9226
9227
9228
9229
9230
9231
9232
9233
9234
9235
9236
9237
9238
9239
9240
9241
9242
9243
9244
9245
9246
9247
9248
9249
9250
9251
9252
9253
9254
9255
9256
9257
9258
9259
9260
9261
9262
9263
9264
9265
9266
9267
9268
9269
9270
9271
9272
9273
9274
9275
9276
9277
9278
9279
9280
9281
9282
9283
9284
9285
9286
9287
9288
9289
9290
9291
9292
9293
9294
9295
9296
9297
9298
9299
9300
9301
9302
9303
9304
9305
9306
9307
9308
9309
9310
9311
9312
9313
9314
9315
9316
9317
9318
9319
9320
9321
9322
9323
9324
9325
9326
9327
9328
9329
9330
9331
9332
9333
9334
9335
9336
9337
9338
9339
9340
9341
9342
9343
9344
9345
9346
9347
9348
9349
9350
9351
9352
9353
9354
9355
9356
9357
9358
9359
9360
9361
9362
9363
9364
9365
9366
9367
9368
9369
9370
9371
9372
9373
9374
9375
9376
9377
9378
9379
9380
9381
9382
9383
9384
9385
9386
9387
9388
9389
9390
9391
9392
9393
9394
9395
9396
9397
9398
9399
9400
9401
9402
9403
9404
9405
9406
9407
9408
9409
9410
9411
9412
9413
9414
9415
9416
9417
9418
9419
9420
9421
9422
9423
9424
9425
9426
9427
9428
9429
9430
9431
9432
9433
9434
9435
9436
9437
9438
9439
9440
9441
9442
9443
9444
9445
9446
9447
9448
9449
9450
9451
9452
9453
9454
9455
9456
9457
9458
9459
9460
9461
9462
9463
9464
9465
9466
9467
9468
9469
9470
9471
9472
9473
9474
9475
9476
9477
9478
9479
9480
9481
9482
9483
9484
9485
9486
9487
9488
9489
9490
9491
9492
9493
9494
9495
9496
9497
9498
9499
9500
9501
9502
9503
9504
9505
9506
9507
9508
9509
9510
9511
9512
9513
9514
9515
9516
9517
9518
9519
9520
9521
9522
9523
9524
9525
9526
9527
9528
9529
9530
9531
9532
9533
9534
9535
9536
9537
9538
9539
9540
9541
9542
9543
9544
9545
9546
9547
9548
9549
9550
9551
9552
9553
9554
9555
9556
9557
9558
9559
9560
9561
9562
9563
9564
9565
9566
9567
9568
9569
9570
9571
9572
9573
9574
9575
9576
9577
9578
9579
9580
9581
9582
9583
9584
9585
9586
9587
9588
9589
9590
9591
9592
9593
9594
9595
9596
9597
9598
9599
9600
9601
9602
9603
9604
9605
9606
9607
9608
9609
9610
9611
9612
9613
9614
9615
9616
9617
9618
9619
9620
9621
9622
9623
9624
9625
9626
9627
9628
9629
9630
9631
9632
9633
9634
9635
9636
9637
9638
9639
9640
9641
9642
9643
9644
9645
9646
9647
9648
9649
9650
9651
9652
9653
9654
9655
9656
9657
9658
9659
9660
9661
9662
9663
9664
9665
9666
9667
9668
9669
9670
9671
9672
9673
9674
9675
9676
9677
9678
9679
9680
9681
9682
9683
9684
9685
9686
9687
9688
9689
9690
9691
9692
9693
9694
9695
9696
9697
9698
9699
9700
9701
9702
9703
9704
9705
9706
9707
9708
9709
9710
9711
9712
9713
9714
9715
9716
9717
9718
9719
9720
9721
9722
9723
9724
9725
9726
9727
9728
9729
9730
9731
9732
9733
9734
9735
9736
9737
9738
9739
9740
9741
9742
9743
9744
9745
9746
9747
9748
9749
9750
9751
9752
9753
9754
9755
9756
9757
9758
9759
9760
9761
9762
9763
9764
9765
9766
9767
9768
9769
9770
9771
9772
9773
9774
9775
9776
9777
9778
9779
9780
9781
9782
9783
9784
9785
9786
9787
9788
9789
9790
9791
9792
9793
9794
9795
9796
9797
9798
9799
9800
9801
9802
9803
9804
9805
9806
9807
9808
9809
9810
9811
9812
9813
9814
9815
9816
9817
9818
9819
9820
9821
9822
9823
9824
9825
9826
9827
9828
9829
9830
9831
9832
9833
9834
9835
9836
9837
9838
9839
9840
9841
9842
9843
9844
9845
9846
9847
9848
9849
9850
9851
9852
9853
9854
9855
9856
9857
9858
9859
9860
9861
9862
9863
9864
9865
9866
9867
9868
9869
9870
9871
9872
9873
9874
9875
9876
9877
9878
9879
9880
9881
9882
9883
9884
9885
9886
9887
9888
9889
9890
9891
9892
9893
9894
9895
9896
9897
9898
9899
9900
9901
9902
9903
9904
9905
9906
9907
9908
9909
9910
9911
9912
9913
9914
9915
9916
9917
9918
9919
9920
9921
9922
9923
9924
9925
9926
9927
9928
9929
9930
9931
9932
9933
9934
9935
9936
9937
9938
9939
9940
9941
9942
9943
9944
9945
9946
9947
9948
9949
9950
9951
9952
9953
9954
9955
9956
9957
9958
9959
9960
9961
9962
9963
9964
9965
9966
9967
9968
9969
9970
9971
9972
9973
9974
9975
9976
9977
9978
9979
9980
9981
9982
9983
9984
9985
9986
9987
9988
9989
9990
9991
9992
9993
9994
9995
9996
9997
9998
9999
10000
10001
10002
10003
10004
10005
10006
10007
10008
10009
10010
10011
10012
10013
10014
10015
10016
10017
10018
10019
10020
10021
10022
10023
10024
10025
10026
10027
10028
10029
10030
10031
10032
10033
10034
10035
10036
10037
10038
10039
10040
10041
10042
10043
10044
10045
10046
10047
10048
10049
10050
10051
10052
10053
10054
10055
10056
10057
10058
10059
10060
10061
10062
10063
10064
10065
10066
10067
10068
10069
10070
10071
10072
10073
10074
10075
10076
10077
10078
10079
10080
10081
10082
10083
10084
10085
10086
10087
10088
10089
10090
10091
10092
10093
10094
10095
10096
10097
10098
10099
10100
10101
10102
10103
10104
10105
10106
10107
10108
10109
10110
10111
10112
10113
10114
10115
10116
10117
10118
10119
10120
10121
10122
10123
10124
10125
10126
10127
10128
10129
10130
10131
10132
10133
10134
10135
10136
10137
10138
10139
10140
10141
10142
10143
10144
10145
10146
10147
10148
10149
10150
10151
10152
10153
10154
10155
10156
10157
10158
10159
10160
10161
10162
10163
10164
10165
10166
10167
10168
10169
10170
10171
10172
10173
10174
10175
10176
10177
10178
10179
10180
10181
10182
10183
10184
10185
10186
10187
10188
10189
10190
10191
10192
10193
10194
10195
10196
10197
10198
10199
10200
10201
0.01 0.01 0
0.02 0.01 0
0.03 0.01 0
0.04 0.01 0
0.05 0.01 0
0.06 0.01 0
0.07 0.01 0
0.08 0.01 0
0.09 0.01 0
0.1 0.01 0
0.11 0.01 0
0.12 0.01 0
0.13 0.01 0
0.14 0.01 0
0.15 0.01 0
0.16 0.01 0
0.17 0.01 0
0.18 0.01 0
0.19 0.01 0
0.2 0.01 0
0.21 0.01 0
0.22 0.01 0
0.23 0.01 0
0.24 0.01 0
0.25 0.01 0
0.26 0.01 0
0.27 0.01 0
0.28 0.01 0
0.29 0.01 0
0.3 0.01 0
0.31 0.01 0
0.32 0.01 0
0.33 0.01 0
0.34 0.01 0
0.35 0.01 0
0.36 0.01 0
0.37 0.01 0
0.38 0.01 0
0.39 0.01 0
0.4 0.01 0
0.41 0.01 0
0.42 0.01 0
0.43 0.01 0
0.44 0.01 0
0.45 0.01 0
0.46 0.01 0
0.47 0.01 0
0.48 0.01 0
0.49 0.01 0
0.5 0.01 0
0.51 0.01 0
0.52 0.01 0
0.53 0.01 0
0.54 0.01 0
0.55 0.01 0
0.56 0.01 0
0.57 0.01 0
0.58 0.01 0
0.59 0.01 0
0.6 0.01 0
0.61 0.01 0
0.62 0.01 0
0.63 0.01 0
0.64 0.01 0
0.65 0.01 0
0.66 0.01 0
0.67 0.01 0
0.68 0.01 0
0.69 0.01 0
0.7 0.01 0
0.71 0.01 0
0.72 0.01 0
0.73 0.01 0
0.74 0.01 0
0.75 0.01 0
0.76 0.01 0
0.77 0.01 0
0.78 0.01 0
0.79 0.01 0
0.8 0.01 0
0.81 0.01 0
0.82 0.01 0
0.83 0.01 0
0.84 0.01 0
0.85 0.01 0
0.86 0.01 0
0.87 0.01 0
0.88 0.01 0
0.89 0.01 0
0.9 0.01 0
0.91 0.01 0
0.92 0.01 0
0.93 0.01 0
0.94 0.01 0
0.95 0.01 0
0.96 0.01 0
0.97 0.01 0
0.98 0.01 0
0.99 0.01 0
0.01 0.02 0
0.02 0.02 0
0.03 0.02 0
0.04 0.02 0
0.05 0.02 0
0.06 0.02 0
0.07 0.02 0
0.08 0.02 0
0.09 0.02 0
0.1 0.02 0
0.11 0.02 0
0.12 0.02 0
0.13 0.02 0
0.14 0.02 0
0.15 0.02 0
0.16 0.02 0
0.17 0.02 0
0.18 0.02 0
0.19 0.02 0
0.2 0.02 0
0.21 0.02 0
0.22 0.02 0
0.23 0.02 0
0.24 0.02 0
0.25 0.02 0
0.26 0.02 0
0.27 0.02 0
0.28 0.02 0
0.29 0.02 0
0.3 0.02 0
0.31 0.02 0
0.32 0.02 0
0.33 0.02 0
0.34 0.02 0
0.35 0.02 0
0.36 0.02 0
0.37 0.02 0
0.38 0.02 0
0.39 0.02 0
0.4 0.02 0
0.41 0.02 0
0.42 0.02 0
0.43 0.02 0
0.44 0.02 0
0.45 0.02 0
0.46 0.02 0
0.47 0.02 0
0.48 0.02 0
0.49 0.02 0
0.5 0.02 0
0.51 0.02 0
0.52 0.02 0
0.53 0.02 0
0.54 0.02 0
0.55 0.02 0
0.56 0.02 0
0.57 0.02 0
0.58 0.02 0
0.59 0.02 0
0.6 0.02 0
0.61 0.02 0
0.62 0.02 0
0.63 0.02 0
0.64 0.02 0
0.65 0.02 0
0.66 0.02 0
0.67 0.02 0
0.68 0.02 0
0.69 0.02 0
0.7 0.02 0
0.71 0.02 0
0.72 0.02 0
0.73 0.02 0
0.74 0.02 0
0.75 0.02 0
0.76 0.02 0
0.77 0.02 0
0.78 0.02 0
0.79 0.02 0
0.8 0.02 0
0.81 0.02 0
0.82 0.02 0
0.83 0.02 0
0.84 0.02 0
0.85 0.02 0
0.86 0.02 0
0.87 0.02 0
0.88 0.02 0
0.89 0.02 0
0.9 0.02 0
0.91 0.02 0
0.92 0.02 0
0.93 0.02 0
0.94 0.02 0
0.95 0.02 0
0.96 0.02 0
0.97 0.02 0
0.98 0.02 0
0.99 0.02 0
0.01 0.03 0
0.02 0.03 0
0.03 0.03 0
0.04 0.03 0
0.05 0.03 0
0.06 0.03 0
0.07 0.03 0
0.08 0.03 0
0.09 0.03 0
0.1 0.03 0
0.11 0.03 0
0.12 0.03 0
0.13 0.03 0
0.14 0.03 0
0.15 0.03 0
0.16 0.03 0
0.17 0.03 0
0.18 0.03 0
0.19 0.03 0
0.2 0.03 0
0.21 0.03 0
0.22 0.03 0
0.23 0.03 0
0.24 0.03 0
0.25 0.03 0
0.26 0.03 0
0.27 0.03 0
0.28 0.03 0
0.29 0.03 0
0.3 0.03 0
0.31 0.03 0
0.32 0.03 0
0.33 0.03 0
0.34 0.03 0
0.35 0.03 0
0.36 0.03 0
0.37 0.03 0
0.38 0.03 0
0.39 0.03 0
0.4 0.03 0
0.41 0.03 0
0.42 0.03 0
0.43 0.03 0
0.44 0.03 0
0.45 0.03 0
0.46 0.03 0
0.47 0.03 0
0.48 0.03 0
0.49 0.03 0
0.5 0.03 0
0.51 0.03 0
0.52 0.03 0
0.53 0.03 0
0.54 0.03 0
0.55 0.03 0
0.56 0.03 0
0.57 0.03 0
0.58 0.03 0
0.59 0.03 0
0.6 0.03 0
0.61 0.03 0
0.62 0.03 0
0.63 0.03 0
0.64 0.03 0
0.65 0.03 0
0.66 0.03 0
0.67 0.03 0
0.68 0.03 0
0.69 0.03 0
0.7 0.03 0
0.71 0.03 0
0.72 0.03 0
0.73 0.03 0
0.74 0.03 0
0.75 0.03 0
0.76 0.03 0
0.77 0.03 0
0.78 0.03 0
0.79 0.03 0
0.8 0.03 0
0.81 0.03 0
0.82 0.03 0
0.83 0.03 0
0.84 0.03 0
0.85 0.03 0
0.86 0.03 0
0.87 0.03 0
0.88 0.03 0
0.89 0.03 0
0.9 0.03 0
0.91 0.03 0
0.92 0.03 0
0.93 0.03 0
0.94 0.03 0
0.95 0.03 0
0.96 0.03 0
0.97 0.03 0
0.98 0.03 0
0.99 0.03 0
0.01 0.04 0
0.02 0.04 0
0.03 0.04 0
0.04 0.04 0
0.05 0.04 0
0.06 0.04 0
0.07 0.04 0
0.08 0.04 0
0.09 0.04 0
0.1 0.04 0
0.11 0.04 0
0.12 0.04 0
0.13 0.04 0
0.14 0.04 0
0.15 0.04 0
0.16 0.04 0
0.17 0.04 0
0.18 0.04 0
0.19 0.04 0
0.2 0.04 0
0.21 0.04 0
0.22 0.04 0
0.23 0.04 0
0.24 0.04 0
0.25 0.04 0
0.26 0.04 0
0.27 0.04 0
0.28 0.04 0
0.29 0.04 0
0.3 0.04 0
0.31 0.04 0
0.32 0.04 0
0.33 0.04 0
0.34 0.04 0
0.35 0.04 0
0.36 0.04 0
0.37 0.04 0
0.38 0.04 0
0.39 0.04 0
0.4 0.04 0
0.41 0.04 0
0.42 0.04 0
0.43 0.04 0
0.44 0.04 0
0.45 0.04 0
0.46 0.04 0
0.47 0.04 0
0.48 0.04 0
0.49 0.04 0
0.5 0.04 0
0.51 0.04 0
0.52 0.04 0
0.53 0.04 0
0.54 0.04 0
0.55 0.04 0
0.56 0.04 0
0.57 0.04 0
0.58 0.04 0
0.59 0.04 0
0.6 0.04 0
0.61 0.04 0
0.62 0.04 0
0.63 0.04 0
0.64 0.04 0
0.65 0.04 0
0.66 0.04 0
0.67 0.04 0
0.68 0.04 0
0.69 0.04 0
0.7 0.04 0
0.71 0.04 0
0.72 0.04 0
0.73 0.04 0
0.74 0.04 0
0.75 0.04 0
0.76 0.04 0
0.77 0.04 0
0.78 0.04 0
0.79 0.04 0
0.8 0.04 0
0.81 0.04 0
0.82 0.04 0
0.83 0.04 0
0.84 0.04 0
0.85 0.04 0
0.86 0.04 0
0.87 0.04 0
0.88 0.04 0
0.89 0.04 0
0.9 0.04 0
0.91 0.04 0
0.92 0.04 0
0.93 0.04 0
0.94 0.04 0
0.95 0.04 0
0.96 0.04 0
0.97 0.04 0
0.98 0.04 0
0.99 0.04 0
0.01 0.05 0
0.02 0.05 0
0.03 0.05 0
0.04 0.05 0
0.05 0.05 0
0.06 0.05 0
0.07 0.05 0
0.08 0.05 0
0.09 0.05 0
0.1 0.05 0
0.11 0.05 0
0.12 0.05 0
0.13 0.05 0
0.14 0.05 0
0.15 0.05 0
0.16 0.05 0
0.17 0.05 0
0.18 0.05 0
0.19 0.05 0
0.2 0.05 0
0.21 0.05 0
0.22 0.05 0
0.23 0.05 0
0.24 0.05 0
0.25 0.05 0
0.26 0.05 0
0.27 0.05 0
0.28 0.05 0
0.29 0.05 0
0.3 0.05 0
0.31 0.05 0
0.32 0.05 0
0.33 0.05 0
0.34 0.05 0
0.35 0.05 0
0.36 0.05 0
0.37 0.05 0
0.38 0.05 0
0.39 0.05 0
0.4 0.05 0
0.41 0.05 0
0.42 0.05 0
0.43 0.05 0
0.44 0.05 0
0.45 0.05 0
0.46 0.05 0
0.47 0.05 0
0.48 0.05 0
0.49 0.05 0
0.5 0.05 0
0.51 0.05 0
0.52 0.05 0
0.53 0.05 0
0.54 0.05 0
0.55 0.05 0
0.56 0.05 0
0.57 0.05 0
0.58 0.05 0
0.59 0.05 0
0.6 0.05 0
0.61 0.05 0
0.62 0.05 0
0.63 0.05 0
0.64 0.05 0
0.65 0.05 0
0.66 0.05 0
0.67 0.05 0
0.68 0.05 0
0.69 0.05 0
0.7 0.05 0
0.71 0.05 0
0.72 0.05 0
0.73 0.05 0
0.74 0.05 0
0.75 0.05 0
0.76 0.05 0
0.77 0.05 0
0.78 0.05 0
0.79 0.05 0
0.8 0.05 0
0.81 0.05 0
0.82 0.05 0
0.83 0.05 0
0.84 0.05 0
0.85 0.05 0
0.86 0.05 0
0.87 0.05 0
0.88 0.05 0
0.89 0.05 0
0.9 0.05 0
0.91 0.05 0
0.92 0.05 0
0.93 0.05 0
0.94 0.05 0
0.95 0.05 0
0.96 0.05 0
0.97 0.05 0
0.98 0.05 0
0.99 0.05 0
0.01 0.06 0
0.02 0.06 0
0.03 0.06 0
0.04 0.06 0
0.05 0.06 0
0.06 0.06 0
0.07 0.06 0
0.08 0.06 0
0.09 0.06 0
0.1 0.06 0
0.11 0.06 0
0.12 0.06 0
0.13 0.06 0
0.14 0.06 0
0.15 0.06 0
0.16 0.06 0
0.17 0.06 0
0.18 0.06 0
0.19 0.06 0
0.2 0.06 0
0.21 0.06 0
0.22 0.06 0
0.23 0.06 0
0.24 0.06 0
0.25 0.06 0
0.26 0.06 0
0.27 0.06 0
0.28 0.06 0
0.29 0.06 0
0.3 0.06 0
0.31 0.06 0
0.32 0.06 0
0.33 0.06 0
0.34 0.06 0
0.35 0.06 0
0.36 0.06 0
0.37 0.06 0
0.38 0.06 0
0.39 0.06 0
0.4 0.06 0
0.41 0.06 0
0.42 0.06 0
0.43 0.06 0
0.44 0.06 0
0.45 0.06 0
0.46 0.06 0
0.47 0.06 0
0.48 0.06 0
0.49 0.06 0
0.5 0.06 0
0.51 0.06 0
0.52 0.06 0
0.53 0.06 0
0.54 0.06 0
0.55 0.06 0
0.56 0.06 0
0.57 0.06 0
0.58 0.06 0
0.59 0.06 0
0.6 0.06 0
0.61 0.06 0
0.62 0.06 0
0.63 0.06 0
0.64 0.06 0
0.65 0.06 0
0.66 0.06 0
0.67 0.06 0
0.68 0.06 0
0.69 0.06 0
0.7 0.06 0
0.71 0.06 0
0.72 0.06 0
0.73 0.06 0
0.74 0.06 0
0.75 0.06 0
0.76 0.06 0
0.77 0.06 0
0.78 0.06 0
0.79 0.06 0
0.8 0.06 0
0.81 0.06 0
0.82 0.06 0
0.83 0.06 0
0.84 0.06 0
0.85 0.06 0
0.86 0.06 0
0.87 0.06 0
0.88 0.06 0
0.89 0.06 0
0.9 0.06 0
0.91 0.06 0
0.92 0.06 0
0.93 0.06 0
0.94 0.06 0
0.95 0.06 0
0.96 0.06 0
0.97 0.06 0
0.98 0.06 0
0.99 0.06 0
0.01 0.07 0
0.02 0.07 0
0.03 0.07 0
0.04 0.07 0
0.05 0.07 0
0.06 0.07 0
0.07 0.07 0
0.08 0.07 0
0.09 0.07 0
0.1 0.07 0
0.11 0.07 0
0.12 0.07 0
0.13 0.07 0
0.14 0.07 0
0.15 0.07 0
0.16 0.07 0
0.17 0.07 0
0.18 0.07 0
0.19 0.07 0
0.2 0.07 0
0.21 0.07 0
0.22 0.07 0
0.23 0.07 0
0.24 0.07 0
0.25 0.07 0
0.26 0.07 0
0.27 0.07 0
0.28 0.07 0
0.29 0.07 0
0.3 0.07 0
0.31 0.07 0
0.32 0.07 0
0.33 0.07 0
0.34 0.07 0
0.35 0.07 0
0.36 0.07 0
0.37 0.07 0
0.38 0.07 0
0.39 0.07 0
0.4 0.07 0
0.41 0.07 0
0.42 0.07 0
0.43 0.07 0
0.44 0.07 0
0.45 0.07 0
0.46 0.07 0
0.47 0.07 0
0.48 0.07 0
0.49 0.07 0
0.5 0.07 0
0.51 0.07 0
0.52 0.07 0
0.53 0.07 0
0.54 0.07 0
0.55 0.07 0
0.56 0.07 0
0.57 0.07 0
0.58 0.07 0
0.59 0.07 0
0.6 0.07 0
0.61 0.07 0
0.62 0.07 0
0.63 0.07 0
0.64 0.07 0
0.65 0.07 0
0.66 0.07 0
0.67 0.07 0
0.68 0.07 0
0.69 0.07 0
0.7 0.07 0
0.71 0.07 0
0.72 0.07 0
0.73 0.07 0
0.74 0.07 0
0.75 0.07 0
0.76 0.07 0
0.77 0.07 0
0.78 0.07 0
0.79 0.07 0
0.8 0.07 0
0.81 0.07 0
0.82 0.07 0
0.83 0.07 0
0.84 0.07 0
0.85 0.07 0
0.86 0.07 0
0.87 0.07 0
0.88 0.07 0
0.89 0.07 0
0.9 0.07 0
0.91 0.07 0
0.92 0.07 0
0.93 0.07 0
0.94 0.07 0
0.95 0.07 0
0.96 0.07 0
0.97 0.07 0
0.98 0.07 0
0.99 0.07 0
0.01 0.08 0
0.02 0.08 0
0.03 0.08 0
0.04 0.08 0
0.05 0.08 0
0.06 0.08 0
0.07 0.08 0
0.08 0.08 0
0.09 0.08 0
0.1 0.08 0
0.11 0.08 0
0.12 0.08 0
0.13 0.08 0
0.14 0.08 0
0.15 0.08 0
0.16 0.08 0
0.17 0.08 0
0.18 0.08 0
0.19 0.08 0
0.2 0.08 0
0.21 0.08 0
0.22 0.08 0
0.23 0.08 0
0.24 0.08 0
0.25 0.08 0
0.26 0.08 0
0.27 0.08 0
0.28 0.08 0
0.29 0.08 0
0.3 0.08 0
0.31 0.08 0
0.32 0.08 0
0.33 0.08 0
0.34 0.08 0
0.35 0.08 0
0.36 0.08 0
0.37 0.08 0
0.38 0.08 0
0.39 0.08 0
0.4 0.08 0
0.41 0.08 0
0.42 0.08 0
0.43 0.08 0
0.44 0.08 0
0.45 0.08 0
0.46 0.08 0
0.47 0.08 0
0.48 0.08 0
0.49 0.08 0
0.5 0.08 0
0.51 0.08 0
0.52 0.08 0
0.53 0.08 0
0.54 0.08 0
0.55 0.08 0
0.56 0.08 0
0.57 0.08 0
0.58 0.08 0
0.59 0.08 0
0.6 0.08 0
0.61 0.08 0
0.62 0.08 0
0.63 0.08 0
0.64 0.08 0
0.65 0.08 0
0.66 0.08 0
0.67 0.08 0
0.68 0.08 0
0.69 0.08 0
0.7 0.08 0
0.71 0.08 0
0.72 0.08 0
0.73 0.08 0
0.74 0.08 0
0.75 0.08 0
0.76 0.08 0
0.77 0.08 0
0.78 0.08 0
0.79 0.08 0
0.8 0.08 0
0.81 0.08 0
0.82 0.08 0
0.83 0.08 0
0.84 0.08 0
0.85 0.08 0
0.86 0.08 0
0.87 0.08 0
0.88 0.08 0
0.89 0.08 0
0.9 0.08 0
0.91 0.08 0
0.92 0.08 0
0.93 0.08 0
0.94 0.08 0
0.95 0.08 0
0.96 0.08 0
0.97 0.08 0
0.98 0.08 0
0.99 0.08 0
0.01 0.09 0
0.02 0.09 0
0.03 0.09 0
0.04 0.09 0
0.05 0.09 0
0.06 0.09 0
0.07 0.09 0
0.08 0.09 0
0.09 0.09 0
0.1 0.09 0
0.11 0.09 0
0.12 0.09 0
0.13 0.09 0
0.14 0.09 0
0.15 0.09 0
0.16 0.09 0
0.17 0.09 0
0.18 0.09 0
0.19 0.09 0
0.2 0.09 0
0.21 0.09 0
0.22 0.09 0
0.23 0.09 0
0.24 0.09 0
0.25 0.09 0
0.26 0.09 0
0.27 0.09 0
0.28 0.09 0
0.29 0.09 0
0.3 0.09 0
0.31 0.09 0
0.32 0.09 0
0.33 0.09 0
0.34 0.09 0
0.35 0.09 0
0.36 0.09 0
0.37 0.09 0
0.38 0.09 0
0.39 0.09 0
0.4 0.09 0
0.41 0.09 0
0.42 0.09 0
0.43 0.09 0
0.44 0.09 0
0.45 0.09 0
0.46 0.09 0
0.47 0.09 0
0.48 0.09 0
0.49 0.09 0
0.5 0.09 0
0.51 0.09 0
0.52 0.09 0
0.53 0.09 0
0.54 0.09 0
0.55 0.09 0
0.56 0.09 0
0.57 0.09 0
0.58 0.09 0
0.59 0.09 0
0.6 0.09 0
0.61 0.09 0
0.62 0.09 0
0.63 0.09 0
0.64 0.09 0
0.65 0.09 0
0.66 0.09 0
0.67 0.09 0
0.68 0.09 0
0.69 0.09 0
0.7 0.09 0
0.71 0.09 0
0.72 0.09 0
0.73 0.09 0
0.74 0.09 0
0.75 0.09 0
0.76 0.09 0
0.77 0.09 0
0.78 0.09 0
0.79 0.09 0
0.8 0.09 0
0.81 0.09 0
0.82 0.09 0
0.83 0.09 0
0.84 0.09 0
0.85 0.09 0
0.86 0.09 0
0.87 0.09 0
0.88 0.09 0
0.89 0.09 0
0.9 0.09 0
0.91 0.09 0
0.92 0.09 0
0.93 0.09 0
0.94 0.09 0
0.95 0.09 0
0.96 0.09 0
0.97 0.09 0
0.98 0.09 0
0.99 0.09 0
0.01 0.1 0
0.02 0.1 0
0.03 0.1 0
0.04 0.1 0
0.05 0.1 0
0.06 0.1 0
0.07 0.1 0
0.08 0.1 0
0.09 0.1 0
0.1 0.1 0
0.11 0.1 0
0.12 0.1 0
0.13 0.1 0
0.14 0.1 0
0.15 0.1 0
0.16 0.1 0
0.17 0.1 0
0.18 0.1 0
0.19 0.1 0
0.2 0.1 0
0.21 0.1 0
0.22 0.1 0
0.23 0.1 0
0.24 0.1 0
0.25 0.1 0
0.26 0.1 0
0.27 0.1 0
0.28 0.1 0
0.29 0.1 0
0.3 0.1 0
0.31 0.1 0
0.32 0.1 0
0.33 0.1 0
0.34 0.1 0
0.35 0.1 0
0.36 0.1 0
0.37 0.1 0
0.38 0.1 0
0.39 0.1 0
0.4 0.1 0
0.41 0.1 0
0.42 0.1 0
0.43 0.1 0
0.44 0.1 0
0.45 0.1 0
0.46 0.1 0
0.47 0.1 0
0.48 0.1 0
0.49 0.1 0
0.5 0.1 0
0.51 0.1 0
0.52 0.1 0
0.53 0.1 0
0.54 0.1 0
0.55 0.1 0
0.56 0.1 0
0.57 0.1 0
0.58 0.1 0
0.59 0.1 0
0.6 0.1 0
0.61 0.1 0
0.62 0.1 0
0.63 0.1 0
0.64 0.1 0
0.65 0.1 0
0.66 0.1 0
0.67 0.1 0
0.68 0.1 0
0.69 0.1 0
0.7 0.1 0
0.71 0.1 0
0.72 0.1 0
0.73 0.1 0
0.74 0.1 0
0.75 0.1 0
0.76 0.1 0
0.77 0.1 0
0.78 0.1 0
0.79 0.1 0
0.8 0.1 0
0.81 0.1 0
0.82 0.1 0
0.83 0.1 0
0.84 0.1 0
0.85 0.1 0
0.86 0.1 0
0.87 0.1 0
0.88 0.1 0
0.89 0.1 0
0.9 0.1 0
0.91 0.1 0
0.92 0.1 0
0.93 0.1 0
0.94 0.1 0
0.95 0.1 0
0.96 0.1 0
0.97 0.1 0
0.98 0.1 0
0.99 0.1 0
0.01 0.11 0
0.02 0.11 0
0.03 0.11 0
0.04 0.11 0
0.05 0.11 0
0.06 0.11 0
0.07 0.11 0
0.08 0.11 0
0.09 0.11 0
0.1 0.11 0
0.11 0.11 0
0.12 0.11 0
0.13 0.11 0
0.14 0.11 0
0.15 0.11 0
0.16 0.11 0
0.17 0.11 0
0.18 0.11 0
0.19 0.11 0
0.2 0.11 0
0.21 0.11 0
0.22 0.11 0
0.23 0.11 0
0.24 0.11 0
0.25 0.11 0
0.26 0.11 0
0.27 0.11 0
0.28 0.11 0
0.29 0.11 0
0.3 0.11 0
0.31 0.11 0
0.32 0.11 0
0.33 0.11 0
0.34 0.11 0
0.35 0.11 0
0.36 0.11 0
0.37 0.11 0
0.38 0.11 0
0.39 0.11 0
0.4 0.11 0
0.41 0.11 0
0.42 0.11 0
0.43 0.11 0
0.44 0.11 0
0.45 0.11 0
0.46 0.11 0
0.47 0.11 0
0.48 0.11 0
0.49 0.11 0
0.5 0.11 0
0.51 0.11 0
0.52 0.11 0
0.53 0.11 0
0.54 0.11 0
0.55 0.11 0
0.56 0.11 0
0.57 0.11 0
0.58 0.11 0
0.59 0.11 0
0.6 0.11 0
0.61 0.11 0
0.62 0.11 0
0.63 0.11 0
0.64 0.11 0
0.65 0.11 0
0.66 0.11 0
0.67 0.11 0
0.68 0.11 0
0.69 0.11 0
0.7 0.11 0
0.71 0.11 0
0.72 0.11 0
0.73 0.11 0
0.74 0.11 0
0.75 0.11 0
0.76 0.11 0
0.77 0.11 0
0.78 0.11 0
0.79 0.11 0
0.8 0.11 0
0.81 0.11 0
0.82 0.11 0
0.83 0.11 0
0.84 0.11 0
0.85 0.11 0
0.86 0.11 0
0.87 0.11 0
0.88 0.11 0
0.89 0.11 0
0.9 0.11 0
0.91 0.11 0
0.92 0.11 0
0.93 0.11 0
0.94 0.11 0
0.95 0.11 0
0.96 0.11 0
0.97 0.11 0
0.98 0.11 0
0.99 0.11 0
0.01 0.12 0
0.02 0.12 0
0.03 0.12 0
0.04 0.12 0
0.05 0.12 0
0.06 0.12 0
0.07 0.12 0
0.08 0.12 0
0.09 0.12 0
0.1 0.12 0
0.11 0.12 0
0.12 0.12 0
0.13 0.12 0
0.14 0.12 0
0.15 0.12 0
0.16 0.12 0
0.17 0.12 0
0.18 0.12 0
0.19 0.12 0
0.2 0.12 0
0.21 0.12 0
0.22 0.12 0
0.23 0.12 0
0.24 0.12 0
0.25 0.12 0
0.26 0.12 0
0.27 0.12 0
0.28 0.12 0
0.29 0.12 0
0.3 0.12 0
0.31 0.12 0
0.32 0.12 0
0.33 0.12 0
0.34 0.12 0
0.35 0.12 0
0.36 0.12 0
0.37 0.12 0
0.38 0.12 0
0.39 0.12 0
0.4 0.12 0
0.41 0.12 0
0.42 0.12 0
0.43 0.12 0
0.44 0.12 0
0.45 0.12 0
0.46 0.12 0
0.47 0.12 0
0.48 0.12 0
0.49 0.12 0
0.5 0.12 0
0.51 0.12 0
0.52 0.12 0
0.53 0.12 0
0.54 0.12 0
0.55 0.12 0
0.56 0.12 0
0.57 0.12 0
0.58 0.12 0
0.59 0.12 0
0.6 0.12 0
0.61 0.12 0
0.62 0.12 0
0.63 0.12 0
0.64 0.12 0
0.65 0.12 0
0.66 0.12 0
0.67 0.12 0
0.68 0.12 0
0.69 0.12 0
0.7 0.12 0
0.71 0.12 0
0.72 0.12 0
0.73 0.12 0
0.74 0.12 0
0.75 0.12 0
0.76 0.12 0
0.77 0.12 0
0.78 0.12 0
0.79 0.12 0
0.8 0.12 0
0.81 0.12 0
0.82 0.12 0
0.83 0.12 0
0.84 0.12 0
0.85 0.12 0
0.86 0.12 0
0.87 0.12 0
0.88 0.12 0
0.89 0.12 0
0.9 0.12 0
0.91 0.12 0
0.92 0.12 0
0.93 0.12 0
0.94 0.12 0
0.95 0.12 0
0.96 0.12 0
0.97 0.12 0
0.98 0.12 0
0.99 0.12 0
0.01 0.13 0
0.02 0.13 0
0.03 0.13 0
0.04 0.13 0
0.05 0.13 0
0.06 0.13 0
0.07 0.13 0
0.08 0.13 0
0.09 0.13 0
0.1 0.13 0
0.11 0.13 0
0.12 0.13 0
0.13 0.13 0
0.14 0.13 0
0.15 0.13 0
0.16 0.13 0
0.17 0.13 0
0.18 0.13 0
0.19 0.13 0
0.2 0.13 0
0.21 0.13 0
0.22 0.13 0
0.23 0.13 0
0.24 0.13 0
0.25 0.13 0
0.26 0.13 0
0.27 0.13 0
0.28 0.13 0
0.29 0.13 0
0.3 0.13 0
0.31 0.13 0
0.32 0.13 0
0.33 0.13 0
0.34 0.13 0
0.35 0.13 0
0.36 0.13 0
0.37 0.13 0
0.38 0.13 0
0.39 0.13 0
0.4 0.13 0
0.41 0.13 0
0.42 0.13 0
0.43 0.13 0
0.44 0.13 0
0.45 0.13 0
0.46 0.13 0
0.47 0.13 0
0.48 0.13 0
0.49 0.13 0
0.5 0.13 0
0.51 0.13 0
0.52 0.13 0
0.53 0.13 0
0.54 0.13 0
0.55 0.13 0
0.56 0.13 0
0.57 0.13 0
0.58 0.13 0
0.59 0.13 0
0.6 0.13 0
0.61 0.13 0
0.62 0.13 0
0.63 0.13 0
0.64 0.13 0
0.65 0.13 0
0.66 0.13 0
0.67 0.13 0
0.68 0.13 0
0.69 0.13 0
0.7 0.13 0
0.71 0.13 0
0.72 0.13 0
0.73 0.13 0
0.74 0.13 0
0.75 0.13 0
0.76 0.13 0
0.77 0.13 0
0.78 0.13 0
0.79 0.13 0
0.8 0.13 0
0.81 0.13 0
0.82 0.13 0
0.83 0.13 0
0.84 0.13 0
0.85 0.13 0
0.86 0.13 0
0.87 0.13 0
0.88 0.13 0
0.89 0.13 0
0.9 0.13 0
0.91 0.13 0
0.92 0.13 0
0.93 0.13 0
0.94 0.13 0
0.95 0.13 0
0.96 0.13 0
0.97 0.13 0
0.98 0.13 0
0.99 0.13 0
0.01 0.14 0
0.02 0.14 0
0.03 0.14 0
0.04 0.14 0
0.05 0.14 0
0.06 0.14 0
0.07 0.14 0
0.08 0.14 0
0.09 0.14 0
0.1 0.14 0
0.11 0.14 0
0.12 0.14 0
0.13 0.14 0
0.14 0.14 0
0.15 0.14 0
0.16 0.14 0
0.17 0.14 0
0.18 0.14 0
0.19 0.14 0
0.2 0.14 0
0.21 0.14 0
0.22 0.14 0
0.23 0.14 0
0.24 0.14 0
0.25 0.14 0
0.26 0.14 0
0.27 0.14 0
0.28 0.14 0
0.29 0.14 0
0.3 0.14 0
0.31 0.14 0
0.32 0.14 0
0.33 0.14 0
0.34 0.14 0
0.35 0.14 0
0.36 0.14 0
0.37 0.14 0
0.38 0.14 0
0.39 0.14 0
0.4 0.14 0
0.41 0.14 0
0.42 0.14 0
0.43 0.14 0
0.44 0.14 0
0.45 0.14 0
0.46 0.14 0
0.47 0.14 0
0.48 0.14 0
0.49 0.14 0
0.5 0.14 0
0.51 0.14 0
0.52 0.14 0
0.53 0.14 0
0.54 0.14 0
0.55 0.14 0
0.56 0.14 0
0.57 0.14 0
0.58 0.14 0
0.59 0.14 0
0.6 0.14 0
0.61 0.14 0
0.62 0.14 0
0.63 0.14 0
0.64 0.14 0
0.65 0.14 0
0.66 0.14 0
0.67 0.14 0
0.68 0.14 0
0.69 0.14 0
0.7 0.14 0
0.71 0.14 0
0.72 0.14 0
0.73 0.14 0
0.74 0.14 0
0.75 0.14 0
0.76 0.14 0
0.77 0.14 0
0.78 0.14 0
0.79 0.14 0
0.8 0.14 0
0.81 0.14 0
0.82 0.14 0
0.83 0.14 0
0.84 0.14 0
0.85 0.14 0
0.86 0.14 0
0.87 0.14 0
0.88 0.14 0
0.89 0.14 0
0.9 0.14 0
0.91 0.14 0
0.92 0.14 0
0.93 0.14 0
0.94 0.14 0
0.95 0.14 0
0.96 0.14 0
0.97 0.14 0
0.98 0.14 0
0.99 0.14 0
0.01 0.15 0
0.02 0.15 0
0.03 0.15 0
0.04 0.15 0
0.05 0.15 0
0.06 0.15 0
0.07 0.15 0
0.08 0.15 0
0.09 0.15 0
0.1 0.15 0
0.11 0.15 0
0.12 0.15 0
0.13 0.15 0
0.14 0.15 0
0.15 0.15 0
0.16 0.15 0
0.17 0.15 0
0.18 0.15 0
0.19 0.15 0
0.2 0.15 0
0.21 0.15 0
0.22 0.15 0
0.23 0.15 0
0.24 0.15 0
0.25 0.15 0
0.26 0.15 0
0.27 0.15 0
0.28 0.15 0
0.29 0.15 0
0.3 0.15 0
0.31 0.15 0
0.32 0.15 0
0.33 0.15 0
0.34 0.15 0
0.35 0.15 0
0.36 0.15 0
0.37 0.15 0
0.38 0.15 0
0.39 0.15 0
0.4 0.15 0
0.41 0.15 0
0.42 0.15 0
0.43 0.15 0
0.44 0.15 0
0.45 0.15 0
0.46 0.15 0
0.47 0.15 0
0.48 0.15 0
0.49 0.15 0
0.5 0.15 0
0.51 0.15 0
0.52 0.15 0
0.53 0.15 0
0.54 0.15 0
0.55 0.15 0
0.56 0.15 0
0.57 0.15 0
0.58 0.15 0
0.59 0.15 0
0.6 0.15 0
0.61 0.15 0
0.62 0.15 0
0.63 0.15 0
0.64 0.15 0
0.65 0.15 0
0.66 0.15 0
0.67 0.15 0
0.68 0.15 0
0.69 0.15 0
0.7 0.15 0
0.71 0.15 0
0.72 0.15 0
0.73 0.15 0
0.74 0.15 0
0.75 0.15 0
0.76 0.15 0
0.77 0.15 0
0.78 0.15 0
0.79 0.15 0
0.8 0.15 0
0.81 0.15 0
0.82 0.15 0
0.83 0.15 0
0.84 0.15 0
0.85 0.15 0
0.86 0.15 0
0.87 0.15 0
0.88 0.15 0
0.89 0.15 0
0.9 0.15 0
0.91 0.15 0
0.92 0.15 0
0.93 0.15 0
0.94 0.15 0
0.95 0.15 0
0.96 0.15 0
0.97 0.15 0
0.98 0.15 0
0.99 0.15 0
0.01 0.16 0
0.02 0.16 0
0.03 0.16 0
0.04 0.16 0
0.05 0.16 0
0.06 0.16 0
0.07 0.16 0
0.08 0.16 0
0.09 0.16 0
0.1 0.16 0
0.11 0.16 0
0.12 0.16 0
0.13 0.16 0
0.14 0.16 0
0.15 0.16 0
0.16 0.16 0
0.17 0.16 0
0.18 0.16 0
0.19 0.16 0
0.2 0.16 0
0.21 0.16 0
0.22 0.16 0
0.23 0.16 0
0.24 0.16 0
0.25 0.16 0
0.26 0.16 0
0.27 0.16 0
0.28 0.16 0
0.29 0.16 0
0.3 0.16 0
0.31 0.16 0
0.32 0.16 0
0.33 0.16 0
0.34 0.16 0
0.35 0.16 0
0.36 0.16 0
0.37 0.16 0
0.38 0.16 0
0.39 0.16 0
0.4 0.16 0
0.41 0.16 0
0.42 0.16 0
0.43 0.16 0
0.44 0.16 0
0.45 0.16 0
0.46 0.16 0
0.47 0.16 0
0.48 0.16 0
0.49 0.16 0
0.5 0.16 0
0.51 0.16 0
0.52 0.16 0
0.53 0.16 0
0.54 0.16 0
0.55 0.16 0
0.56 0.16 0
0.57 0.16 0
0.58 0.16 0
0.59 0.16 0
0.6 0.16 0
0.61 0.16 0
0.62 0.16 0
0.63 0.16 0
0.64 0.16 0
0.65 0.16 0
0.66 0.16 0
0.67 0.16 0
0.68 0.16 0
0.69 0.16 0
0.7 0.16 0
0.71 0.16 0
0.72 0.16 0
0.73 0.16 0
0.74 0.16 0
0.75 0.16 0
0.76 0.16 0
0.77 0.16 0
0.78 0.16 0
0.79 0.16 0
0.8 0.16 0
0.81 0.16 0
0.82 0.16 0
0.83 0.16 0
0.84 0.16 0
0.85 0.16 0
0.86 0.16 0
0.87 0.16 0
0.88 0.16 0
0.89 0.16 0
0.9 0.16 0
0.91 0.16 0
0.92 0.16 0
0.93 0.16 0
0.94 0.16 0
0.95 0.16 0
0.96 0.16 0
0.97 0.16 0
0.98 0.16 0
0.99 0.16 0
0.01 0.17 0
0.02 0.17 0
0.03 0.17 0
0.04 0.17 0
0.05 0.17 0
0.06 0.17 0
0.07 0.17 0
0.08 0.17 0
0.09 0.17 0
0.1 0.17 0
0.11 0.17 0
0.12 0.17 0
0.13 0.17 0
0.14 0.17 0
0.15 0.17 0
0.16 0.17 0
0.17 0.17 0
0.18 0.17 0
0.19 0.17 0
0.2 0.17 0
0.21 0.17 0
0.22 0.17 0
0.23 0.17 0
0.24 0.17 0
0.25 0.17 0
0.26 0.17 0
0.27 0.17 0
0.28 0.17 0
0.29 0.17 0
0.3 0.17 0
0.31 0.17 0
0.32 0.17 0
0.33 0.17 0
0.34 0.17 0
0.35 0.17 0
0.36 0.17 0
0.37 0.17 0
0.38 0.17 0
0.39 0.17 0
0.4 0.17 0
0.41 0.17 0
0.42 0.17 0
0.43 0.17 0
0.44 0.17 0
0.45 0.17 0
0.46 0.17 0
0.47 0.17 0
0.48 0.17 0
0.49 0.17 0
0.5 0.17 0
0.51 0.17 0
0.52 0.17 0
0.53 0.17 0
0.54 0.17 0
0.55 0.17 0
0.56 0.17 0
0.57 0.17 0
0.58 0.17 0
0.59 0.17 0
0.6 0.17 0
0.61 0.17 0
0.62 0.17 0
0.63 0.17 0
0.64 0.17 0
0.65 0.17 0
0.66 0.17 0
0.67 0.17 0
0.68 0.17 0
0.69 0.17 0
0.7 0.17 0
0.71 0.17 0
0.72 0.17 0
0.73 0.17 0
0.74 0.17 0
0.75 0.17 0
0.76 0.17 0
0.77 0.17 0
0.78 0.17 0
0.79 0.17 0
0.8 0.17 0
0.81 0.17 0
0.82 0.17 0
0.83 0.17 0
0.84 0.17 0
0.85 0.17 0
0.86 0.17 0
0.87 0.17 0
0.88 0.17 0
0.89 0.17 0
0.9 0.17 0
0.91 0.17 0
0.92 0.17 0
0.93 0.17 0
0.94 0.17 0
0.95 0.17 0
0.96 0.17 0
0.97 0.17 0
0.98 0.17 0
0.99 0.17 0
0.01 0.18 0
0.02 0.18 0
0.03 0.18 0
0.04 0.18 0
0.05 0.18 0
0.06 0.18 0
0.07 0.18 0
0.08 0.18 0
0.09 0.18 0
0.1 0.18 0
0.11 0.18 0
0.12 0.18 0
0.13 0.18 0
0.14 0.18 0
0.15 0.18 0
0.16 0.18 0
0.17 0.18 0
0.18 0.18 0
0.19 0.18 0
0.2 0.18 0
0.21 0.18 0
0.22 0.18 0
0.23 0.18 0
0.24 0.18 0
0.25 0.18 0
0.26 0.18 0
0.27 0.18 0
0.28 0.18 0
0.29 0.18 0
0.3 0.18 0
0.31 0.18 0
0.32 0.18 0
0.33 0.18 0
0.34 0.18 0
0.35 0.18 0
0.36 0.18 0
0.37 0.18 0
0.38 0.18 0
0.39 0.18 0
0.4 0.18 0
0.41 0.18 0
0.42 0.18 0
0.43 0.18 0
0.44 0.18 0
0.45 0.18 0
0.46 0.18 0
0.47 0.18 0
0.48 0.18 0
0.49 0.18 0
0.5 0.18 0
0.51 0.18 0
0.52 0.18 0
0.53 0.18 0
0.54 0.18 0
0.55 0.18 0
0.56 0.18 0
0.57 0.18 0
0.58 0.18 0
0.59 0.18 0
0.6 0.18 0
0.61 0.18 0
0.62 0.18 0
0.63 0.18 0
0.64 0.18 0
0.65 0.18 0
0.66 0.18 0
0.67 0.18 0
0.68 0.18 0
0.69 0.18 0
0.7 0.18 0
0.71 0.18 0
0.72 0.18 0
0.73 0.18 0
0.74 0.18 0
0.75 0.18 0
0.76 0.18 0
0.77 0.18 0
0.78 0.18 0
0.79 0.18 0
0.8 0.18 0
0.81 0.18 0
0.82 0.18 0
0.83 0.18 0
0.84 0.18 0
0.85 0.18 0
0.86 0.18 0
0.87 0.18 0
0.88 0.18 0
0.89 0.18 0
0.9 0.18 0
0.91 0.18 0
0.92 0.18 0
0.93 0.18 0
0.94 0.18 0
0.95 0.18 0
0.96 0.18 0
0.97 0.18 0
0.98 0.18 0
0.99 0.18 0
0.01 0.19 0
0.02 0.19 0
0.03 0.19 0
0.04 0.19 0
0.05 0.19 0
0.06 0.19 0
0.07 0.19 0
0.08 0.19 0
0.09 0.19 0
0.1 0.19 0
0.11 0.19 0
0.12 0.19 0
0.13 0.19 0
0.14 0.19 0
0.15 0.19 0
0.16 0.19 0
0.17 0.19 0
0.18 0.19 0
0.19 0.19 0
0.2 0.19 0
0.21 0.19 0
0.22 0.19 0
0.23 0.19 0
0.24 0.19 0
0.25 0.19 0
0.26 0.19 0
0.27 0.19 0
0.28 0.19 0
0.29 0.19 0
0.3 0.19 0
0.31 0.19 0
0.32 0.19 0
0.33 0.19 0
0.34 0.19 0
0.35 0.19 0
0.36 0.19 0
0.37 0.19 0
0.38 0.19 0
0.39 0.19 0
0.4 0.19 0
0.41 0.19 0
0.42 0.19 0
0.43 0.19 0
0.44 0.19 0
0.45 0.19 0
0.46 0.19 0
0.47 0.19 0
0.48 0.19 0
0.49 0.19 0
0.5 0.19 0
0.51 0.19 0
0.52 0.19 0
0.53 0.19 0
0.54 0.19 0
0.55 0.19 0
0.56 0.19 0
0.57 0.19 0
0.58 0.19 0
0.59 0.19 0
0.6 0.19 0
0.61 0.19 0
0.62 0.19 0
0.63 0.19 0
0.64 0.19 0
0.65 0.19 0
0.66 0.19 0
0.67 0.19 0
0.68 0.19 0
0.69 0.19 0
0.7 0.19 0
0.71 0.19 0
0.72 0.19 0
0.73 0.19 0
0.74 0.19 0
0.75 0.19 0
0.76 0.19 0
0.77 0.19 0
0.78 0.19 0
0.79 0.19 0
0.8 0.19 0
0.81 0.19 0
0.82 0.19 0
0.83 0.19 0
0.84 0.19 0
0.85 0.19 0
0.86 0.19 0
0.87 0.19 0
0.88 0.19 0
0.89 0.19 0
0.9 0.19 0
0.91 0.19 0
0.92 0.19 0
0.93 0.19 0
0.94 0.19 0
0.95 0.19 0
0.96 0.19 0
0.97 0.19 0
0.98 0.19 0
0.99 0.19 0
0.01 0.2 0
0.02 0.2 0
0.03 0.2 0
0.04 0.2 0
0.05 0.2 0
0.06 0.2 0
0.07 0.2 0
0.08 0.2 0
0.09 0.2 0
0.1 0.2 0
0.11 0.2 0
0.12 0.2 0
0.13 0.2 0
0.14 0.2 0
0.15 0.2 0
0.16 0.2 0
0.17 0.2 0
0.18 0.2 0
0.19 0.2 0
0.2 0.2 0
0.21 0.2 0
0.22 0.2 0
0.23 0.2 0
0.24 0.2 0
0.25 0.2 0
0.26 0.2 0
0.27 0.2 0
0.28 0.2 0
0.29 0.2 0
0.3 0.2 0
0.31 0.2 0
0.32 0.2 0
0.33 0.2 0
0.34 0.2 0
0.35 0.2 0
0.36 0.2 0
0.37 0.2 0
0.38 0.2 0
0.39 0.2 0
0.4 0.2 0
0.41 0.2 0
0.42 0.2 0
0.43 0.2 0
0.44 0.2 0
0.45 0.2 0
0.46 0.2 0
0.47 0.2 0
0.48 0.2 0
0.49 0.2 0
0.5 0.2 0
0.51 0.2 0
0.52 0.2 0
0.53 0.2 0
0.54 0.2 0
0.55 0.2 0
0.56 0.2 0
0.57 0.2 0
0.58 0.2 0
0.59 0.2 0
0.6 0.2 0
0.61 0.2 0
0.62 0.2 0
0.63 0.2 0
0.64 0.2 0
0.65 0.2 0
0.66 0.2 0
0.67 0.2 0
0.68 0.2 0
0.69 0.2 0
0.7 0.2 0
0.71 0.2 0
0.72 0.2 0
0.73 0.2 0
0.74 0.2 0
0.75 0.2 0
0.76 0.2 0
0.77 0.2 0
0.78 0.2 0
0.79 0.2 0
0.8 0.2 0
0.81 0.2 0
0.82 0.2 0
0.83 0.2 0
0.84 0.2 0
0.85 0.2 0
0.86 0.2 0
0.87 0.2 0
0.88 0.2 0
0.89 0.2 0
0.9 0.2 0
0.91 0.2 0
0.92 0.2 0
0.93 0.2 0
0.94 0.2 0
0.95 0.2 0
0.96 0.2 0
0.97 0.2 0
0.98 0.2 0
0.99 0.2 0
0.01 0.21 0
0.02 0.21 0
0.03 0.21 0
0.04 0.21 0
0.05 0.21 0
0.06 0.21 0
0.07 0.21 0
0.08 0.21 0
0.09 0.21 0
0.1 0.21 0
0.11 0.21 0
0.12 0.21 0
0.13 0.21 0
0.14 0.21 0
0.15 0.21 0
0.16 0.21 0
0.17 0.21 0
0.18 0.21 0
0.19 0.21 0
0.2 0.21 0
0.21 0.21 0
0.22 0.21 0
0.23 0.21 0
0.24 0.21 0
0.25 0.21 0
0.26 0.21 0
0.27 0.21 0
0.28 0.21 0
0.29 0.21 0
0.3 0.21 0
0.31 0.21 0
0.32 0.21 0
0.33 0.21 0
0.34 0.21 0
0.35 0.21 0
0.36 0.21 0
0.37 0.21 0
0.38 0.21 0
0.39 0.21 0
0.4 0.21 0
0.41 0.21 0
0.42 0.21 0
0.43 0.21 0
0.44 0.21 0
0.45 0.21 0
0.46 0.21 0
0.47 0.21 0
0.48 0.21 0
0.49 0.21 0
0.5 0.21 0
0.51 0.21 0
0.52 0.21 0
0.53 0.21 0
0.54 0.21 0
0.55 0.21 0
0.56 0.21 0
0.57 0.21 0
0.58 0.21 0
0.59 0.21 0
0.6 0.21 0
0.61 0.21 0
0.62 0.21 0
0.63 0.21 0
0.64 0.21 0
0.65 0.21 0
0.66 0.21 0
0.67 0.21 0
0.68 0.21 0
0.69 0.21 0
0.7 0.21 0
0.71 0.21 0
0.72 0.21 0
0.73 0.21 0
0.74 0.21 0
0.75 0.21 0
0.76 0.21 0
0.77 0.21 0
0.78 0.21 0
0.79 0.21 0
0.8 0.21 0
0.81 0.21 0
0.82 0.21 0
0.83 0.21 0
0.84 0.21 0
0.85 0.21 0
0.86 0.21 0
0.87 0.21 0
0.88 0.21 0
0.89 0.21 0
0.9 0.21 0
0.91 0.21 0
0.92 0.21 0
0.93 0.21 0
0.94 0.21 0
0.95 0.21 0
0.96 0.21 0
0.97 0.21 0
0.98 0.21 0
0.99 0.21 0
0.01 0.22 0
0.02 0.22 0
0.03 0.22 0
0.04 0.22 0
0.05 0.22 0
0.06 0.22 0
0.07 0.22 0
0.08 0.22 0
0.09 0.22 0
0.1 0.22 0
0.11 0.22 0
0.12 0.22 0
0.13 0.22 0
0.14 0.22 0
0.15 0.22 0
0.16 0.22 0
0.17 0.22 0
0.18 0.22 0
0.19 0.22 0
0.2 0.22 0
0.21 0.22 0
0.22 0.22 0
0.23 0.22 0
0.24 0.22 0
0.25 0.22 0
0.26 0.22 0
0.27 0.22 0
0.28 0.22 0
0.29 0.22 0
0.3 0.22 0
0.31 0.22 0
0.32 0.22 0
0.33 0.22 0
0.34 0.22 0
0.35 0.22 0
0.36 0.22 0
0.37 0.22 0
0.38 0.22 0
0.39 0.22 0
0.4 0.22 0
0.41 0.22 0
0.42 0.22 0
0.43 0.22 0
0.44 0.22 0
0.45 0.22 0
0.46 0.22 0
0.47 0.22 0
0.48 0.22 0
0.49 0.22 0
0.5 0.22 0
0.51 0.22 0
0.52 0.22 0
0.53 0.22 0
0.54 0.22 0
0.55 0.22 0
0.56 0.22 0
0.57 0.22 0
0.58 0.22 0
0.59 0.22 0
0.6 0.22 0
0.61 0.22 0
0.62 0.22 0
0.63 0.22 0
0.64 0.22 0
0.65 0.22 0
0.66 0.22 0
0.67 0.22 0
0.68 0.22 0
0.69 0.22 0
0.7 0.22 0
0.71 0.22 0
0.72 0.22 0
0.73 0.22 0
0.74 0.22 0
0.75 0.22 0
0.76 0.22 0
0.77 0.22 0
0.78 0.22 0
0.79 0.22 0
0.8 0.22 0
0.81 0.22 0
0.82 0.22 0
0.83 0.22 0
0.84 0.22 0
0.85 0.22 0
0.86 0.22 0
0.87 0.22 0
0.88 0.22 0
0.89 0.22 0
0.9 0.22 0
0.91 0.22 0
0.92 0.22 0
0.93 0.22 0
0.94 0.22 0
0.95 0.22 0
0.96 0.22 0
0.97 0.22 0
0.98 0.22 0
0.99 0.22 0
0.01 0.23 0
0.02 0.23 0
0.03 0.23 0
0.04 0.23 0
0.05 0.23 0
0.06 0.23 0
0.07 0.23 0
0.08 0.23 0
0.09 0.23 0
0.1 0.23 0
0.11 0.23 0
0.12 0.23 0
0.13 0.23 0
0.14 0.23 0
0.15 0.23 0
0.16 0.23 0
0.17 0.23 0
0.18 0.23 0
0.19 0.23 0
0.2 0.23 0
0.21 0.23 0
0.22 0.23 0
0.23 0.23 0
0.24 0.23 0
0.25 0.23 0
0.26 0.23 0
0.27 0.23 0
0.28 0.23 0
0.29 0.23 0
0.3 0.23 0
0.31 0.23 0
0.32 0.23 0
0.33 0.23 0
0.34 0.23 0
0.35 0.23 0
0.36 0.23 0
0.37 0.23 0
0.38 0.23 0
0.39 0.23 0
0.4 0.23 0
0.41 0.23 0
0.42 0.23 0
0.43 0.23 0
0.44 0.23 0
0.45 0.23 0
0.46 0.23 0
0.47 0.23 0
0.48 0.23 0
0.49 0.23 0
0.5 0.23 0
0.51 0.23 0
0.52 0.23 0
0.53 0.23 0
0.54 0.23 0
0.55 0.23 0
0.56 0.23 0
0.57 0.23 0
0.58 0.23 0
0.59 0.23 0
0.6 0.23 0
0.61 0.23 0
0.62 0.23 0
0.63 0.23 0
0.64 0.23 0
0.65 0.23 0
0.66 0.23 0
0.67 0.23 0
0.68 0.23 0
0.69 0.23 0
0.7 0.23 0
0.71 0.23 0
0.72 0.23 0
0.73 0.23 0
0.74 0.23 0
0.75 0.23 0
0.76 0.23 0
0.77 0.23 0
0.78 0.23 0
0.79 0.23 0
0.8 0.23 0
0.81 0.23 0
0.82 0.23 0
0.83 0.23 0
0.84 0.23 0
0.85 0.23 0
0.86 0.23 0
0.87 0.23 0
0.88 0.23 0
0.89 0.23 0
0.9 0.23 0
0.91 0.23 0
0.92 0.23 0
0.93 0.23 0
0.94 0.23 0
0.95 0.23 0
0.96 0.23 0
0.97 0.23 0
0.98 0.23 0
0.99 0.23 0
0.01 0.24 0
0.02 0.24 0
0.03 0.24 0
0.04 0.24 0
0.05 0.24 0
0.06 0.24 0
0.07 0.24 0
0.08 0.24 0
0.09 0.24 0
0.1 0.24 0
0.11 0.24 0
0.12 0.24 0
0.13 0.24 0
0.14 0.24 0
0.15 0.24 0
0.16 0.24 0
0.17 0.24 0
0.18 0.24 0
0.19 0.24 0
0.2 0.24 0
0.21 0.24 0
0.22 0.24 0
0.23 0.24 0
0.24 0.24 0
0.25 0.24 0
0.26 0.24 0
0.27 0.24 0
0.28 0.24 0
0.29 0.24 0
0.3 0.24 0
0.31 0.24 0
0.32 0.24 0
0.33 0.24 0
0.34 0.24 0
0.35 0.24 0
0.36 0.24 0
0.37 0.24 0
0.38 0.24 0
0.39 0.24 0
0.4 0.24 0
0.41 0.24 0
0.42 0.24 0
0.43 0.24 0
0.44 0.24 0
0.45 0.24 0
0.46 0.24 0
0.47 0.24 0
0.48 0.24 0
0.49 0.24 0
0.5 0.24 0
0.51 0.24 0
0.52 0.24 0
0.53 0.24 0
0.54 0.24 0
0.55 0.24 0
0.56 0.24 0
0.57 0.24 0
0.58 0.24 0
0.59 0.24 0
0.6 0.24 0
0.61 0.24 0
0.62 0.24 0
0.63 0.24 0
0.64 0.24 0
0.65 0.24 0
0.66 0.24 0
0.67 0.24 0
0.68 0.24 0
0.69 0.24 0
0.7 0.24 0
0.71 0.24 0
0.72 0.24 0
0.73 0.24 0
0.74 0.24 0
0.75 0.24 0
0.76 0.24 0
0.77 0.24 0
0.78 0.24 0
0.79 0.24 0
0.8 0.24 0
0.81 0.24 0
0.82 0.24 0
0.83 0.24 0
0.84 0.24 0
0.85 0.24 0
0.86 0.24 0
0.87 0.24 0
0.88 0.24 0
0.89 0.24 0
0.9 0.24 0
0.91 0.24 0
0.92 0.24 0
0.93 0.24 0
0.94 0.24 0
0.95 0.24 0
0.96 0.24 0
0.97 0.24 0
0.98 0.24 0
0.99 0.24 0
0.01 0.25 0
0.02 0.25 0
0.03 0.25 0
0.04 0.25 0
0.05 0.25 0
0.06 0.25 0
0.07 0.25 0
0.08 0.25 0
0.09 0.25 0
0.1 0.25 0
0.11 0.25 0
0.12 0.25 0
0.13 0.25 0
0.14 0.25 0
0.15 0.25 0
0.16 0.25 0
0.17 0.25 0
0.18 0.25 0
0.19 0.25 0
0.2 0.25 0
0.21 0.25 0
0.22 0.25 0
0.23 0.25 0
0.24 0.25 0
0.25 0.25 0
0.26 0.25 0
0.27 0.25 0
0.28 0.25 0
0.29 0.25 0
0.3 0.25 0
0.31 0.25 0
0.32 0.25 0
0.33 0.25 0
0.34 0.25 0
0.35 0.25 0
0.36 0.25 0
0.37 0.25 0
0.38 0.25 0
0.39 0.25 0
0.4 0.25 0
0.41 0.25 0
0.42 0.25 0
0.43 0.25 0
0.44 0.25 0
0.45 0.25 0
0.46 0.25 0
0.47 0.25 0
0.48 0.25 0
0.49 0.25 0
0.5 0.25 0
0.51 0.25 0
0.52 0.25 0
0.53 0.25 0
0.54 0.25 0
0.55 0.25 0
0.56 0.25 0
0.57 0.25 0
0.58 0.25 0
0.59 0.25 0
0.6 0.25 0
0.61 0.25 0
0.62 0.25 0
0.63 0.25 0
0.64 0.25 0
0.65 0.25 0
0.66 0.25 0
0.67 0.25 0
0.68 0.25 0
0.69 0.25 0
0.7 0.25 0
0.71 0.25 0
0.72 0.25 0
0.73 0.25 0
0.74 0.25 0
0.75 0.25 0
0.76 0.25 0
0.77 0.25 0
0.78 0.25 0
0.79 0.25 0
0.8 0.25 0
0.81 0.25 0
0.82 0.25 0
0.83 0.25 0
0.84 0.25 0
0.85 0.25 0
0.86 0.25 0
0.87 0.25 0
0.88 0.25 0
0.89 0.25 0
0.9 0.25 0
0.91 0.25 0
0.92 0.25 0
0.93 0.25 0
0.94 0.25 0
0.95 0.25 0
0.96 0.25 0
0.97 0.25 0
0.98 0.25 0
0.99 0.25 0
0.01 0.26 0
0.02 0.26 0
0.03 0.26 0
0.04 0.26 0
0.05 0.26 0
0.06 0.26 0
0.07 0.26 0
0.08 0.26 0
0.09 0.26 0
0.1 0.26 0
0.11 0.26 0
0.12 0.26 0
0.13 0.26 0
0.14 0.26 0
0.15 0.26 0
0.16 0.26 0
0.17 0.26 0
0.18 0.26 0
0.19 0.26 0
0.2 0.26 0
0.21 0.26 0
0.22 0.26 0
0.23 0.26 0
0.24 0.26 0
0.25 0.26 0
0.26 0.26 0
0.27 0.26 0
0.28 0.26 0
0.29 0.26 0
0.3 0.26 0
0.31 0.26 0
0.32 0.26 0
0.33 0.26 0
0.34 0.26 0
0.35 0.26 0
0.36 0.26 0
0.37 0.26 0
0.38 0.26 0
0.39 0.26 0
0.4 0.26 0
0.41 0.26 0
0.42 0.26 0
0.43 0.26 0
0.44 0.26 0
0.45 0.26 0
0.46 0.26 0
0.47 0.26 0
0.48 0.26 0
0.49 0.26 0
0.5 0.26 0
0.51 0.26 0
0.52 0.26 0
0.53 0.26 0
0.54 0.26 0
0.55 0.26 0
0.56 0.26 0
0.57 0.26 0
0.58 0.26 0
0.59 0.26 0
0.6 0.26 0
0.61 0.26 0
0.62 0.26 0
0.63 0.26 0
0.64 0.26 0
0.65 0.26 0
0.66 0.26 0
0.67 0.26 0
0.68 0.26 0
0.69 0.26 0
0.7 0.26 0
0.71 0.26 0
0.72 0.26 0
0.73 0.26 0
0.74 0.26 0
0.75 0.26 0
0.76 0.26 0
0.77 0.26 0
0.78 0.26 0
0.79 0.26 0
0.8 0.26 0
0.81 0.26 0
0.82 0.26 0
0.83 0.26 0
0.84 0.26 0
0.85 0.26 0
0.86 0.26 0
0.87 0.26 0
0.88 0.26 0
0.89 0.26 0
0.9 0.26 0
0.91 0.26 0
0.92 0.26 0
0.93 0.26 0
0.94 0.26 0
0.95 0.26 0
0.96 0.26 0
0.97 0.26 0
0.98 0.26 0
0.99 0.26 0
0.01 0.27 0
0.02 0.27 0
0.03 0.27 0
0.04 0.27 0
0.05 0.27 0
0.06 0.27 0
0.07 0.27 0
0.08 0.27 0
0.09 0.27 0
0.1 0.27 0
0.11 0.27 0
0.12 0.27 0
0.13 0.27 0
0.14 0.27 0
0.15 0.27 0
0.16 0.27 0
0.17 0.27 0
0.18 0.27 0
0.19 0.27 0
0.2 0.27 0
0.21 0.27 0
0.22 0.27 0
0.23 0.27 0
0.24 0.27 0
0.25 0.27 0
0.26 0.27 0
0.27 0.27 0
0.28 0.27 0
0.29 0.27 0
0.3 0.27 0
0.31 0.27 0
0.32 0.27 0
0.33 0.27 0
0.34 0.27 0
0.35 0.27 0
0.36 0.27 0
0.37 0.27 0
0.38 0.27 0
0.39 0.27 0
0.4 0.27 0
0.41 0.27 0
0.42 0.27 0
0.43 0.27 0
0.44 0.27 0
0.45 0.27 0
0.46 0.27 0
0.47 0.27 0
0.48 0.27 0
0.49 0.27 0
0.5 0.27 0
0.51 0.27 0
0.52 0.27 0
0.53 0.27 0
0.54 0.27 0
0.55 0.27 0
0.56 0.27 0
0.57 0.27 0
0.58 0.27 0
0.59 0.27 0
0.6 0.27 0
0.61 0.27 0
0.62 0.27 0
0.63 0.27 0
0.64 0.27 0
0.65 0.27 0
0.66 0.27 0
0.67 0.27 0
0.68 0.27 0
0.69 0.27 0
0.7 0.27 0
0.71 0.27 0
0.72 0.27 0
0.73 0.27 0
0.74 0.27 0
0.75 0.27 0
0.76 0.27 0
0.77 0.27 0
0.78 0.27 0
0.79 0.27 0
0.8 0.27 0
0.81 0.27 0
0.82 0.27 0
0.83 0.27 0
0.84 0.27 0
0.85 0.27 0
0.86 0.27 0
0.87 0.27 0
0.88 0.27 0
0.89 0.27 0
0.9 0.27 0
0.91 0.27 0
0.92 0.27 0
0.93 0.27 0
0.94 0.27 0
0.95 0.27 0
0.96 0.27 0
0.97 0.27 0
0.98 0.27 0
0.99 0.27 0
0.01 0.28 0
0.02 0.28 0
0.03 0.28 0
0.04 0.28 0
0.05 0.28 0
0.06 0.28 0
0.07 0.28 0
0.08 0.28 0
0.09 0.28 0
0.1 0.28 0
0.11 0.28 0
0.12 0.28 0
0.13 0.28 0
0.14 0.28 0
0.15 0.28 0
0.16 0.28 0
0.17 0.28 0
0.18 0.28 0
0.19 0.28 0
0.2 0.28 0
0.21 0.28 0
0.22 0.28 0
0.23 0.28 0
0.24 0.28 0
0.25 0.28 0
0.26 0.28 0
0.27 0.28 0
0.28 0.28 0
0.29 0.28 0
0.3 0.28 0
0.31 0.28 0
0.32 0.28 0
0.33 0.28 0
0.34 0.28 0
0.35 0.28 0
0.36 0.28 0
0.37 0.28 0
0.38 0.28 0
0.39 0.28 0
0.4 0.28 0
0.41 0.28 0
0.42 0.28 0
0.43 0.28 0
0.44 0.28 0
0.45 0.28 0
0.46 0.28 0
0.47 0.28 0
0.48 0.28 0
0.49 0.28 0
0.5 0.28 0
0.51 0.28 0
0.52 0.28 0
0.53 0.28 0
0.54 0.28 0
0.55 0.28 0
0.56 0.28 0
0.57 0.28 0
0.58 0.28 0
0.59 0.28 0
0.6 0.28 0
0.61 0.28 0
0.62 0.28 0
0.63 0.28 0
0.64 0.28 0
0.65 0.28 0
0.66 0.28 0
0.67 0.28 0
0.68 0.28 0
0.69 0.28 0
0.7 0.28 0
0.71 0.28 0
0.72 0.28 0
0.73 0.28 0
0.74 0.28 0
0.75 0.28 0
0.76 0.28 0
0.77 0.28 0
0.78 0.28 0
0.79 0.28 0
0.8 0.28 0
0.81 0.28 0
0.82 0.28 0
0.83 0.28 0
0.84 0.28 0
0.85 0.28 0
0.86 0.28 0
0.87 0.28 0
0.88 0.28 0
0.89 0.28 0
0.9 0.28 0
0.91 0.28 0
0.92 0.28 0
0.93 0.28 0
0.94 0.28 0
0.95 0.28 0
0.96 0.28 0
0.97 0.28 0
0.98 0.28 0
0.99 0.28 0
0.01 0.29 0
0.02 0.29 0
0.03 0.29 0
0.04 0.29 0
0.05 0.29 0
0.06 0.29 0
0.07 0.29 0
0.08 0.29 0
0.09 0.29 0
0.1 0.29 0
0.11 0.29 0
0.12 0.29 0
0.13 0.29 0
0.14 0.29 0
0.15 0.29 0
0.16 0.29 0
0.17 0.29 0
0.18 0.29 0
0.19 0.29 0
0.2 0.29 0
0.21 0.29 0
0.22 0.29 0
0.23 0.29 0
0.24 0.29 0
0.25 0.29 0
0.26 0.29 0
0.27 0.29 0
0.28 0.29 0
0.29 0.29 0
0.3 0.29 0
0.31 0.29 0
0.32 0.29 0
0.33 0.29 0
0.34 0.29 0
0.35 0.29 0
0.36 0.29 0
0.37 0.29 0
0.38 0.29 0
0.39 0.29 0
0.4 0.29 0
0.41 0.29 0
0.42 0.29 0
0.43 0.29 0
0.44 0.29 0
0.45 0.29 0
0.46 0.29 0
0.47 0.29 0
0.48 0.29 0
0.49 0.29 0
0.5 0.29 0
0.51 0.29 0
0.52 0.29 0
0.53 0.29 0
0.54 0.29 0
0.55 0.29 0
0.56 0.29 0
0.57 0.29 0
0.58 0.29 0
0.59 0.29 0
0.6 0.29 0
0.61 0.29 0
0.62 0.29 0
0.63 0.29 0
0.64 0.29 0
0.65 0.29 0
0.66 0.29 0
0.67 0.29 0
0.68 0.29 0
0.69 0.29 0
0.7 0.29 0
0.71 0.29 0
0.72 0.29 0
0.73 0.29 0
0.74 0.29 0
0.75 0.29 0
0.76 0.29 0
0.77 0.29 0
0.78 0.29 0
0.79 0.29 0
0.8 0.29 0
0.81 0.29 0
0.82 0.29 0
0.83 0.29 0
0.84 0.29 0
0.85 0.29 0
0.86 0.29 0
0.87 0.29 0
0.88 0.29 0
0.89 0.29 0
0.9 0.29 0
0.91 0.29 0
0.92 0.29 0
0.93 0.29 0
0.94 0.29 0
0.95 0.29 0
0.96 0.29 0
0.97 0.29 0
0.98 0.29 0
0.99 0.29 0
0.01 0.3 0
0.02 0.3 0
0.03 0.3 0
0.04 0.3 0
0.05 0.3 0
0.06 0.3 0
0.07 0.3 0
0.08 0.3 0
0.09 0.3 0
0.1 0.3 0
0.11 0.3 0
0.12 0.3 0
0.13 0.3 0
0.14 0.3 0
0.15 0.3 0
0.16 0.3 0
0.17 0.3 0
0.18 0.3 0
0.19 0.3 0
0.2 0.3 0
0.21 0.3 0
0.22 0.3 0
0.23 0.3 0
0.24 0.3 0
0.25 0.3 0
0.26 0.3 0
0.27 0.3 0
0.28 0.3 0
0.29 0.3 0
0.3 0.3 0
0.31 0.3 0
0.32 0.3 0
0.33 0.3 0
0.34 0.3 0
0.35 0.3 0
0.36 0.3 0
0.37 0.3 0
0.38 0.3 0
0.39 0.3 0
0.4 0.3 0
0.41 0.3 0
0.42 0.3 0
0.43 0.3 0
0.44 0.3 0
0.45 0.3 0
0.46 0.3 0
0.47 0.3 0
0.48 0.3 0
0.49 0.3 0
0.5 0.3 0
0.51 0.3 0
0.52 0.3 0
0.53 0.3 0
0.54 0.3 0
0.55 0.3 0
0.56 0.3 0
0.57 0.3 0
0.58 0.3 0
0.59 0.3 0
0.6 0.3 0
0.61 0.3 0
0.62 0.3 0
0.63 0.3 0
0.64 0.3 0
0.65 0.3 0
0.66 0.3 0
0.67 0.3 0
0.68 0.3 0
0.69 0.3 0
0.7 0.3 0
0.71 0.3 0
0.72 0.3 0
0.73 0.3 0
0.74 0.3 0
0.75 0.3 0
0.76 0.3 0
0.77 0.3 0
0.78 0.3 0
0.79 0.3 0
0.8 0.3 0
0.81 0.3 0
0.82 0.3 0
0.83 0.3 0
0.84 0.3 0
0.85 0.3 0
0.86 0.3 0
0.87 0.3 0
0.88 0.3 0
0.89 0.3 0
0.9 0.3 0
0.91 0.3 0
0.92 0.3 0
0.93 0.3 0
0.94 0.3 0
0.95 0.3 0
0.96 0.3 0
0.97 0.3 0
0.98 0.3 0
0.99 0.3 0
0.01 0.31 0
0.02 0.31 0
0.03 0.31 0
0.04 0.31 0
0.05 0.31 0
0.06 0.31 0
0.07 0.31 0
0.08 0.31 0
0.09 0.31 0
0.1 0.31 0
0.11 0.31 0
0.12 0.31 0
0.13 0.31 0
0.14 0.31 0
0.15 0.31 0
0.16 0.31 0
0.17 0.31 0
0.18 0.31 0
0.19 0.31 0
0.2 0.31 0
0.21 0.31 0
0.22 0.31 0
0.23 0.31 0
0.24 0.31 0
0.25 0.31 0
0.26 0.31 0
0.27 0.31 0
0.28 0.31 0
0.29 0.31 0
0.3 0.31 0
0.31 0.31 0
0.32 0.31 0
0.33 0.31 0
0.34 0.31 0
0.35 0.31 0
0.36 0.31 0
0.37 0.31 0
0.38 0.31 0
0.39 0.31 0
0.4 0.31 0
0.41 0.31 0
0.42 0.31 0
0.43 0.31 0
0.44 0.31 0
0.45 0.31 0
0.46 0.31 0
0.47 0.31 0
0.48 0.31 0
0.49 0.31 0
0.5 0.31 0
0.51 0.31 0
0.52 0.31 0
0.53 0.31 0
0.54 0.31 0
0.55 0.31 0
0.56 0.31 0
0.57 0.31 0
0.58 0.31 0
0.59 0.31 0
0.6 0.31 0
0.61 0.31 0
0.62 0.31 0
0.63 0.31 0
0.64 0.31 0
0.65 0.31 0
0.66 0.31 0
0.67 0.31 0
0.68 0.31 0
0.69 0.31 0
0.7 0.31 0
0.71 0.31 0
0.72 0.31 0
0.73 0.31 0
0.74 0.31 0
0.75 0.31 0
0.76 0.31 0
0.77 0.31 0
0.78 0.31 0
0.79 0.31 0
0.8 0.31 0
0.81 0.31 0
0.82 0.31 0
0.83 0.31 0
0.84 0.31 0
0.85 0.31 0
0.86 0.31 0
0.87 0.31 0
0.88 0.31 0
0.89 0.31 0
0.9 0.31 0
0.91 0.31 0
0.92 0.31 0
0.93 0.31 0
0.94 0.31 0
0.95 0.31 0
0.96 0.31 0
0.97 0.31 0
0.98 0.31 0
0.99 0.31 0
0.01 0.32 0
0.02 0.32 0
0.03 0.32 0
0.04 0.32 0
0.05 0.32 0
0.06 0.32 0
0.07 0.32 0
0.08 0.32 0
0.09 0.32 0
0.1 0.32 0
0.11 0.32 0
0.12 0.32 0
0.13 0.32 0
0.14 0.32 0
0.15 0.32 0
0.16 0.32 0
0.17 0.32 0
0.18 0.32 0
0.19 0.32 0
0.2 0.32 0
0.21 0.32 0
0.22 0.32 0
0.23 0.32 0
0.24 0.32 0
0.25 0.32 0
0.26 0.32 0
0.27 0.32 0
0.28 0.32 0
0.29 0.32 0
0.3 0.32 0
0.31 0.32 0
0.32 0.32 0
0.33 0.32 0
0.34 0.32 0
0.35 0.32 0
0.36 0.32 0
0.37 0.32 0
0.38 0.32 0
0.39 0.32 0
0.4 0.32 0
0.41 0.32 0
0.42 0.32 0
0.43 0.32 0
0.44 0.32 0
0.45 0.32 0
0.46 0.32 0
0.47 0.32 0
0.48 0.32 0
0.49 0.32 0
0.5 0.32 0
0.51 0.32 0
0.52 0.32 0
0.53 0.32 0
0.54 0.32 0
0.55 0.32 0
0.56 0.32 0
0.57 0.32 0
0.58 0.32 0
0.59 0.32 0
0.6 0.32 0
0.61 0.32 0
0.62 0.32 0
0.63 0.32 0
0.64 0.32 0
0.65 0.32 0
0.66 0.32 0
0.67 0.32 0
0.68 0.32 0
0.69 0.32 0
0.7 0.32 0
0.71 0.32 0
0.72 0.32 0
0.73 0.32 0
0.74 0.32 0
0.75 0.32 0
0.76 0.32 0
0.77 0.32 0
0.78 0.32 0
0.79 0.32 0
0.8 0.32 0
0.81 0.32 0
0.82 0.32 0
0.83 0.32 0
0.84 0.32 0
0.85 0.32 0
0.86 0.32 0
0.87 0.32 0
0.88 0.32 0
0.89 0.32 0
0.9 0.32 0
0.91 0.32 0
0.92 0.32 0
0.93 0.32 0
0.94 0.32 0
0.95 0.32 0
0.96 0.32 0
0.97 0.32 0
0.98 0.32 0
0.99 0.32 0
0.01 0.33 0
0.02 0.33 0
0.03 0.33 0
0.04 0.33 0
0.05 0.33 0
0.06 0.33 0
0.07 0.33 0
0.08 0.33 0
0.09 0.33 0
0.1 0.33 0
0.11 0.33 0
0.12 0.33 0
0.13 0.33 0
0.14 0.33 0
0.15 0.33 0
0.16 0.33 0
0.17 0.33 0
0.18 0.33 0
0.19 0.33 0
0.2 0.33 0
0.21 0.33 0
0.22 0.33 0
0.23 0.33 0
0.24 0.33 0
0.25 0.33 0
0.26 0.33 0
0.27 0.33 0
0.28 0.33 0
0.29 0.33 0
0.3 0.33 0
0.31 0.33 0
0.32 0.33 0
0.33 0.33 0
0.34 0.33 0
0.35 0.33 0
0.36 0.33 0
0.37 0.33 0
0.38 0.33 0
0.39 0.33 0
0.4 0.33 0
0.41 0.33 0
0.42 0.33 0
0.43 0.33 0
0.44 0.33 0
0.45 0.33 0
0.46 0.33 0
0.47 0.33 0
0.48 0.33 0
0.49 0.33 0
0.5 0.33 0
0.51 0.33 0
0.52 0.33 0
0.53 0.33 0
0.54 0.33 0
0.55 0.33 0
0.56 0.33 0
0.57 0.33 0
0.58 0.33 0
0.59 0.33 0
0.6 0.33 0
0.61 0.33 0
0.62 0.33 0
0.63 0.33 0
0.64 0.33 0
0.65 0.33 0
0.66 0.33 0
0.67 0.33 0
0.68 0.33 0
0.69 0.33 0
0.7 0.33 0
0.71 0.33 0
0.72 0.33 0
0.73 0.33 0
0.74 0.33 0
0.75 0.33 0
0.76 0.33 0
0.77 0.33 0
0.78 0.33 0
0.79 0.33 0
0.8 0.33 0
0.81 0.33 0
0.82 0.33 0
0.83 0.33 0
0.84 0.33 0
0.85 0.33 0
0.86 0.33 0
0.87 0.33 0
0.88 0.33 0
0.89 0.33 0
0.9 0.33 0
0.91 0.33 0
0.92 0.33 0
0.93 0.33 0
0.94 0.33 0
0.95 0.33 0
0.96 0.33 0
0.97 0.33 0
0.98 0.33 0
0.99 0.33 0
0.01 0.34 0
0.02 0.34 0
0.03 0.34 0
0.04 0.34 0
0.05 0.34 0
0.06 0.34 0
0.07 0.34 0
0.08 0.34 0
0.09 0.34 0
0.1 0.34 0
0.11 0.34 0
0.12 0.34 0
0.13 0.34 0
0.14 0.34 0
0.15 0.34 0
0.16 0.34 0
0.17 0.34 0
0.18 0.34 0
0.19 0.34 0
0.2 0.34 0
0.21 0.34 0
0.22 0.34 0
0.23 0.34 0
0.24 0.34 0
0.25 0.34 0
0.26 0.34 0
0.27 0.34 0
0.28 0.34 0
0.29 0.34 0
0.3 0.34 0
0.31 0.34 0
0.32 0.34 0
0.33 0.34 0
0.34 0.34 0
0.35 0.34 0
0.36 0.34 0
0.37 0.34 0
0.38 0.34 0
0.39 0.34 0
0.4 0.34 0
0.41 0.34 0
0.42 0.34 0
0.43 0.34 0
0.44 0.34 0
0.45 0.34 0
0.46 0.34 0
0.47 0.34 0
0.48 0.34 0
0.49 0.34 0
0.5 0.34 0
0.51 0.34 0
0.52 0.34 0
0.53 0.34 0
0.54 0.34 0
0.55 0.34 0
0.56 0.34 0
0.57 0.34 0
0.58 0.34 0
0.59 0.34 0
0.6 0.34 0
0.61 0.34 0
0.62 0.34 0
0.63 0.34 0
0.64 0.34 0
0.65 0.34 0
0.66 0.34 0
0.67 0.34 0
0.68 0.34 0
0.69 0.34 0
0.7 0.34 0
0.71 0.34 0
0.72 0.34 0
0.73 0.34 0
0.74 0.34 0
0.75 0.34 0
0.76 0.34 0
0.77 0.34 0
0.78 0.34 0
0.79 0.34 0
0.8 0.34 0
0.81 0.34 0
0.82 0.34 0
0.83 0.34 0
0.84 0.34 0
0.85 0.34 0
0.86 0.34 0
0.87 0.34 0
0.88 0.34 0
0.89 0.34 0
0.9 0.34 0
0.91 0.34 0
0.92 0.34 0
0.93 0.34 0
0.94 0.34 0
0.95 0.34 0
0.96 0.34 0
0.97 0.34 0
0.98 0.34 0
0.99 0.34 0
0.01 0.35 0
0.02 0.35 0
0.03 0.35 0
0.04 0.35 0
0.05 0.35 0
0.06 0.35 0
0.07 0.35 0
0.08 0.35 0
0.09 0.35 0
0.1 0.35 0
0.11 0.35 0
0.12 0.35 0
0.13 0.35 0
0.14 0.35 0
0.15 0.35 0
0.16 0.35 0
0.17 0.35 0
0.18 0.35 0
0.19 0.35 0
0.2 0.35 0
0.21 0.35 0
0.22 0.35 0
0.23 0.35 0
0.24 0.35 0
0.25 0.35 0
0.26 0.35 0
0.27 0.35 0
0.28 0.35 0
0.29 0.35 0
0.3 0.35 0
0.31 0.35 0
0.32 0.35 0
0.33 0.35 0
0.34 0.35 0
0.35 0.35 0
0.36 0.35 0
0.37 0.35 0
0.38 0.35 0
0.39 0.35 0
0.4 0.35 0
0.41 0.35 0
0.42 0.35 0
0.43 0.35 0
0.44 0.35 0
0.45 0.35 0
0.46 0.35 0
0.47 0.35 0
0.48 0.35 0
0.49 0.35 0
0.5 0.35 0
0.51 0.35 0
0.52 0.35 0
0.53 0.35 0
0.54 0.35 0
0.55 0.35 0
0.56 0.35 0
0.57 0.35 0
0.58 0.35 0
0.59 0.35 0
0.6 0.35 0
0.61 0.35 0
0.62 0.35 0
0.63 0.35 0
0.64 0.35 0
0.65 0.35 0
0.66 0.35 0
0.67 0.35 0
0.68 0.35 0
0.69 0.35 0
0.7 0.35 0
0.71 0.35 0
0.72 0.35 0
0.73 0.35 0
0.74 0.35 0
0.75 0.35 0
0.76 0.35 0
0.77 0.35 0
0.78 0.35 0
0.79 0.35 0
0.8 0.35 0
0.81 0.35 0
0.82 0.35 0
0.83 0.35 0
0.84 0.35 0
0.85 0.35 0
0.86 0.35 0
0.87 0.35 0
0.88 0.35 0
0.89 0.35 0
0.9 0.35 0
0.91 0.35 0
0.92 0.35 0
0.93 0.35 0
0.94 0.35 0
0.95 0.35 0
0.96 0.35 0
0.97 0.35 0
0.98 0.35 0
0.99 0.35 0
0.01 0.36 0
0.02 0.36 0
0.03 0.36 0
0.04 0.36 0
0.05 0.36 0
0.06 0.36 0
0.07 0.36 0
0.08 0.36 0
0.09 0.36 0
0.1 0.36 0
0.11 0.36 0
0.12 0.36 0
0.13 0.36 0
0.14 0.36 0
0.15 0.36 0
0.16 0.36 0
0.17 0.36 0
0.18 0.36 0
0.19 0.36 0
0.2 0.36 0
0.21 0.36 0
0.22 0.36 0
0.23 0.36 0
0.24 0.36 0
0.25 0.36 0
0.26 0.36 0
0.27 0.36 0
0.28 0.36 0
0.29 0.36 0
0.3 0.36 0
0.31 0.36 0
0.32 0.36 0
0.33 0.36 0
0.34 0.36 0
0.35 0.36 0
0.36 0.36 0
0.37 0.36 0
0.38 0.36 0
0.39 0.36 0
0.4 0.36 0
0.41 0.36 0
0.42 0.36 0
0.43 0.36 0
0.44 0.36 0
0.45 0.36 0
0.46 0.36 0
0.47 0.36 0
0.48 0.36 0
0.49 0.36 0
0.5 0.36 0
0.51 0.36 0
0.52 0.36 0
0.53 0.36 0
0.54 0.36 0
0.55 0.36 0
0.56 0.36 0
0.57 0.36 0
0.58 0.36 0
0.59 0.36 0
0.6 0.36 0
0.61 0.36 0
0.62 0.36 0
0.63 0.36 0
0.64 0.36 0
0.65 0.36 0
0.66 0.36 0
0.67 0.36 0
0.68 0.36 0
0.69 0.36 0
0.7 0.36 0
0.71 0.36 0
0.72 0.36 0
0.73 0.36 0
0.74 0.36 0
0.75 0.36 0
0.76 0.36 0
0.77 0.36 0
0.78 0.36 0
0.79 0.36 0
0.8 0.36 0
0.81 0.36 0
0.82 0.36 0
0.83 0.36 0
0.84 0.36 0
0.85 0.36 0
0.86 0.36 0
0.87 0.36 0
0.88 0.36 0
0.89 0.36 0
0.9 0.36 0
0.91 0.36 0
0.92 0.36 0
0.93 0.36 0
0.94 0.36 0
0.95 0.36 0
0.96 0.36 0
0.97 0.36 0
0.98 0.36 0
0.99 0.36 0
0.01 0.37 0
0.02 0.37 0
0.03 0.37 0
0.04 0.37 0
0.05 0.37 0
0.06 0.37 0
0.07 0.37 0
0.08 0.37 0
0.09 0.37 0
0.1 0.37 0
0.11 0.37 0
0.12 0.37 0
0.13 0.37 0
0.14 0.37 0
0.15 0.37 0
0.16 0.37 0
0.17 0.37 0
0.18 0.37 0
0.19 0.37 0
0.2 0.37 0
0.21 0.37 0
0.22 0.37 0
0.23 0.37 0
0.24 0.37 0
0.25 0.37 0
0.26 0.37 0
0.27 0.37 0
0.28 0.37 0
0.29 0.37 0
0.3 0.37 0
0.31 0.37 0
0.32 0.37 0
0.33 0.37 0
0.34 0.37 0
0.35 0.37 0
0.36 0.37 0
0.37 0.37 0
0.38 0.37 0
0.39 0.37 0
0.4 0.37 0
0.41 0.37 0
0.42 0.37 0
0.43 0.37 0
0.44 0.37 0
0.45 0.37 0
0.46 0.37 0
0.47 0.37 0
0.48 0.37 0
0.49 0.37 0
0.5 0.37 0
0.51 0.37 0
0.52 0.37 0
0.53 0.37 0
0.54 0.37 0
0.55 0.37 0
0.56 0.37 0
0.57 0.37 0
0.58 0.37 0
0.59 0.37 0
0.6 0.37 0
0.61 0.37 0
0.62 0.37 0
0.63 0.37 0
0.64 0.37 0
0.65 0.37 0
0.66 0.37 0
0.67 0.37 0
0.68 0.37 0
0.69 0.37 0
0.7 0.37 0
0.71 0.37 0
0.72 0.37 0
0.73 0.37 0
0.74 0.37 0
0.75 0.37 0
0.76 0.37 0
0.77 0.37 0
0.78 0.37 0
0.79 0.37 0
0.8 0.37 0
0.81 0.37 0
0.82 0.37 0
0.83 0.37 0
0.84 0.37 0
0.85 0.37 0
0.86 0.37 0
0.87 0.37 0
0.88 0.37 0
0.89 0.37 0
0.9 0.37 0
0.91 0.37 0
0.92 0.37 0
0.93 0.37 0
0.94 0.37 0
0.95 0.37 0
0.96 0.37 0
0.97 0.37 0
0.98 0.37 0
0.99 0.37 0
0.01 0.38 0
0.02 0.38 0
0.03 0.38 0
0.04 0.38 0
0.05 0.38 0
0.06 0.38 0
0.07 0.38 0
0.08 0.38 0
0.09 0.38 0
0.1 0.38 0
0.11 0.38 0
0.12 0.38 0
0.13 0.38 0
0.14 0.38 0
0.15 0.38 0
0.16 0.38 0
0.17 0.38 0
0.18 0.38 0
0.19 0.38 0
0.2 0.38 0
0.21 0.38 0
0.22 0.38 0
0.23 0.38 0
0.24 0.38 0
0.25 0.38 0
0.26 0.38 0
0.27 0.38 0
0.28 0.38 0
0.29 0.38 0
0.3 0.38 0
0.31 0.38 0
0.32 0.38 0
0.33 0.38 0
0.34 0.38 0
0.35 0.38 0
0.36 0.38 0
0.37 0.38 0
0.38 0.38 0
0.39 0.38 0
0.4 0.38 0
0.41 0.38 0
0.42 0.38 0
0.43 0.38 0
0.44 0.38 0
0.45 0.38 0
0.46 0.38 0
0.47 0.38 0
0.48 0.38 0
0.49 0.38 0
0.5 0.38 0
0.51 0.38 0
0.52 0.38 0
0.53 0.38 0
0.54 0.38 0
0.55 0.38 0
0.56 0.38 0
0.57 0.38 0
0.58 0.38 0
0.59 0.38 0
0.6 0.38 0
0.61 0.38 0
0.62 0.38 0
0.63 0.38 0
0.64 0.38 0
0.65 0.38 0
0.66 0.38 0
0.67 0.38 0
0.68 0.38 0
0.69 0.38 0
0.7 0.38 0
0.71 0.38 0
0.72 0.38 0
0.73 0.38 0
0.74 0.38 0
0.75 0.38 0
0.76 0.38 0
0.77 0.38 0
0.78 0.38 0
0.79 0.38 0
0.8 0.38 0
0.81 0.38 0
0.82 0.38 0
0.83 0.38 0
0.84 0.38 0
0.85 0.38 0
0.86 0.38 0
0.87 0.38 0
0.88 0.38 0
0.89 0.38 0
0.9 0.38 0
0.91 0.38 0
0.92 0.38 0
0.93 0.38 0
0.94 0.38 0
0.95 0.38 0
0.96 0.38 0
0.97 0.38 0
0.98 0.38 0
0.99 0.38 0
0.01 0.39 0
0.02 0.39 0
0.03 0.39 0
0.04 0.39 0
0.05 0.39 0
0.06 0.39 0
0.07 0.39 0
0.08 0.39 0
0.09 0.39 0
0.1 0.39 0
0.11 0.39 0
0.12 0.39 0
0.13 0.39 0
0.14 0.39 0
0.15 0.39 0
0.16 0.39 0
0.17 0.39 0
0.18 0.39 0
0.19 0.39 0
0.2 0.39 0
0.21 0.39 0
0.22 0.39 0
0.23 0.39 0
0.24 0.39 0
0.25 0.39 0
0.26 0.39 0
0.27 0.39 0
0.28 0.39 0
0.29 0.39 0
0.3 0.39 0
0.31 0.39 0
0.32 0.39 0
0.33 0.39 0
0.34 0.39 0
0.35 0.39 0
0.36 0.39 0
0.37 0.39 0
0.38 0.39 0
0.39 0.39 0
0.4 0.39 0
0.41 0.39 0
0.42 0.39 0
0.43 0.39 0
0.44 0.39 0
0.45 0.39 0
0.46 0.39 0
0.47 0.39 0
0.48 0.39 0
0.49 0.39 0
0.5 0.39 0
0.51 0.39 0
0.52 0.39 0
0.53 0.39 0
0.54 0.39 0
0.55 0.39 0
0.56 0.39 0
0.57 0.39 0
0.58 0.39 0
0.59 0.39 0
0.6 0.39 0
0.61 0.39 0
0.62 0.39 0
0.63 0.39 0
0.64 0.39 0
0.65 0.39 0
0.66 0.39 0
0.67 0.39 0
0.68 0.39 0
0.69 0.39 0
0.7 0.39 0
0.71 0.39 0
0.72 0.39 0
0.73 0.39 0
0.74 0.39 0
0.75 0.39 0
0.76 0.39 0
0.77 0.39 0
0.78 0.39 0
0.79 0.39 0
0.8 0.39 0
0.81 0.39 0
0.82 0.39 0
0.83 0.39 0
0.84 0.39 0
0.85 0.39 0
0.86 0.39 0
0.87 0.39 0
0.88 0.39 0
0.89 0.39 0
0.9 0.39 0
0.91 0.39 0
0.92 0.39 0
0.93 0.39 0
0.94 0.39 0
0.95 0.39 0
0.96 0.39 0
0.97 0.39 0
0.98 0.39 0
0.99 0.39 0
0.01 0.4 0
0.02 0.4 0
0.03 0.4 0
0.04 0.4 0
0.05 0.4 0
0.06 0.4 0
0.07 0.4 0
0.08 0.4 0
0.09 0.4 0
0.1 0.4 0
0.11 0.4 0
0.12 0.4 0
0.13 0.4 0
0.14 0.4 0
0.15 0.4 0
0.16 0.4 0
0.17 0.4 0
0.18 0.4 0
0.19 0.4 0
0.2 0.4 0
0.21 0.4 0
0.22 0.4 0
0.23 0.4 0
0.24 0.4 0
0.25 0.4 0
0.26 0.4 0
0.27 0.4 0
0.28 0.4 0
0.29 0.4 0
0.3 0.4 0
0.31 0.4 0
0.32 0.4 0
0.33 0.4 0
0.34 0.4 0
0.35 0.4 0
0.36 0.4 0
0.37 0.4 0
0.38 0.4 0
0.39 0.4 0
0.4 0.4 0
0.41 0.4 0
0.42 0.4 0
0.43 0.4 0
0.44 0.4 0
0.45 0.4 0
0.46 0.4 0
0.47 0.4 0
0.48 0.4 0
0.49 0.4 0
0.5 0.4 0
0.51 0.4 0
0.52 0.4 0
0.53 0.4 0
0.54 0.4 0
0.55 0.4 0
0.56 0.4 0
0.57 0.4 0
0.58 0.4 0
0.59 0.4 0
0.6 0.4 0
0.61 0.4 0
0.62 0.4 0
0.63 0.4 0
0.64 0.4 0
0.65 0.4 0
0.66 0.4 0
0.67 0.4 0
0.68 0.4 0
0.69 0.4 0
0.7 0.4 0
0.71 0.4 0
0.72 0.4 0
0.73 0.4 0
0.74 0.4 0
0.75 0.4 0
0.76 0.4 0
0.77 0.4 0
0.78 0.4 0
0.79 0.4 0
0.8 0.4 0
0.81 0.4 0
0.82 0.4 0
0.83 0.4 0
0.84 0.4 0
0.85 0.4 0
0.86 0.4 0
0.87 0.4 0
0.88 0.4 0
0.89 0.4 0
0.9 0.4 0
0.91 0.4 0
0.92 0.4 0
0.93 0.4 0
0.94 0.4 0
0.95 0.4 0
0.96 0.4 0
0.97 0.4 0
0.98 0.4 0
0.99 0.4 0
0.01 0.41 0
0.02 0.41 0
0.03 0.41 0
0.04 0.41 0
0.05 0.41 0
0.06 0.41 0
0.07 0.41 0
0.08 0.41 0
0.09 0.41 0
0.1 0.41 0
0.11 0.41 0
0.12 0.41 0
0.13 0.41 0
0.14 0.41 0
0.15 0.41 0
0.16 0.41 0
0.17 0.41 0
0.18 0.41 0
0.19 0.41 0
0.2 0.41 0
0.21 0.41 0
0.22 0.41 0
0.23 0.41 0
0.24 0.41 0
0.25 0.41 0
0.26 0.41 0
0.27 0.41 0
0.28 0.41 0
0.29 0.41 0
0.3 0.41 0
0.31 0.41 0
0.32 0.41 0
0.33 0.41 0
0.34 0.41 0
0.35 0.41 0
0.36 0.41 0
0.37 0.41 0
0.38 0.41 0
0.39 0.41 0
0.4 0.41 0
0.41 0.41 0
0.42 0.41 0
0.43 0.41 0
0.44 0.41 0
0.45 0.41 0
0.46 0.41 0
0.47 0.41 0
0.48 0.41 0
0.49 0.41 0
0.5 0.41 0
0.51 0.41 0
0.52 0.41 0
0.53 0.41 0
0.54 0.41 0
0.55 0.41 0
0.56 0.41 0
0.57 0.41 0
0.58 0.41 0
0.59 0.41 0
0.6 0.41 0
0.61 0.41 0
0.62 0.41 0
0.63 0.41 0
0.64 0.41 0
0.65 0.41 0
0.66 0.41 0
0.67 0.41 0
0.68 0.41 0
0.69 0.41 0
0.7 0.41 0
0.71 0.41 0
0.72 0.41 0
0.73 0.41 0
0.74 0.41 0
0.75 0.41 0
0.76 0.41 0
0.77 0.41 0
0.78 0.41 0
0.79 0.41 0
0.8 0.41 0
0.81 0.41 0
0.82 0.41 0
0.83 0.41 0
0.84 0.41 0
0.85 0.41 0
0.86 0.41 0
0.87 0.41 0
0.88 0.41 0
0.89 0.41 0
0.9 0.41 0
0.91 0.41 0
0.92 0.41 0
0.93 0.41 0
0.94 0.41 0
0.95 0.41 0
0.96 0.41 0
0.97 0.41 0
0.98 0.41 0
0.99 0.41 0
0.01 0.42 0
0.02 0.42 0
0.03 0.42 0
0.04 0.42 0
0.05 0.42 0
0.06 0.42 0
0.07 0.42 0
0.08 0.42 0
0.09 0.42 0
0.1 0.42 0
0.11 0.42 0
0.12 0.42 0
0.13 0.42 0
0.14 0.42 0
0.15 0.42 0
0.16 0.42 0
0.17 0.42 0
0.18 0.42 0
0.19 0.42 0
0.2 0.42 0
0.21 0.42 0
0.22 0.42 0
0.23 0.42 0
0.24 0.42 0
0.25 0.42 0
0.26 0.42 0
0.27 0.42 0
0.28 0.42 0
0.29 0.42 0
0.3 0.42 0
0.31 0.42 0
0.32 0.42 0
0.33 0.42 0
0.34 0.42 0
0.35 0.42 0
0.36 0.42 0
0.37 0.42 0
0.38 0.42 0
0.39 0.42 0
0.4 0.42 0
0.41 0.42 0
0.42 0.42 0
0.43 0.42 0
0.44 0.42 0
0.45 0.42 0
0.46 0.42 0
0.47 0.42 0
0.48 0.42 0
0.49 0.42 0
0.5 0.42 0
0.51 0.42 0
0.52 0.42 0
0.53 0.42 0
0.54 0.42 0
0.55 0.42 0
0.56 0.42 0
0.57 0.42 0
0.58 0.42 0
0.59 0.42 0
0.6 0.42 0
0.61 0.42 0
0.62 0.42 0
0.63 0.42 0
0.64 0.42 0
0.65 0.42 0
0.66 0.42 0
0.67 0.42 0
0.68 0.42 0
0.69 0.42 0
0.7 0.42 0
0.71 0.42 0
0.72 0.42 0
0.73 0.42 0
0.74 0.42 0
0.75 0.42 0
0.76 0.42 0
0.77 0.42 0
0.78 0.42 0
0.79 0.42 0
0.8 0.42 0
0.81 0.42 0
0.82 0.42 0
0.83 0.42 0
0.84 0.42 0
0.85 0.42 0
0.86 0.42 0
0.87 0.42 0
0.88 0.42 0
0.89 0.42 0
0.9 0.42 0
0.91 0.42 0
0.92 0.42 0
0.93 0.42 0
0.94 0.42 0
0.95 0.42 0
0.96 0.42 0
0.97 0.42 0
0.98 0.42 0
0.99 0.42 0
0.01 0.43 0
0.02 0.43 0
0.03 0.43 0
0.04 0.43 0
0.05 0.43 0
0.06 0.43 0
0.07 0.43 0
0.08 0.43 0
0.09 0.43 0
0.1 0.43 0
0.11 0.43 0
0.12 0.43 0
0.13 0.43 0
0.14 0.43 0
0.15 0.43 0
0.16 0.43 0
0.17 0.43 0
0.18 0.43 0
0.19 0.43 0
0.2 0.43 0
0.21 0.43 0
0.22 0.43 0
0.23 0.43 0
0.24 0.43 0
0.25 0.43 0
0.26 0.43 0
0.27 0.43 0
0.28 0.43 0
0.29 0.43 0
0.3 0.43 0
0.31 0.43 0
0.32 0.43 0
0.33 0.43 0
0.34 0.43 0
0.35 0.43 0
0.36 0.43 0
0.37 0.43 0
0.38 0.43 0
0.39 0.43 0
0.4 0.43 0
0.41 0.43 0
0.42 0.43 0
0.43 0.43 0
0.44 0.43 0
0.45 0.43 0
0.46 0.43 0
0.47 0.43 0
0.48 0.43 0
0.49 0.43 0
0.5 0.43 0
0.51 0.43 0
0.52 0.43 0
0.53 0.43 0
0.54 0.43 0
0.55 0.43 0
0.56 0.43 0
0.57 0.43 0
0.58 0.43 0
0.59 0.43 0
0.6 0.43 0
0.61 0.43 0
0.62 0.43 0
0.63 0.43 0
0.64 0.43 0
0.65 0.43 0
0.66 0.43 0
0.67 0.43 0
0.68 0.43 0
0.69 0.43 0
0.7 0.43 0
0.71 0.43 0
0.72 0.43 0
0.73 0.43 0
0.74 0.43 0
0.75 0.43 0
0.76 0.43 0
0.77 0.43 0
0.78 0.43 0
0.79 0.43 0
0.8 0.43 0
0.81 0.43 0
0.82 0.43 0
0.83 0.43 0
0.84 0.43 0
0.85 0.43 0
0.86 0.43 0
0.87 0.43 0
0.88 0.43 0
0.89 0.43 0
0.9 0.43 0
0.91 0.43 0
0.92 0.43 0
0.93 0.43 0
0.94 0.43 0
0.95 0.43 0
0.96 0.43 0
0.97 0.43 0
0.98 0.43 0
0.99 0.43 0
0.01 0.44 0
0.02 0.44 0
0.03 0.44 0
0.04 0.44 0
0.05 0.44 0
0.06 0.44 0
0.07 0.44 0
0.08 0.44 0
0.09 0.44 0
0.1 0.44 0
0.11 0.44 0
0.12 0.44 0
0.13 0.44 0
0.14 0.44 0
0.15 0.44 0
0.16 0.44 0
0.17 0.44 0
0.18 0.44 0
0.19 0.44 0
0.2 0.44 0
0.21 0.44 0
0.22 0.44 0
0.23 0.44 0
0.24 0.44 0
0.25 0.44 0
0.26 0.44 0
0.27 0.44 0
0.28 0.44 0
0.29 0.44 0
0.3 0.44 0
0.31 0.44 0
0.32 0.44 0
0.33 0.44 0
0.34 0.44 0
0.35 0.44 0
0.36 0.44 0
0.37 0.44 0
0.38 0.44 0
0.39 0.44 0
0.4 0.44 0
0.41 0.44 0
0.42 0.44 0
0.43 0.44 0
0.44 0.44 0
0.45 0.44 0
0.46 0.44 0
0.47 0.44 0
0.48 0.44 0
0.49 0.44 0
0.5 0.44 0
0.51 0.44 0
0.52 0.44 0
0.53 0.44 0
0.54 0.44 0
0.55 0.44 0
0.56 0.44 0
0.57 0.44 0
0.58 0.44 0
0.59 0.44 0
0.6 0.44 0
0.61 0.44 0
0.62 0.44 0
0.63 0.44 0
0.64 0.44 0
0.65 0.44 0
0.66 0.44 0
0.67 0.44 0
0.68 0.44 0
0.69 0.44 0
0.7 0.44 0
0.71 0.44 0
0.72 0.44 0
0.73 0.44 0
0.74 0.44 0
0.75 0.44 0
0.76 0.44 0
0.77 0.44 0
0.78 0.44 0
0.79 0.44 0
0.8 0.44 0
0.81 0.44 0
0.82 0.44 0
0.83 0.44 0
0.84 0.44 0
0.85 0.44 0
0.86 0.44 0
0.87 0.44 0
0.88 0.44 0
0.89 0.44 0
0.9 0.44 0
0.91 0.44 0
0.92 0.44 0
0.93 0.44 0
0.94 0.44 0
0.95 0.44 0
0.96 0.44 0
0.97 0.44 0
0.98 0.44 0
0.99 0.44 0
0.01 0.45 0
0.02 0.45 0
0.03 0.45 0
0.04 0.45 0
0.05 0.45 0
0.06 0.45 0
0.07 0.45 0
0.08 0.45 0
0.09 0.45 0
0.1 0.45 0
0.11 0.45 0
0.12 0.45 0
0.13 0.45 0
0.14 0.45 0
0.15 0.45 0
0.16 0.45 0
0.17 0.45 0
0.18 0.45 0
0.19 0.45 0
0.2 0.45 0
0.21 0.45 0
0.22 0.45 0
0.23 0.45 0
0.24 0.45 0
0.25 0.45 0
0.26 0.45 0
0.27 0.45 0
0.28 0.45 0
0.29 0.45 0
0.3 0.45 0
0.31 0.45 0
0.32 0.45 0
0.33 0.45 0
0.34 0.45 0
0.35 0.45 0
0.36 0.45 0
0.37 0.45 0
0.38 0.45 0
0.39 0.45 0
0.4 0.45 0
0.41 0.45 0
0.42 0.45 0
0.43 0.45 0
0.44 0.45 0
0.45 0.45 0
0.46 0.45 0
0.47 0.45 0
0.48 0.45 0
0.49 0.45 0
0.5 0.45 0
0.51 0.45 0
0.52 0.45 0
0.53 0.45 0
0.54 0.45 0
0.55 0.45 0
0.56 0.45 0
0.57 0.45 0
0.58 0.45 0
0.59 0.45 0
0.6 0.45 0
0.61 0.45 0
0.62 0.45 0
0.63 0.45 0
0.64 0.45 0
0.65 0.45 0
0.66 0.45 0
0.67 0.45 0
0.68 0.45 0
0.69 0.45 0
0.7 0.45 0
0.71 0.45 0
0.72 0.45 0
0.73 0.45 0
0.74 0.45 0
0.75 0.45 0
0.76 0.45 0
0.77 0.45 0
0.78 0.45 0
0.79 0.45 0
0.8 0.45 0
0.81 0.45 0
0.82 0.45 0
0.83 0.45 0
0.84 0.45 0
0.85 0.45 0
0.86 0.45 0
0.87 0.45 0
0.88 0.45 0
0.89 0.45 0
0.9 0.45 0
0.91 0.45 0
0.92 0.45 0
0.93 0.45 0
0.94 0.45 0
0.95 0.45 0
0.96 0.45 0
0.97 0.45 0
0.98 0.45 0
0.99 0.45 0
0.01 0.46 0
0.02 0.46 0
0.03 0.46 0
0.04 0.46 0
0.05 0.46 0
0.06 0.46 0
0.07 0.46 0
0.08 0.46 0
0.09 0.46 0
0.1 0.46 0
0.11 0.46 0
0.12 0.46 0
0.13 0.46 0
0.14 0.46 0
0.15 0.46 0
0.16 0.46 0
0.17 0.46 0
0.18 0.46 0
0.19 0.46 0
0.2 0.46 0
0.21 0.46 0
0.22 0.46 0
0.23 0.46 0
0.24 0.46 0
0.25 0.46 0
0.26 0.46 0
0.27 0.46 0
0.28 0.46 0
0.29 0.46 0
0.3 0.46 0
0.31 0.46 0
0.32 0.46 0
0.33 0.46 0
0.34 0.46 0
0.35 0.46 0
0.36 0.46 0
0.37 0.46 0
0.38 0.46 0
0.39 0.46 0
0.4 0.46 0
0.41 0.46 0
0.42 0.46 0
0.43 0.46 0
0.44 0.46 0
0.45 0.46 0
0.46 0.46 0
0.47 0.46 0
0.48 0.46 0
0.49 0.46 0
0.5 0.46 0
0.51 0.46 0
0.52 0.46 0
0.53 0.46 0
0.54 0.46 0
0.55 0.46 0
0.56 0.46 0
0.57 0.46 0
0.58 0.46 0
0.59 0.46 0
0.6 0.46 0
0.61 0.46 0
0.62 0.46 0
0.63 0.46 0
0.64 0.46 0
0.65 0.46 0
0.66 0.46 0
0.67 0.46 0
0.68 0.46 0
0.69 0.46 0
0.7 0.46 0
0.71 0.46 0
0.72 0.46 0
0.73 0.46 0
0.74 0.46 0
0.75 0.46 0
0.76 0.46 0
0.77 0.46 0
0.78 0.46 0
0.79 0.46 0
0.8 0.46 0
0.81 0.46 0
0.82 0.46 0
0.83 0.46 0
0.84 0.46 0
0.85 0.46 0
0.86 0.46 0
0.87 0.46 0
0.88 0.46 0
0.89 0.46 0
0.9 0.46 0
0.91 0.46 0
0.92 0.46 0
0.93 0.46 0
0.94 0.46 0
0.95 0.46 0
0.96 0.46 0
0.97 0.46 0
0.98 0.46 0
0.99 0.46 0
0.01 0.47 0
0.02 0.47 0
0.03 0.47 0
0.04 0.47 0
0.05 0.47 0
0.06 0.47 0
0.07 0.47 0
0.08 0.47 0
0.09 0.47 0
0.1 0.47 0
0.11 0.47 0
0.12 0.47 0
0.13 0.47 0
0.14 0.47 0
0.15 0.47 0
0.16 0.47 0
0.17 0.47 0
0.18 0.47 0
0.19 0.47 0
0.2 0.47 0
0.21 0.47 0
0.22 0.47 0
0.23 0.47 0
0.24 0.47 0
0.25 0.47 0
0.26 0.47 0
0.27 0.47 0
0.28 0.47 0
0.29 0.47 0
0.3 0.47 0
0.31 0.47 0
0.32 0.47 0
0.33 0.47 0
0.34 0.47 0
0.35 0.47 0
0.36 0.47 0
0.37 0.47 0
0.38 0.47 0
0.39 0.47 0
0.4 0.47 0
0.41 0.47 0
0.42 0.47 0
0.43 0.47 0
0.44 0.47 0
0.45 0.47 0
0.46 0.47 0
0.47 0.47 0
0.48 0.47 0
0.49 0.47 0
0.5 0.47 0
0.51 0.47 0
0.52 0.47 0
0.53 0.47 0
0.54 0.47 0
0.55 0.47 0
0.56 0.47 0
0.57 0.47 0
0.58 0.47 0
0.59 0.47 0
0.6 0.47 0
0.61 0.47 0
0.62 0.47 0
0.63 0.47 0
0.64 0.47 0
0.65 0.47 0
0.66 0.47 0
0.67 0.47 0
0.68 0.47 0
0.69 0.47 0
0.7 0.47 0
0.71 0.47 0
0.72 0.47 0
0.73 0.47 0
0.74 0.47 0
0.75 0.47 0
0.76 0.47 0
0.77 0.47 0
0.78 0.47 0
0.79 0.47 0
0.8 0.47 0
0.81 0.47 0
0.82 0.47 0
0.83 0.47 0
0.84 0.47 0
0.85 0.47 0
0.86 0.47 0
0.87 0.47 0
0.88 0.47 0
0.89 0.47 0
0.9 0.47 0
0.91 0.47 0
0.92 0.47 0
0.93 0.47 0
0.94 0.47 0
0.95 0.47 0
0.96 0.47 0
0.97 0.47 0
0.98 0.47 0
0.99 0.47 0
0.01 0.48 0
0.02 0.48 0
0.03 0.48 0
0.04 0.48 0
0.05 0.48 0
0.06 0.48 0
0.07 0.48 0
0.08 0.48 0
0.09 0.48 0
0.1 0.48 0
0.11 0.48 0
0.12 0.48 0
0.13 0.48 0
0.14 0.48 0
0.15 0.48 0
0.16 0.48 0
0.17 0.48 0
0.18 0.48 0
0.19 0.48 0
0.2 0.48 0
0.21 0.48 0
0.22 0.48 0
0.23 0.48 0
0.24 0.48 0
0.25 0.48 0
0.26 0.48 0
0.27 0.48 0
0.28 0.48 0
0.29 0.48 0
0.3 0.48 0
0.31 0.48 0
0.32 0.48 0
0.33 0.48 0
0.34 0.48 0
0.35 0.48 0
0.36 0.48 0
0.37 0.48 0
0.38 0.48 0
0.39 0.48 0
0.4 0.48 0
0.41 0.48 0
0.42 0.48 0
0.43 0.48 0
0.44 0.48 0
0.45 0.48 0
0.46 0.48 0
0.47 0.48 0
0.48 0.48 0
0.49 0.48 0
0.5 0.48 0
0.51 0.48 0
0.52 0.48 0
0.53 0.48 0
0.54 0.48 0
0.55 0.48 0
0.56 0.48 0
0.57 0.48 0
0.58 0.48 0
0.59 0.48 0
0.6 0.48 0
0.61 0.48 0
0.62 0.48 0
0.63 0.48 0
0.64 0.48 0
0.65 0.48 0
0.66 0.48 0
0.67 0.48 0
0.68 0.48 0
0.69 0.48 0
0.7 0.48 0
0.71 0.48 0
0.72 0.48 0
0.73 0.48 0
0.74 0.48 0
0.75 0.48 0
0.76 0.48 0
0.77 0.48 0
0.78 0.48 0
0.79 0.48 0
0.8 0.48 0
0.81 0.48 0
0.82 0.48 0
0.83 0.48 0
0.84 0.48 0
0.85 0.48 0
0.86 0.48 0
0.87 0.48 0
0.88 0.48 0
0.89 0.48 0
0.9 0.48 0
0.91 0.48 0
0.92 0.48 0
0.93 0.48 0
0.94 0.48 0
0.95 0.48 0
0.96 0.48 0
0.97 0.48 0
0.98 0.48 0
0.99 0.48 0
0.01 0.49 0
0.02 0.49 0
0.03 0.49 0
0.04 0.49 0
0.05 0.49 0
0.06 0.49 0
0.07 0.49 0
0.08 0.49 0
0.09 0.49 0
0.1 0.49 0
0.11 0.49 0
0.12 0.49 0
0.13 0.49 0
0.14 0.49 0
0.15 0.49 0
0.16 0.49 0
0.17 0.49 0
0.18 0.49 0
0.19 0.49 0
0.2 0.49 0
0.21 0.49 0
0.22 0.49 0
0.23 0.49 0
0.24 0.49 0
0.25 0.49 0
0.26 0.49 0
0.27 0.49 0
0.28 0.49 0
0.29 0.49 0
0.3 0.49 0
0.31 0.49 0
0.32 0.49 0
0.33 0.49 0
0.34 0.49 0
0.35 0.49 0
0.36 0.49 0
0.37 0.49 0
0.38 0.49 0
0.39 0.49 0
0.4 0.49 0
0.41 0.49 0
0.42 0.49 0
0.43 0.49 0
0.44 0.49 0
0.45 0.49 0
0.46 0.49 0
0.47 0.49 0
0.48 0.49 0
0.49 0.49 0
0.5 0.49 0
0.51 0.49 0
0.52 0.49 0
0.53 0.49 0
0.54 0.49 0
0.55 0.49 0
0.56 0.49 0
0.57 0.49 0
0.58 0.49 0
0.59 0.49 0
0.6 0.49 0
0.61 0.49 0
0.62 0.49 0
0.63 0.49 0
0.64 0.49 0
0.65 0.49 0
0.66 0.49 0
0.67 0.49 0
0.68 0.49 0
0.69 0.49 0
0.7 0.49 0
0.71 0.49 0
0.72 0.49 0
0.73 0.49 0
0.74 0.49 0
0.75 0.49 0
0.76 0.49 0
0.77 0.49 0
0.78 0.49 0
0.79 0.49 0
0.8 0.49 0
0.81 0.49 0
0.82 0.49 0
0.83 0.49 0
0.84 0.49 0
0.85 0.49 0
0.86 0.49 0
0.87 0.49 0
0.88 0.49 0
0.89 0.49 0
0.9 0.49 0
0.91 0.49 0
0.92 0.49 0
0.93 0.49 0
0.94 0.49 0
0.95 0.49 0
0.96 0.49 0
0.97 0.49 0
0.98 0.49 0
0.99 0.49 0
0.01 0.5 0
0.02 0.5 0
0.03 0.5 0
0.04 0.5 0
0.05 0.5 0
0.06 0.5 0
0.07 0.5 0
0.08 0.5 0
0.09 0.5 0
0.1 0.5 0
0.11 0.5 0
0.12 0.5 0
0.13 0.5 0
0.14 0.5 0
0.15 0.5 0
0.16 0.5 0
0.17 0.5 0
0.18 0.5 0
0.19 0.5 0
0.2 0.5 0
0.21 0.5 0
0.22 0.5 0
0.23 0.5 0
0.24 0.5 0
0.25 0.5 0
0.26 0.5 0
0.27 0.5 0
0.28 0.5 0
0.29 0.5 0
0.3 0.5 0
0.31 0.5 0
0.32 0.5 0
0.33 0.5 0
0.34 0.5 0
0.35 0.5 0
0.36 0.5 0
0.37 0.5 0
0.38 0.5 0
0.39 0.5 0
0.4 0.5 0
0.41 0.5 0
0.42 0.5 0
0.43 0.5 0
0.44 0.5 0
0.45 0.5 0
0.46 0.5 0
0.47 0.5 0
0.48 0.5 0
0.49 0.5 0
0.5 0.5 0
0.51 0.5 0
0.52 0.5 0
0.53 0.5 0
0.54 0.5 0
0.55 0.5 0
0.56 0.5 0
0.57 0.5 0
0.58 0.5 0
0.59 0.5 0
0.6 0.5 0
0.61 0.5 0
0.62 0.5 0
0.63 0.5 0
0.64 0.5 0
0.65 0.5 0
0.66 0.5 0
0.67 0.5 0
0.68 0.5 0
0.69 0.5 0
0.7 0.5 0
0.71 0.5 0
0.72 0.5 0
0.73 0.5 0
0.74 0.5 0
0.75 0.5 0
0.76 0.5 0
0.77 0.5 0
0.78 0.5 0
0.79 0.5 0
0.8 0.5 0
0.81 0.5 0
0.82 0.5 0
0.83 0.5 0
0.84 0.5 0
0.85 0.5 0
0.86 0.5 0
0.87 0.5 0
0.88 0.5 0
0.89 0.5 0
0.9 0.5 0
0.91 0.5 0
0.92 0.5 0
0.93 0.5 0
0.94 0.5 0
0.95 0.5 0
0.96 0.5 0
0.97 0.5 0
0.98 0.5 0
0.99 0.5 0
0.01 0.51 0
0.02 0.51 0
0.03 0.51 0
0.04 0.51 0
0.05 0.51 0
0.06 0.51 0
0.07 0.51 0
0.08 0.51 0
0.09 0.51 0
0.1 0.51 0
0.11 0.51 0
0.12 0.51 0
0.13 0.51 0
0.14 0.51 0
0.15 0.51 0
0.16 0.51 0
0.17 0.51 0
0.18 0.51 0
0.19 0.51 0
0.2 0.51 0
0.21 0.51 0
0.22 0.51 0
0.23 0.51 0
0.24 0.51 0
0.25 0.51 0
0.26 0.51 0
0.27 0.51 0
0.28 0.51 0
0.29 0.51 0
0.3 0.51 0
0.31 0.51 0
0.32 0.51 0
0.33 0.51 0
0.34 0.51 0
0.35 0.51 0
0.36 0.51 0
0.37 0.51 0
0.38 0.51 0
0.39 0.51 0
0.4 0.51 0
0.41 0.51 0
0.42 0.51 0
0.43 0.51 0
0.44 0.51 0
0.45 0.51 0
0.46 0.51 0
0.47 0.51 0
0.48 0.51 0
0.49 0.51 0
0.5 0.51 0
0.51 0.51 0
0.52 0.51 0
0.53 0.51 0
0.54 0.51 0
0.55 0.51 0
0.56 0.51 0
0.57 0.51 0
0.58 0.51 0
0.59 0.51 0
0.6 0.51 0
0.61 0.51 0
0.62 0.51 0
0.63 0.51 0
0.64 0.51 0
0.65 0.51 0
0.66 0.51 0
0.67 0.51 0
0.68 0.51 0
0.69 0.51 0
0.7 0.51 0
0.71 0.51 0
0.72 0.51 0
0.73 0.51 0
0.74 0.51 0
0.75 0.51 0
0.76 0.51 0
0.77 0.51 0
0.78 0.51 0
0.79 0.51 0
0.8 0.51 0
0.81 0.51 0
0.82 0.51 0
0.83 0.51 0
0.84 0.51 0
0.85 0.51 0
0.86 0.51 0
0.87 0.51 0
0.88 0.51 0
0.89 0.51 0
0.9 0.51 0
0.91 0.51 0
0.92 0.51 0
0.93 0.51 0
0.94 0.51 0
0.95 0.51 0
0.96 0.51 0
0.97 0.51 0
0.98 0.51 0
0.99 0.51 0
0.01 0.52 0
0.02 0.52 0
0.03 0.52 0
0.04 0.52 0
0.05 0.52 0
0.06 0.52 0
0.07 0.52 0
0.08 0.52 0
0.09 0.52 0
0.1 0.52 0
0.11 0.52 0
0.12 0.52 0
0.13 0.52 0
0.14 0.52 0
0.15 0.52 0
0.16 0.52 0
0.17 0.52 0
0.18 0.52 0
0.19 0.52 0
0.2 0.52 0
0.21 0.52 0
0.22 0.52 0
0.23 0.52 0
0.24 0.52 0
0.25 0.52 0
0.26 0.52 0
0.27 0.52 0
0.28 0.52 0
0.29 0.52 0
0.3 0.52 0
0.31 0.52 0
0.32 0.52 0
0.33 0.52 0
0.34 0.52 0
0.35 0.52 0
0.36 0.52 0
0.37 0.52 0
0.38 0.52 0
0.39 0.52 0
0.4 0.52 0
0.41 0.52 0
0.42 0.52 0
0.43 0.52 0
0.44 0.52 0
0.45 0.52 0
0.46 0.52 0
0.47 0.52 0
0.48 0.52 0
0.49 0.52 0
0.5 0.52 0
0.51 0.52 0
0.52 0.52 0
0.53 0.52 0
0.54 0.52 0
0.55 0.52 0
0.56 0.52 0
0.57 0.52 0
0.58 0.52 0
0.59 0.52 0
0.6 0.52 0
0.61 0.52 0
0.62 0.52 0
0.63 0.52 0
0.64 0.52 0
0.65 0.52 0
0.66 0.52 0
0.67 0.52 0
0.68 0.52 0
0.69 0.52 0
0.7 0.52 0
0.71 0.52 0
0.72 0.52 0
0.73 0.52 0
0.74 0.52 0
0.75 0.52 0
0.76 0.52 0
0.77 0.52 0
0.78 0.52 0
0.79 0.52 0
0.8 0.52 0
0.81 0.52 0
0.82 0.52 0
0.83 0.52 0
0.84 0.52 0
0.85 0.52 0
0.86 0.52 0
0.87 0.52 0
0.88 0.52 0
0.89 0.52 0
0.9 0.52 0
0.91 0.52 0
0.92 0.52 0
0.93 0.52 0
0.94 0.52 0
0.95 0.52 0
0.96 0.52 0
0.97 0.52 0
0.98 0.52 0
0.99 0.52 0
0.01 0.53 0
0.02 0.53 0
0.03 0.53 0
0.04 0.53 0
0.05 0.53 0
0.06 0.53 0
0.07 0.53 0
0.08 0.53 0
0.09 0.53 0
0.1 0.53 0
0.11 0.53 0
0.12 0.53 0
0.13 0.53 0
0.14 0.53 0
0.15 0.53 0
0.16 0.53 0
0.17 0.53 0
0.18 0.53 0
0.19 0.53 0
0.2 0.53 0
0.21 0.53 0
0.22 0.53 0
0.23 0.53 0
0.24 0.53 0
0.25 0.53 0
0.26 0.53 0
0.27 0.53 0
0.28 0.53 0
0.29 0.53 0
0.3 0.53 0
0.31 0.53 0
0.32 0.53 0
0.33 0.53 0
0.34 0.53 0
0.35 0.53 0
0.36 0.53 0
0.37 0.53 0
0.38 0.53 0
0.39 0.53 0
0.4 0.53 0
0.41 0.53 0
0.42 0.53 0
0.43 0.53 0
0.44 0.53 0
0.45 0.53 0
0.46 0.53 0
0.47 0.53 0
0.48 0.53 0
0.49 0.53 0
0.5 0.53 0
0.51 0.53 0
0.52 0.53 0
0.53 0.53 0
0.54 0.53 0
0.55 0.53 0
0.56 0.53 0
0.57 0.53 0
0.58 0.53 0
0.59 0.53 0
0.6 0.53 0
0.61 0.53 0
0.62 0.53 0
0.63 0.53 0
0.64 0.53 0
0.65 0.53 0
0.66 0.53 0
0.67 0.53 0
0.68 0.53 0
0.69 0.53 0
0.7 0.53 0
0.71 0.53 0
0.72 0.53 0
0.73 0.53 0
0.74 0.53 0
0.75 0.53 0
0.76 0.53 0
0.77 0.53 0
0.78 0.53 0
0.79 0.53 0
0.8 0.53 0
0.81 0.53 0
0.82 0.53 0
0.83 0.53 0
0.84 0.53 0
0.85 0.53 0
0.86 0.53 0
0.87 0.53 0
0.88 0.53 0
0.89 0.53 0
0.9 0.53 0
0.91 0.53 0
0.92 0.53 0
0.93 0.53 0
0.94 0.53 0
0.95 0.53 0
0.96 0.53 0
0.97 0.53 0
0.98 0.53 0
0.99 0.53 0
0.01 0.54 0
0.02 0.54 0
0.03 0.54 0
0.04 0.54 0
0.05 0.54 0
0.06 0.54 0
0.07 0.54 0
0.08 0.54 0
0.09 0.54 0
0.1 0.54 0
0.11 0.54 0
0.12 0.54 0
0.13 0.54 0
0.14 0.54 0
0.15 0.54 0
0.16 0.54 0
0.17 0.54 0
0.18 0.54 0
0.19 0.54 0
0.2 0.54 0
0.21 0.54 0
0.22 0.54 0
0.23 0.54 0
0.24 0.54 0
0.25 0.54 0
0.26 0.54 0
0.27 0.54 0
0.28 0.54 0
0.29 0.54 0
0.3 0.54 0
0.31 0.54 0
0.32 0.54 0
0.33 0.54 0
0.34 0.54 0
0.35 0.54 0
0.36 0.54 0
0.37 0.54 0
0.38 0.54 0
0.39 0.54 0
0.4 0.54 0
0.41 0.54 0
0.42 0.54 0
0.43 0.54 0
0.44 0.54 0
0.45 0.54 0
0.46 0.54 0
0.47 0.54 0
0.48 0.54 0
0.49 0.54 0
0.5 0.54 0
0.51 0.54 0
0.52 0.54 0
0.53 0.54 0
0.54 0.54 0
0.55 0.54 0
0.56 0.54 0
0.57 0.54 0
0.58 0.54 0
0.59 0.54 0
0.6 0.54 0
0.61 0.54 0
0.62 0.54 0
0.63 0.54 0
0.64 0.54 0
0.65 0.54 0
0.66 0.54 0
0.67 0.54 0
0.68 0.54 0
0.69 0.54 0
0.7 0.54 0
0.71 0.54 0
0.72 0.54 0
0.73 0.54 0
0.74 0.54 0
0.75 0.54 0
0.76 0.54 0
0.77 0.54 0
0.78 0.54 0
0.79 0.54 0
0.8 0.54 0
0.81 0.54 0
0.82 0.54 0
0.83 0.54 0
0.84 0.54 0
0.85 0.54 0
0.86 0.54 0
0.87 0.54 0
0.88 0.54 0
0.89 0.54 0
0.9 0.54 0
0.91 0.54 0
0.92 0.54 0
0.93 0.54 0
0.94 0.54 0
0.95 0.54 0
0.96 0.54 0
0.97 0.54 0
0.98 0.54 0
0.99 0.54 0
0.01 0.55 0
0.02 0.55 0
0.03 0.55 0
0.04 0.55 0
0.05 0.55 0
0.06 0.55 0
0.07 0.55 0
0.08 0.55 0
0.09 0.55 0
0.1 0.55 0
0.11 0.55 0
0.12 0.55 0
0.13 0.55 0
0.14 0.55 0
0.15 0.55 0
0.16 0.55 0
0.17 0.55 0
0.18 0.55 0
0.19 0.55 0
0.2 0.55 0
0.21 0.55 0
0.22 0.55 0
0.23 0.55 0
0.24 0.55 0
0.25 0.55 0
0.26 0.55 0
0.27 0.55 0
0.28 0.55 0
0.29 0.55 0
0.3 0.55 0
0.31 0.55 0
0.32 0.55 0
0.33 0.55 0
0.34 0.55 0
0.35 0.55 0
0.36 0.55 0
0.37 0.55 0
0.38 0.55 0
0.39 0.55 0
0.4 0.55 0
0.41 0.55 0
0.42 0.55 0
0.43 0.55 0
0.44 0.55 0
0.45 0.55 0
0.46 0.55 0
0.47 0.55 0
0.48 0.55 0
0.49 0.55 0
0.5 0.55 0
0.51 0.55 0
0.52 0.55 0
0.53 0.55 0
0.54 0.55 0
0.55 0.55 0
0.56 0.55 0
0.57 0.55 0
0.58 0.55 0
0.59 0.55 0
0.6 0.55 0
0.61 0.55 0
0.62 0.55 0
0.63 0.55 0
0.64 0.55 0
0.65 0.55 0
0.66 0.55 0
0.67 0.55 0
0.68 0.55 0
0.69 0.55 0
0.7 0.55 0
0.71 0.55 0
0.72 0.55 0
0.73 0.55 0
0.74 0.55 0
0.75 0.55 0
0.76 0.55 0
0.77 0.55 0
0.78 0.55 0
0.79 0.55 0
0.8 0.55 0
0.81 0.55 0
0.82 0.55 0
0.83 0.55 0
0.84 0.55 0
0.85 0.55 0
0.86 0.55 0
0.87 0.55 0
0.88 0.55 0
0.89 0.55 0
0.9 0.55 0
0.91 0.55 0
0.92 0.55 0
0.93 0.55 0
0.94 0.55 0
0.95 0.55 0
0.96 0.55 0
0.97 0.55 0
0.98 0.55 0
0.99 0.55 0
0.01 0.56 0
0.02 0.56 0
0.03 0.56 0
0.04 0.56 0
0.05 0.56 0
0.06 0.56 0
0.07 0.56 0
0.08 0.56 0
0.09 0.56 0
0.1 0.56 0
0.11 0.56 0
0.12 0.56 0
0.13 0.56 0
0.14 0.56 0
0.15 0.56 0
0.16 0.56 0
0.17 0.56 0
0.18 0.56 0
0.19 0.56 0
0.2 0.56 0
0.21 0.56 0
0.22 0.56 0
0.23 0.56 0
0.24 0.56 0
0.25 0.56 0
0.26 0.56 0
0.27 0.56 0
0.28 0.56 0
0.29 0.56 0
0.3 0.56 0
0.31 0.56 0
0.32 0.56 0
0.33 0.56 0
0.34 0.56 0
0.35 0.56 0
0.36 0.56 0
0.37 0.56 0
0.38 0.56 0
0.39 0.56 0
0.4 0.56 0
0.41 0.56 0
0.42 0.56 0
0.43 0.56 0
0.44 0.56 0
0.45 0.56 0
0.46 0.56 0
0.47 0.56 0
0.48 0.56 0
0.49 0.56 0
0.5 0.56 0
0.51 0.56 0
0.52 0.56 0
0.53 0.56 0
0.54 0.56 0
0.55 0.56 0
0.56 0.56 0
0.57 0.56 0
0.58 0.56 0
0.59 0.56 0
0.6 0.56 0
0.61 0.56 0
0.62 0.56 0
0.63 0.56 0
0.64 0.56 0
0.65 0.56 0
0.66 0.56 0
0.67 0.56 0
0.68 0.56 0
0.69 0.56 0
0.7 0.56 0
0.71 0.56 0
0.72 0.56 0
0.73 0.56 0
0.74 0.56 0
0.75 0.56 0
0.76 0.56 0
0.77 0.56 0
0.78 0.56 0
0.79 0.56 0
0.8 0.56 0
0.81 0.56 0
0.82 0.56 0
0.83 0.56 0
0.84 0.56 0
0.85 0.56 0
0.86 0.56 0
0.87 0.56 0
0.88 0.56 0
0.89 0.56 0
0.9 0.56 0
0.91 0.56 0
0.92 0.56 0
0.93 0.56 0
0.94 0.56 0
0.95 0.56 0
0.96 0.56 0
0.97 0.56 0
0.98 0.56 0
0.99 0.56 0
0.01 0.57 0
0.02 0.57 0
0.03 0.57 0
0.04 0.57 0
0.05 0.57 0
0.06 0.57 0
0.07 0.57 0
0.08 0.57 0
0.09 0.57 0
0.1 0.57 0
0.11 0.57 0
0.12 0.57 0
0.13 0.57 0
0.14 0.57 0
0.15 0.57 0
0.16 0.57 0
0.17 0.57 0
0.18 0.57 0
0.19 0.57 0
0.2 0.57 0
0.21 0.57 0
0.22 0.57 0
0.23 0.57 0
0.24 0.57 0
0.25 0.57 0
0.26 0.57 0
0.27 0.57 0
0.28 0.57 0
0.29 0.57 0
0.3 0.57 0
0.31 0.57 0
0.32 0.57 0
0.33 0.57 0
0.34 0.57 0
0.35 0.57 0
0.36 0.57 0
0.37 0.57 0
0.38 0.57 0
0.39 0.57 0
0.4 0.57 0
0.41 0.57 0
0.42 0.57 0
0.43 0.57 0
0.44 0.57 0
0.45 0.57 0
0.46 0.57 0
0.47 0.57 0
0.48 0.57 0
0.49 0.57 0
0.5 0.57 0
0.51 0.57 0
0.52 0.57 0
0.53 0.57 0
0.54 0.57 0
0.55 0.57 0
0.56 0.57 0
0.57 0.57 0
0.58 0.57 0
0.59 0.57 0
0.6 0.57 0
0.61 0.57 0
0.62 0.57 0
0.63 0.57 0
0.64 0.57 0
0.65 0.57 0
0.66 0.57 0
0.67 0.57 0
0.68 0.57 0
0.69 0.57 0
0.7 0.57 0
0.71 0.57 0
0.72 0.57 0
0.73 0.57 0
0.74 0.57 0
0.75 0.57 0
0.76 0.57 0
0.77 0.57 0
0.78 0.57 0
0.79 0.57 0
0.8 0.57 0
0.81 0.57 0
0.82 0.57 0
0.83 0.57 0
0.84 0.57 0
0.85 0.57 0
0.86 0.57 0
0.87 0.57 0
0.88 0.57 0
0.89 0.57 0
0.9 0.57 0
0.91 0.57 0
0.92 0.57 0
0.93 0.57 0
0.94 0.57 0
0.95 0.57 0
0.96 0.57 0
0.97 0.57 0
0.98 0.57 0
0.99 0.57 0
0.01 0.58 0
0.02 0.58 0
0.03 0.58 0
0.04 0.58 0
0.05 0.58 0
0.06 0.58 0
0.07 0.58 0
0.08 0.58 0
0.09 0.58 0
0.1 0.58 0
0.11 0.58 0
0.12 0.58 0
0.13 0.58 0
0.14 0.58 0
0.15 0.58 0
0.16 0.58 0
0.17 0.58 0
0.18 0.58 0
0.19 0.58 0
0.2 0.58 0
0.21 0.58 0
0.22 0.58 0
0.23 0.58 0
0.24 0.58 0
0.25 0.58 0
0.26 0.58 0
0.27 0.58 0
0.28 0.58 0
0.29 0.58 0
0.3 0.58 0
0.31 0.58 0
0.32 0.58 0
0.33 0.58 0
0.34 0.58 0
0.35 0.58 0
0.36 0.58 0
0.37 0.58 0
0.38 0.58 0
0.39 0.58 0
0.4 0.58 0
0.41 0.58 0
0.42 0.58 0
0.43 0.58 0
0.44 0.58 0
0.45 0.58 0
0.46 0.58 0
0.47 0.58 0
0.48 0.58 0
0.49 0.58 0
0.5 0.58 0
0.51 0.58 0
0.52 0.58 0
0.53 0.58 0
0.54 0.58 0
0.55 0.58 0
0.56 0.58 0
0.57 0.58 0
0.58 0.58 0
0.59 0.58 0
0.6 0.58 0
0.61 0.58 0
0.62 0.58 0
0.63 0.58 0
0.64 0.58 0
0.65 0.58 0
0.66 0.58 0
0.67 0.58 0
0.68 0.58 0
0.69 0.58 0
0.7 0.58 0
0.71 0.58 0
0.72 0.58 0
0.73 0.58 0
0.74 0.58 0
0.75 0.58 0
0.76 0.58 0
0.77 0.58 0
0.78 0.58 0
0.79 0.58 0
0.8 0.58 0
0.81 0.58 0
0.82 0.58 0
0.83 0.58 0
0.84 0.58 0
0.85 0.58 0
0.86 0.58 0
0.87 0.58 0
0.88 0.58 0
0.89 0.58 0
0.9 0.58 0
0.91 0.58 0
0.92 0.58 0
0.93 0.58 0
0.94 0.58 0
0.95 0.58 0
0.96 0.58 0
0.97 0.58 0
0.98 0.58 0
0.99 0.58 0
0.01 0.59 0
0.02 0.59 0
0.03 0.59 0
0.04 0.59 0
0.05 0.59 0
0.06 0.59 0
0.07 0.59 0
0.08 0.59 0
0.09 0.59 0
0.1 0.59 0
0.11 0.59 0
0.12 0.59 0
0.13 0.59 0
0.14 0.59 0
0.15 0.59 0
0.16 0.59 0
0.17 0.59 0
0.18 0.59 0
0.19 0.59 0
0.2 0.59 0
0.21 0.59 0
0.22 0.59 0
0.23 0.59 0
0.24 0.59 0
0.25 0.59 0
0.26 0.59 0
0.27 0.59 0
0.28 0.59 0
0.29 0.59 0
0.3 0.59 0
0.31 0.59 0
0.32 0.59 0
0.33 0.59 0
0.34 0.59 0
0.35 0.59 0
0.36 0.59 0
0.37 0.59 0
0.38 0.59 0
0.39 0.59 0
0.4 0.59 0
0.41 0.59 0
0.42 0.59 0
0.43 0.59 0
0.44 0.59 0
0.45 0.59 0
0.46 0.59 0
0.47 0.59 0
0.48 0.59 0
0.49 0.59 0
0.5 0.59 0
0.51 0.59 0
0.52 0.59 0
0.53 0.59 0
0.54 0.59 0
0.55 0.59 0
0.56 0.59 0
0.57 0.59 0
0.58 0.59 0
0.59 0.59 0
0.6 0.59 0
0.61 0.59 0
0.62 0.59 0
0.63 0.59 0
0.64 0.59 0
0.65 0.59 0
0.66 0.59 0
0.67 0.59 0
0.68 0.59 0
0.69 0.59 0
0.7 0.59 0
0.71 0.59 0
0.72 0.59 0
0.73 0.59 0
0.74 0.59 0
0.75 0.59 0
0.76 0.59 0
0.77 0.59 0
0.78 0.59 0
0.79 0.59 0
0.8 0.59 0
0.81 0.59 0
0.82 0.59 0
0.83 0.59 0
0.84 0.59 0
0.85 0.59 0
0.86 0.59 0
0.87 0.59 0
0.88 0.59 0
0.89 0.59 0
0.9 0.59 0
0.91 0.59 0
0.92 0.59 0
0.93 0.59 0
0.94 0.59 0
0.95 0.59 0
0.96 0.59 0
0.97 0.59 0
0.98 0.59 0
0.99 0.59 0
0.01 0.6 0
0.02 0.6 0
0.03 0.6 0
0.04 0.6 0
0.05 0.6 0
0.06 0.6 0
0.07 0.6 0
0.08 0.6 0
0.09 0.6 0
0.1 0.6 0
0.11 0.6 0
0.12 0.6 0
0.13 0.6 0
0.14 0.6 0
0.15 0.6 0
0.16 0.6 0
0.17 0.6 0
0.18 0.6 0
0.19 0.6 0
0.2 0.6 0
0.21 0.6 0
0.22 0.6 0
0.23 0.6 0
0.24 0.6 0
0.25 0.6 0
0.26 0.6 0
0.27 0.6 0
0.28 0.6 0
0.29 0.6 0
0.3 0.6 0
0.31 0.6 0
0.32 0.6 0
0.33 0.6 0
0.34 0.6 0
0.35 0.6 0
0.36 0.6 0
0.37 0.6 0
0.38 0.6 0
0.39 0.6 0
0.4 0.6 0
0.41 0.6 0
0.42 0.6 0
0.43 0.6 0
0.44 0.6 0
0.45 0.6 0
0.46 0.6 0
0.47 0.6 0
0.48 0.6 0
0.49 0.6 0
0.5 0.6 0
0.51 0.6 0
0.52 0.6 0
0.53 0.6 0
0.54 0.6 0
0.55 0.6 0
0.56 0.6 0
0.57 0.6 0
0.58 0.6 0
0.59 0.6 0
0.6 0.6 0
0.61 0.6 0
0.62 0.6 0
0.63 0.6 0
0.64 0.6 0
0.65 0.6 0
0.66 0.6 0
0.67 0.6 0
0.68 0.6 0
0.69 0.6 0
0.7 0.6 0
0.71 0.6 0
0.72 0.6 0
0.73 0.6 0
0.74 0.6 0
0.75 0.6 0
0.76 0.6 0
0.77 0.6 0
0.78 0.6 0
0.79 0.6 0
0.8 0.6 0
0.81 0.6 0
0.82 0.6 0
0.83 0.6 0
0.84 0.6 0
0.85 0.6 0
0.86 0.6 0
0.87 0.6 0
0.88 0.6 0
0.89 0.6 0
0.9 0.6 0
0.91 0.6 0
0.92 0.6 0
0.93 0.6 0
0.94 0.6 0
0.95 0.6 0
0.96 0.6 0
0.97 0.6 0
0.98 0.6 0
0.99 0.6 0
0.01 0.61 0
0.02 0.61 0
0.03 0.61 0
0.04 0.61 0
0.05 0.61 0
0.06 0.61 0
0.07 0.61 0
0.08 0.61 0
0.09 0.61 0
0.1 0.61 0
0.11 0.61 0
0.12 0.61 0
0.13 0.61 0
0.14 0.61 0
0.15 0.61 0
0.16 0.61 0
0.17 0.61 0
0.18 0.61 0
0.19 0.61 0
0.2 0.61 0
0.21 0.61 0
0.22 0.61 0
0.23 0.61 0
0.24 0.61 0
0.25 0.61 0
0.26 0.61 0
0.27 0.61 0
0.28 0.61 0
0.29 0.61 0
0.3 0.61 0
0.31 0.61 0
0.32 0.61 0
0.33 0.61 0
0.34 0.61 0
0.35 0.61 0
0.36 0.61 0
0.37 0.61 0
0.38 0.61 0
0.39 0.61 0
0.4 0.61 0
0.41 0.61 0
0.42 0.61 0
0.43 0.61 0
0.44 0.61 0
0.45 0.61 0
0.46 0.61 0
0.47 0.61 0
0.48 0.61 0
0.49 0.61 0
0.5 0.61 0
0.51 0.61 0
0.52 0.61 0
0.53 0.61 0
0.54 0.61 0
0.55 0.61 0
0.56 0.61 0
0.57 0.61 0
0.58 0.61 0
0.59 0.61 0
0.6 0.61 0
0.61 0.61 0
0.62 0.61 0
0.63 0.61 0
0.64 0.61 0
0.65 0.61 0
0.66 0.61 0
0.67 0.61 0
0.68 0.61 0
0.69 0.61 0
0.7 0.61 0
0.71 0.61 0
0.72 0.61 0
0.73 0.61 0
0.74 0.61 0
0.75 0.61 0
0.76 0.61 0
0.77 0.61 0
0.78 0.61 0
0.79 0.61 0
0.8 0.61 0
0.81 0.61 0
0.82 0.61 0
0.83 0.61 0
0.84 0.61 0
0.85 0.61 0
0.86 0.61 0
0.87 0.61 0
0.88 0.61 0
0.89 0.61 0
0.9 0.61 0
0.91 0.61 0
0.92 0.61 0
0.93 0.61 0
0.94 0.61 0
0.95 0.61 0
0.96 0.61 0
0.97 0.61 0
0.98 0.61 0
0.99 0.61 0
0.01 0.62 0
0.02 0.62 0
0.03 0.62 0
0.04 0.62 0
0.05 0.62 0
0.06 0.62 0
0.07 0.62 0
0.08 0.62 0
0.09 0.62 0
0.1 0.62 0
0.11 0.62 0
0.12 0.62 0
0.13 0.62 0
0.14 0.62 0
0.15 0.62 0
0.16 0.62 0
0.17 0.62 0
0.18 0.62 0
0.19 0.62 0
0.2 0.62 0
0.21 0.62 0
0.22 0.62 0
0.23 0.62 0
0.24 0.62 0
0.25 0.62 0
0.26 0.62 0
0.27 0.62 0
0.28 0.62 0
0.29 0.62 0
0.3 0.62 0
0.31 0.62 0
0.32 0.62 0
0.33 0.62 0
0.34 0.62 0
0.35 0.62 0
0.36 0.62 0
0.37 0.62 0
0.38 0.62 0
0.39 0.62 0
0.4 0.62 0
0.41 0.62 0
0.42 0.62 0
0.43 0.62 0
0.44 0.62 0
0.45 0.62 0
0.46 0.62 0
0.47 0.62 0
0.48 0.62 0
0.49 0.62 0
0.5 0.62 0
0.51 0.62 0
0.52 0.62 0
0.53 0.62 0
0.54 0.62 0
0.55 0.62 0
0.56 0.62 0
0.57 0.62 0
0.58 0.62 0
0.59 0.62 0
0.6 0.62 0
0.61 0.62 0
0.62 0.62 0
0.63 0.62 0
0.64 0.62 0
0.65 0.62 0
0.66 0.62 0
0.67 0.62 0
0.68 0.62 0
0.69 0.62 0
0.7 0.62 0
0.71 0.62 0
0.72 0.62 0
0.73 0.62 0
0.74 0.62 0
0.75 0.62 0
0.76 0.62 0
0.77 0.62 0
0.78 0.62 0
0.79 0.62 0
0.8 0.62 0
0.81 0.62 0
0.82 0.62 0
0.83 0.62 0
0.84 0.62 0
0.85 0.62 0
0.86 0.62 0
0.87 0.62 0
0.88 0.62 0
0.89 0.62 0
0.9 0.62 0
0.91 0.62 0
0.92 0.62 0
0.93 0.62 0
0.94 0.62 0
0.95 0.62 0
0.96 0.62 0
0.97 0.62 0
0.98 0.62 0
0.99 0.62 0
0.01 0.63 0
0.02 0.63 0
0.03 0.63 0
0.04 0.63 0
0.05 0.63 0
0.06 0.63 0
0.07 0.63 0
0.08 0.63 0
0.09 0.63 0
0.1 0.63 0
0.11 0.63 0
0.12 0.63 0
0.13 0.63 0
0.14 0.63 0
0.15 0.63 0
0.16 0.63 0
0.17 0.63 0
0.18 0.63 0
0.19 0.63 0
0.2 0.63 0
0.21 0.63 0
0.22 0.63 0
0.23 0.63 0
0.24 0.63 0
0.25 0.63 0
0.26 0.63 0
0.27 0.63 0
0.28 0.63 0
0.29 0.63 0
0.3 0.63 0
0.31 0.63 0
0.32 0.63 0
0.33 0.63 0
0.34 0.63 0
0.35 0.63 0
0.36 0.63 0
0.37 0.63 0
0.38 0.63 0
0.39 0.63 0
0.4 0.63 0
0.41 0.63 0
0.42 0.63 0
0.43 0.63 0
0.44 0.63 0
0.45 0.63 0
0.46 0.63 0
0.47 0.63 0
0.48 0.63 0
0.49 0.63 0
0.5 0.63 0
0.51 0.63 0
0.52 0.63 0
0.53 0.63 0
0.54 0.63 0
0.55 0.63 0
0.56 0.63 0
0.57 0.63 0
0.58 0.63 0
0.59 0.63 0
0.6 0.63 0
0.61 0.63 0
0.62 0.63 0
0.63 0.63 0
0.64 0.63 0
0.65 0.63 0
0.66 0.63 0
0.67 0.63 0
0.68 0.63 0
0.69 0.63 0
0.7 0.63 0
0.71 0.63 0
0.72 0.63 0
0.73 0.63 0
0.74 0.63 0
0.75 0.63 0
0.76 0.63 0
0.77 0.63 0
0.78 0.63 0
0.79 0.63 0
0.8 0.63 0
0.81 0.63 0
0.82 0.63 0
0.83 0.63 0
0.84 0.63 0
0.85 0.63 0
0.86 0.63 0
0.87 0.63 0
0.88 0.63 0
0.89 0.63 0
0.9 0.63 0
0.91 0.63 0
0.92 0.63 0
0.93 0.63 0
0.94 0.63 0
0.95 0.63 0
0.96 0.63 0
0.97 0.63 0
0.98 0.63 0
0.99 0.63 0
0.01 0.64 0
0.02 0.64 0
0.03 0.64 0
0.04 0.64 0
0.05 0.64 0
0.06 0.64 0
0.07 0.64 0
0.08 0.64 0
0.09 0.64 0
0.1 0.64 0
0.11 0.64 0
0.12 0.64 0
0.13 0.64 0
0.14 0.64 0
0.15 0.64 0
0.16 0.64 0
0.17 0.64 0
0.18 0.64 0
0.19 0.64 0
0.2 0.64 0
0.21 0.64 0
0.22 0.64 0
0.23 0.64 0
0.24 0.64 0
0.25 0.64 0
0.26 0.64 0
0.27 0.64 0
0.28 0.64 0
0.29 0.64 0
0.3 0.64 0
0.31 0.64 0
0.32 0.64 0
0.33 0.64 0
0.34 0.64 0
0.35 0.64 0
0.36 0.64 0
0.37 0.64 0
0.38 0.64 0
0.39 0.64 0
0.4 0.64 0
0.41 0.64 0
0.42 0.64 0
0.43 0.64 0
0.44 0.64 0
0.45 0.64 0
0.46 0.64 0
0.47 0.64 0
0.48 0.64 0
0.49 0.64 0
0.5 0.64 0
0.51 0.64 0
0.52 0.64 0
0.53 0.64 0
0.54 0.64 0
0.55 0.64 0
0.56 0.64 0
0.57 0.64 0
0.58 0.64 0
0.59 0.64 0
0.6 0.64 0
0.61 0.64 0
0.62 0.64 0
0.63 0.64 0
0.64 0.64 0
0.65 0.64 0
0.66 0.64 0
0.67 0.64 0
0.68 0.64 0
0.69 0.64 0
0.7 0.64 0
0.71 0.64 0
0.72 0.64 0
0.73 0.64 0
0.74 0.64 0
0.75 0.64 0
0.76 0.64 0
0.77 0.64 0
0.78 0.64 0
0.79 0.64 0
0.8 0.64 0
0.81 0.64 0
0.82 0.64 0
0.83 0.64 0
0.84 0.64 0
0.85 0.64 0
0.86 0.64 0
0.87 0.64 0
0.88 0.64 0
0.89 0.64 0
0.9 0.64 0
0.91 0.64 0
0.92 0.64 0
0.93 0.64 0
0.94 0.64 0
0.95 0.64 0
0.96 0.64 0
0.97 0.64 0
0.98 0.64 0
0.99 0.64 0
0.01 0.65 0
0.02 0.65 0
0.03 0.65 0
0.04 0.65 0
0.05 0.65 0
0.06 0.65 0
0.07 0.65 0
0.08 0.65 0
0.09 0.65 0
0.1 0.65 0
0.11 0.65 0
0.12 0.65 0
0.13 0.65 0
0.14 0.65 0
0.15 0.65 0
0.16 0.65 0
0.17 0.65 0
0.18 0.65 0
0.19 0.65 0
0.2 0.65 0
0.21 0.65 0
0.22 0.65 0
0.23 0.65 0
0.24 0.65 0
0.25 0.65 0
0.26 0.65 0
0.27 0.65 0
0.28 0.65 0
0.29 0.65 0
0.3 0.65 0
0.31 0.65 0
0.32 0.65 0
0.33 0.65 0
0.34 0.65 0
0.35 0.65 0
0.36 0.65 0
0.37 0.65 0
0.38 0.65 0
0.39 0.65 0
0.4 0.65 0
0.41 0.65 0
0.42 0.65 0
0.43 0.65 0
0.44 0.65 0
0.45 0.65 0
0.46 0.65 0
0.47 0.65 0
0.48 0.65 0
0.49 0.65 0
0.5 0.65 0
0.51 0.65 0
0.52 0.65 0
0.53 0.65 0
0.54 0.65 0
0.55 0.65 0
0.56 0.65 0
0.57 0.65 0
0.58 0.65 0
0.59 0.65 0
0.6 0.65 0
0.61 0.65 0
0.62 0.65 0
0.63 0.65 0
0.64 0.65 0
0.65 0.65 0
0.66 0.65 0
0.67 0.65 0
0.68 0.65 0
0.69 0.65 0
0.7 0.65 0
0.71 0.65 0
0.72 0.65 0
0.73 0.65 0
0.74 0.65 0
0.75 0.65 0
0.76 0.65 0
0.77 0.65 0
0.78 0.65 0
0.79 0.65 0
0.8 0.65 0
0.81 0.65 0
0.82 0.65 0
0.83 0.65 0
0.84 0.65 0
0.85 0.65 0
0.86 0.65 0
0.87 0.65 0
0.88 0.65 0
0.89 0.65 0
0.9 0.65 0
0.91 0.65 0
0.92 0.65 0
0.93 0.65 0
0.94 0.65 0
0.95 0.65 0
0.96 0.65 0
0.97 0.65 0
0.98 0.65 0
0.99 0.65 0
0.01 0.66 0
0.02 0.66 0
0.03 0.66 0
0.04 0.66 0
0.05 0.66 0
0.06 0.66 0
0.07 0.66 0
0.08 0.66 0
0.09 0.66 0
0.1 0.66 0
0.11 0.66 0
0.12 0.66 0
0.13 0.66 0
0.14 0.66 0
0.15 0.66 0
0.16 0.66 0
0.17 0.66 0
0.18 0.66 0
0.19 0.66 0
0.2 0.66 0
0.21 0.66 0
0.22 0.66 0
0.23 0.66 0
0.24 0.66 0
0.25 0.66 0
0.26 0.66 0
0.27 0.66 0
0.28 0.66 0
0.29 0.66 0
0.3 0.66 0
0.31 0.66 0
0.32 0.66 0
0.33 0.66 0
0.34 0.66 0
0.35 0.66 0
0.36 0.66 0
0.37 0.66 0
0.38 0.66 0
0.39 0.66 0
0.4 0.66 0
0.41 0.66 0
0.42 0.66 0
0.43 0.66 0
0.44 0.66 0
0.45 0.66 0
0.46 0.66 0
0.47 0.66 0
0.48 0.66 0
0.49 0.66 0
0.5 0.66 0
0.51 0.66 0
0.52 0.66 0
0.53 0.66 0
0.54 0.66 0
0.55 0.66 0
0.56 0.66 0
0.57 0.66 0
0.58 0.66 0
0.59 0.66 0
0.6 0.66 0
0.61 0.66 0
0.62 0.66 0
0.63 0.66 0
0.64 0.66 0
0.65 0.66 0
0.66 0.66 0
0.67 0.66 0
0.68 0.66 0
0.69 0.66 0
0.7 0.66 0
0.71 0.66 0
0.72 0.66 0
0.73 0.66 0
0.74 0.66 0
0.75 0.66 0
0.76 0.66 0
0.77 0.66 0
0.78 0.66 0
0.79 0.66 0
0.8 0.66 0
0.81 0.66 0
0.82 0.66 0
0.83 0.66 0
0.84 0.66 0
0.85 0.66 0
0.86 0.66 0
0.87 0.66 0
0.88 0.66 0
0.89 0.66 0
0.9 0.66 0
0.91 0.66 0
0.92 0.66 0
0.93 0.66 0
0.94 0.66 0
0.95 0.66 0
0.96 0.66 0
0.97 0.66 0
0.98 0.66 0
0.99 0.66 0
0.01 0.67 0
0.02 0.67 0
0.03 0.67 0
0.04 0.67 0
0.05 0.67 0
0.06 0.67 0
0.07 0.67 0
0.08 0.67 0
0.09 0.67 0
0.1 0.67 0
0.11 0.67 0
0.12 0.67 0
0.13 0.67 0
0.14 0.67 0
0.15 0.67 0
0.16 0.67 0
0.17 0.67 0
0.18 0.67 0
0.19 0.67 0
0.2 0.67 0
0.21 0.67 0
0.22 0.67 0
0.23 0.67 0
0.24 0.67 0
0.25 0.67 0
0.26 0.67 0
0.27 0.67 0
0.28 0.67 0
0.29 0.67 0
0.3 0.67 0
0.31 0.67 0
0.32 0.67 0
0.33 0.67 0
0.34 0.67 0
0.35 0.67 0
0.36 0.67 0
0.37 0.67 0
0.38 0.67 0
0.39 0.67 0
0.4 0.67 0
0.41 0.67 0
0.42 0.67 0
0.43 0.67 0
0.44 0.67 0
0.45 0.67 0
0.46 0.67 0
0.47 0.67 0
0.48 0.67 0
0.49 0.67 0
0.5 0.67 0
0.51 0.67 0
0.52 0.67 0
0.53 0.67 0
0.54 0.67 0
0.55 0.67 0
0.56 0.67 0
0.57 0.67 0
0.58 0.67 0
0.59 0.67 0
0.6 0.67 0
0.61 0.67 0
0.62 0.67 0
0.63 0.67 0
0.64 0.67 0
0.65 0.67 0
0.66 0.67 0
0.67 0.67 0
0.68 0.67 0
0.69 0.67 0
0.7 0.67 0
0.71 0.67 0
0.72 0.67 0
0.73 0.67 0
0.74 0.67 0
0.75 0.67 0
0.76 0.67 0
0.77 0.67 0
0.78 0.67 0
0.79 0.67 0
0.8 0.67 0
0.81 0.67 0
0.82 0.67 0
0.83 0.67 0
0.84 0.67 0
0.85 0.67 0
0.86 0.67 0
0.87 0.67 0
0.88 0.67 0
0.89 0.67 0
0.9 0.67 0
0.91 0.67 0
0.92 0.67 0
0.93 0.67 0
0.94 0.67 0
0.95 0.67 0
0.96 0.67 0
0.97 0.67 0
0.98 0.67 0
0.99 0.67 0
0.01 0.68 0
0.02 0.68 0
0.03 0.68 0
0.04 0.68 0
0.05 0.68 0
0.06 0.68 0
0.07 0.68 0
0.08 0.68 0
0.09 0.68 0
0.1 0.68 0
0.11 0.68 0
0.12 0.68 0
0.13 0.68 0
0.14 0.68 0
0.15 0.68 0
0.16 0.68 0
0.17 0.68 0
0.18 0.68 0
0.19 0.68 0
0.2 0.68 0
0.21 0.68 0
0.22 0.68 0
0.23 0.68 0
0.24 0.68 0
0.25 0.68 0
0.26 0.68 0
0.27 0.68 0
0.28 0.68 0
0.29 0.68 0
0.3 0.68 0
0.31 0.68 0
0.32 0.68 0
0.33 0.68 0
0.34 0.68 0
0.35 0.68 0
0.36 0.68 0
0.37 0.68 0
0.38 0.68 0
0.39 0.68 0
0.4 0.68 0
0.41 0.68 0
0.42 0.68 0
0.43 0.68 0
0.44 0.68 0
0.45 0.68 0
0.46 0.68 0
0.47 0.68 0
0.48 0.68 0
0.49 0.68 0
0.5 0.68 0
0.51 0.68 0
0.52 0.68 0
0.53 0.68 0
0.54 0.68 0
0.55 0.68 0
0.56 0.68 0
0.57 0.68 0
0.58 0.68 0
0.59 0.68 0
0.6 0.68 0
0.61 0.68 0
0.62 0.68 0
0.63 0.68 0
0.64 0.68 0
0.65 0.68 0
0.66 0.68 0
0.67 0.68 0
0.68 0.68 0
0.69 0.68 0
0.7 0.68 0
0.71 0.68 0
0.72 0.68 0
0.73 0.68 0
0.74 0.68 0
0.75 0.68 0
0.76 0.68 0
0.77 0.68 0
0.78 0.68 0
0.79 0.68 0
0.8 0.68 0
0.81 0.68 0
0.82 0.68 0
0.83 0.68 0
0.84 0.68 0
0.85 0.68 0
0.86 0.68 0
0.87 0.68 0
0.88 0.68 0
0.89 0.68 0
0.9 0.68 0
0.91 0.68 0
0.92 0.68 0
0.93 0.68 0
0.94 0.68 0
0.95 0.68 0
0.96 0.68 0
0.97 0.68 0
0.98 0.68 0
0.99 0.68 0
0.01 0.69 0
0.02 0.69 0
0.03 0.69 0
0.04 0.69 0
0.05 0.69 0
0.06 0.69 0
0.07 0.69 0
0.08 0.69 0
0.09 0.69 0
0.1 0.69 0
0.11 0.69 0
0.12 0.69 0
0.13 0.69 0
0.14 0.69 0
0.15 0.69 0
0.16 0.69 0
0.17 0.69 0
0.18 0.69 0
0.19 0.69 0
0.2 0.69 0
0.21 0.69 0
0.22 0.69 0
0.23 0.69 0
0.24 0.69 0
0.25 0.69 0
0.26 0.69 0
0.27 0.69 0
0.28 0.69 0
0.29 0.69 0
0.3 0.69 0
0.31 0.69 0
0.32 0.69 0
0.33 0.69 0
0.34 0.69 0
0.35 0.69 0
0.36 0.69 0
0.37 0.69 0
0.38 0.69 0
0.39 0.69 0
0.4 0.69 0
0.41 0.69 0
0.42 0.69 0
0.43 0.69 0
0.44 0.69 0
0.45 0.69 0
0.46 0.69 0
0.47 0.69 0
0.48 0.69 0
0.49 0.69 0
0.5 0.69 0
0.51 0.69 0
0.52 0.69 0
0.53 0.69 0
0.54 0.69 0
0.55 0.69 0
0.56 0.69 0
0.57 0.69 0
0.58 0.69 0
0.59 0.69 0
0.6 0.69 0
0.61 0.69 0
0.62 0.69 0
0.63 0.69 0
0.64 0.69 0
0.65 0.69 0
0.66 0.69 0
0.67 0.69 0
0.68 0.69 0
0.69 0.69 0
0.7 0.69 0
0.71 0.69 0
0.72 0.69 0
0.73 0.69 0
0.74 0.69 0
0.75 0.69 0
0.76 0.69 0
0.77 0.69 0
0.78 0.69 0
0.79 0.69 0
0.8 0.69 0
0.81 0.69 0
0.82 0.69 0
0.83 0.69 0
0.84 0.69 0
0.85 0.69 0
0.86 0.69 0
0.87 0.69 0
0.88 0.69 0
0.89 0.69 0
0.9 0.69 0
0.91 0.69 0
0.92 0.69 0
0.93 0.69 0
0.94 0.69 0
0.95 0.69 0
0.96 0.69 0
0.97 0.69 0
0.98 0.69 0
0.99 0.69 0
0.01 0.7 0
0.02 0.7 0
0.03 0.7 0
0.04 0.7 0
0.05 0.7 0
0.06 0.7 0
0.07 0.7 0
0.08 0.7 0
0.09 0.7 0
0.1 0.7 0
0.11 0.7 0
0.12 0.7 0
0.13 0.7 0
0.14 0.7 0
0.15 0.7 0
0.16 0.7 0
0.17 0.7 0
0.18 0.7 0
0.19 0.7 0
0.2 0.7 0
0.21 0.7 0
0.22 0.7 0
0.23 0.7 0
0.24 0.7 0
0.25 0.7 0
0.26 0.7 0
0.27 0.7 0
0.28 0.7 0
0.29 0.7 0
0.3 0.7 0
0.31 0.7 0
0.32 0.7 0
0.33 0.7 0
0.34 0.7 0
0.35 0.7 0
0.36 0.7 0
0.37 0.7 0
0.38 0.7 0
0.39 0.7 0
0.4 0.7 0
0.41 0.7 0
0.42 0.7 0
0.43 0.7 0
0.44 0.7 0
0.45 0.7 0
0.46 0.7 0
0.47 0.7 0
0.48 0.7 0
0.49 0.7 0
0.5 0.7 0
0.51 0.7 0
0.52 0.7 0
0.53 0.7 0
0.54 0.7 0
0.55 0.7 0
0.56 0.7 0
0.57 0.7 0
0.58 0.7 0
0.59 0.7 0
0.6 0.7 0
0.61 0.7 0
0.62 0.7 0
0.63 0.7 0
0.64 0.7 0
0.65 0.7 0
0.66 0.7 0
0.67 0.7 0
0.68 0.7 0
0.69 0.7 0
0.7 0.7 0
0.71 0.7 0
0.72 0.7 0
0.73 0.7 0
0.74 0.7 0
0.75 0.7 0
0.76 0.7 0
0.77 0.7 0
0.78 0.7 0
0.79 0.7 0
0.8 0.7 0
0.81 0.7 0
0.82 0.7 0
0.83 0.7 0
0.84 0.7 0
0.85 0.7 0
0.86 0.7 0
0.87 0.7 0
0.88 0.7 0
0.89 0.7 0
0.9 0.7 0
0.91 0.7 0
0.92 0.7 0
0.93 0.7 0
0.94 0.7 0
0.95 0.7 0
0.96 0.7 0
0.97 0.7 0
0.98 0.7 0
0.99 0.7 0
0.01 0.71 0
0.02 0.71 0
0.03 0.71 0
0.04 0.71 0
0.05 0.71 0
0.06 0.71 0
0.07 0.71 0
0.08 0.71 0
0.09 0.71 0
0.1 0.71 0
0.11 0.71 0
0.12 0.71 0
0.13 0.71 0
0.14 0.71 0
0.15 0.71 0
0.16 0.71 0
0.17 0.71 0
0.18 0.71 0
0.19 0.71 0
0.2 0.71 0
0.21 0.71 0
0.22 0.71 0
0.23 0.71 0
0.24 0.71 0
0.25 0.71 0
0.26 0.71 0
0.27 0.71 0
0.28 0.71 0
0.29 0.71 0
0.3 0.71 0
0.31 0.71 0
0.32 0.71 0
0.33 0.71 0
0.34 0.71 0
0.35 0.71 0
0.36 0.71 0
0.37 0.71 0
0.38 0.71 0
0.39 0.71 0
0.4 0.71 0
0.41 0.71 0
0.42 0.71 0
0.43 0.71 0
0.44 0.71 0
0.45 0.71 0
0.46 0.71 0
0.47 0.71 0
0.48 0.71 0
0.49 0.71 0
0.5 0.71 0
0.51 0.71 0
0.52 0.71 0
0.53 0.71 0
0.54 0.71 0
0.55 0.71 0
0.56 0.71 0
0.57 0.71 0
0.58 0.71 0
0.59 0.71 0
0.6 0.71 0
0.61 0.71 0
0.62 0.71 0
0.63 0.71 0
0.64 0.71 0
0.65 0.71 0
0.66 0.71 0
0.67 0.71 0
0.68 0.71 0
0.69 0.71 0
0.7 0.71 0
0.71 0.71 0
0.72 0.71 0
0.73 0.71 0
0.74 0.71 0
0.75 0.71 0
0.76 0.71 0
0.77 0.71 0
0.78 0.71 0
0.79 0.71 0
0.8 0.71 0
0.81 0.71 0
0.82 0.71 0
0.83 0.71 0
0.84 0.71 0
0.85 0.71 0
0.86 0.71 0
0.87 0.71 0
0.88 0.71 0
0.89 0.71 0
0.9 0.71 0
0.91 0.71 0
0.92 0.71 0
0.93 0.71 0
0.94 0.71 0
0.95 0.71 0
0.96 0.71 0
0.97 0.71 0
0.98 0.71 0
0.99 0.71 0
0.01 0.72 0
0.02 0.72 0
0.03 0.72 0
0.04 0.72 0
0.05 0.72 0
0.06 0.72 0
0.07 0.72 0
0.08 0.72 0
0.09 0.72 0
0.1 0.72 0
0.11 0.72 0
0.12 0.72 0
0.13 0.72 0
0.14 0.72 0
0.15 0.72 0
0.16 0.72 0
0.17 0.72 0
0.18 0.72 0
0.19 0.72 0
0.2 0.72 0
0.21 0.72 0
0.22 0.72 0
0.23 0.72 0
0.24 0.72 0
0.25 0.72 0
0.26 0.72 0
0.27 0.72 0
0.28 0.72 0
0.29 0.72 0
0.3 0.72 0
0.31 0.72 0
0.32 0.72 0
0.33 0.72 0
0.34 0.72 0
0.35 0.72 0
0.36 0.72 0
0.37 0.72 0
0.38 0.72 0
0.39 0.72 0
0.4 0.72 0
0.41 0.72 0
0.42 0.72 0
0.43 0.72 0
0.44 0.72 0
0.45 0.72 0
0.46 0.72 0
0.47 0.72 0
0.48 0.72 0
0.49 0.72 0
0.5 0.72 0
0.51 0.72 0
0.52 0.72 0
0.53 0.72 0
0.54 0.72 0
0.55 0.72 0
0.56 0.72 0
0.57 0.72 0
0.58 0.72 0
0.59 0.72 0
0.6 0.72 0
0.61 0.72 0
0.62 0.72 0
0.63 0.72 0
0.64 0.72 0
0.65 0.72 0
0.66 0.72 0
0.67 0.72 0
0.68 0.72 0
0.69 0.72 0
0.7 0.72 0
0.71 0.72 0
0.72 0.72 0
0.73 0.72 0
0.74 0.72 0
0.75 0.72 0
0.76 0.72 0
0.77 0.72 0
0.78 0.72 0
0.79 0.72 0
0.8 0.72 0
0.81 0.72 0
0.82 0.72 0
0.83 0.72 0
0.84 0.72 0
0.85 0.72 0
0.86 0.72 0
0.87 0.72 0
0.88 0.72 0
0.89 0.72 0
0.9 0.72 0
0.91 0.72 0
0.92 0.72 0
0.93 0.72 0
0.94 0.72 0
0.95 0.72 0
0.96 0.72 0
0.97 0.72 0
0.98 0.72 0
0.99 0.72 0
0.01 0.73 0
0.02 0.73 0
0.03 0.73 0
0.04 0.73 0
0.05 0.73 0
0.06 0.73 0
0.07 0.73 0
0.08 0.73 0
0.09 0.73 0
0.1 0.73 0
0.11 0.73 0
0.12 0.73 0
0.13 0.73 0
0.14 0.73 0
0.15 0.73 0
0.16 0.73 0
0.17 0.73 0
0.18 0.73 0
0.19 0.73 0
0.2 0.73 0
0.21 0.73 0
0.22 0.73 0
0.23 0.73 0
0.24 0.73 0
0.25 0.73 0
0.26 0.73 0
0.27 0.73 0
0.28 0.73 0
0.29 0.73 0
0.3 0.73 0
0.31 0.73 0
0.32 0.73 0
0.33 0.73 0
0.34 0.73 0
0.35 0.73 0
0.36 0.73 0
0.37 0.73 0
0.38 0.73 0
0.39 0.73 0
0.4 0.73 0
0.41 0.73 0
0.42 0.73 0
0.43 0.73 0
0.44 0.73 0
0.45 0.73 0
0.46 0.73 0
0.47 0.73 0
0.48 0.73 0
0.49 0.73 0
0.5 0.73 0
0.51 0.73 0
0.52 0.73 0
0.53 0.73 0
0.54 0.73 0
0.55 0.73 0
0.56 0.73 0
0.57 0.73 0
0.58 0.73 0
0.59 0.73 0
0.6 0.73 0
0.61 0.73 0
0.62 0.73 0
0.63 0.73 0
0.64 0.73 0
0.65 0.73 0
0.66 0.73 0
0.67 0.73 0
0.68 0.73 0
0.69 0.73 0
0.7 0.73 0
0.71 0.73 0
0.72 0.73 0
0.73 0.73 0
0.74 0.73 0
0.75 0.73 0
0.76 0.73 0
0.77 0.73 0
0.78 0.73 0
0.79 0.73 0
0.8 0.73 0
0.81 0.73 0
0.82 0.73 0
0.83 0.73 0
0.84 0.73 0
0.85 0.73 0
0.86 0.73 0
0.87 0.73 0
0.88 0.73 0
0.89 0.73 0
0.9 0.73 0
0.91 0.73 0
0.92 0.73 0
0.93 0.73 0
0.94 0.73 0
0.95 0.73 0
0.96 0.73 0
0.97 0.73 0
0.98 0.73 0
0.99 0.73 0
0.01 0.74 0
0.02 0.74 0
0.03 0.74 0
0.04 0.74 0
0.05 0.74 0
0.06 0.74 0
0.07 0.74 0
0.08 0.74 0
0.09 0.74 0
0.1 0.74 0
0.11 0.74 0
0.12 0.74 0
0.13 0.74 0
0.14 0.74 0
0.15 0.74 0
0.16 0.74 0
0.17 0.74 0
0.18 0.74 0
0.19 0.74 0
0.2 0.74 0
0.21 0.74 0
0.22 0.74 0
0.23 0.74 0
0.24 0.74 0
0.25 0.74 0
0.26 0.74 0
0.27 0.74 0
0.28 0.74 0
0.29 0.74 0
0.3 0.74 0
0.31 0.74 0
0.32 0.74 0
0.33 0.74 0
0.34 0.74 0
0.35 0.74 0
0.36 0.74 0
0.37 0.74 0
0.38 0.74 0
0.39 0.74 0
0.4 0.74 0
0.41 0.74 0
0.42 0.74 0
0.43 0.74 0
0.44 0.74 0
0.45 0.74 0
0.46 0.74 0
0.47 0.74 0
0.48 0.74 0
0.49 0.74 0
0.5 0.74 0
0.51 0.74 0
0.52 0.74 0
0.53 0.74 0
0.54 0.74 0
0.55 0.74 0
0.56 0.74 0
0.57 0.74 0
0.58 0.74 0
0.59 0.74 0
0.6 0.74 0
0.61 0.74 0
0.62 0.74 0
0.63 0.74 0
0.64 0.74 0
0.65 0.74 0
0.66 0.74 0
0.67 0.74 0
0.68 0.74 0
0.69 0.74 0
0.7 0.74 0
0.71 0.74 0
0.72 0.74 0
0.73 0.74 0
0.74 0.74 0
0.75 0.74 0
0.76 0.74 0
0.77 0.74 0
0.78 0.74 0
0.79 0.74 0
0.8 0.74 0
0.81 0.74 0
0.82 0.74 0
0.83 0.74 0
0.84 0.74 0
0.85 0.74 0
0.86 0.74 0
0.87 0.74 0
0.88 0.74 0
0.89 0.74 0
0.9 0.74 0
0.91 0.74 0
0.92 0.74 0
0.93 0.74 0
0.94 0.74 0
0.95 0.74 0
0.96 0.74 0
0.97 0.74 0
0.98 0.74 0
0.99 0.74 0
0.01 0.75 0
0.02 0.75 0
0.03 0.75 0
0.04 0.75 0
0.05 0.75 0
0.06 0.75 0
0.07 0.75 0
0.08 0.75 0
0.09 0.75 0
0.1 0.75 0
0.11 0.75 0
0.12 0.75 0
0.13 0.75 0
0.14 0.75 0
0.15 0.75 0
0.16 0.75 0
0.17 0.75 0
0.18 0.75 0
0.19 0.75 0
0.2 0.75 0
0.21 0.75 0
0.22 0.75 0
0.23 0.75 0
0.24 0.75 0
0.25 0.75 0
0.26 0.75 0
0.27 0.75 0
0.28 0.75 0
0.29 0.75 0
0.3 0.75 0
0.31 0.75 0
0.32 0.75 0
0.33 0.75 0
0.34 0.75 0
0.35 0.75 0
0.36 0.75 0
0.37 0.75 0
0.38 0.75 0
0.39 0.75 0
0.4 0.75 0
0.41 0.75 0
0.42 0.75 0
0.43 0.75 0
0.44 0.75 0
0.45 0.75 0
0.46 0.75 0
0.47 0.75 0
0.48 0.75 0
0.49 0.75 0
0.5 0.75 0
0.51 0.75 0
0.52 0.75 0
0.53 0.75 0
0.54 0.75 0
0.55 0.75 0
0.56 0.75 0
0.57 0.75 0
0.58 0.75 0
0.59 0.75 0
0.6 0.75 0
0.61 0.75 0
0.62 0.75 0
0.63 0.75 0
0.64 0.75 0
0.65 0.75 0
0.66 0.75 0
0.67 0.75 0
0.68 0.75 0
0.69 0.75 0
0.7 0.75 0
0.71 0.75 0
0.72 0.75 0
0.73 0.75 0
0.74 0.75 0
0.75 0.75 0
0.76 0.75 0
0.77 0.75 0
0.78 0.75 0
0.79 0.75 0
0.8 0.75 0
0.81 0.75 0
0.82 0.75 0
0.83 0.75 0
0.84 0.75 0
0.85 0.75 0
0.86 0.75 0
0.87 0.75 0
0.88 0.75 0
0.89 0.75 0
0.9 0.75 0
0.91 0.75 0
0.92 0.75 0
0.93 0.75 0
0.94 0.75 0
0.95 0.75 0
0.96 0.75 0
0.97 0.75 0
0.98 0.75 0
0.99 0.75 0
0.01 0.76 0
0.02 0.76 0
0.03 0.76 0
0.04 0.76 0
0.05 0.76 0
0.06 0.76 0
0.07 0.76 0
0.08 0.76 0
0.09 0.76 0
0.1 0.76 0
0.11 0.76 0
0.12 0.76 0
0.13 0.76 0
0.14 0.76 0
0.15 0.76 0
0.16 0.76 0
0.17 0.76 0
0.18 0.76 0
0.19 0.76 0
0.2 0.76 0
0.21 0.76 0
0.22 0.76 0
0.23 0.76 0
0.24 0.76 0
0.25 0.76 0
0.26 0.76 0
0.27 0.76 0
0.28 0.76 0
0.29 0.76 0
0.3 0.76 0
0.31 0.76 0
0.32 0.76 0
0.33 0.76 0
0.34 0.76 0
0.35 0.76 0
0.36 0.76 0
0.37 0.76 0
0.38 0.76 0
0.39 0.76 0
0.4 0.76 0
0.41 0.76 0
0.42 0.76 0
0.43 0.76 0
0.44 0.76 0
0.45 0.76 0
0.46 0.76 0
0.47 0.76 0
0.48 0.76 0
0.49 0.76 0
0.5 0.76 0
0.51 0.76 0
0.52 0.76 0
0.53 0.76 0
0.54 0.76 0
0.55 0.76 0
0.56 0.76 0
0.57 0.76 0
0.58 0.76 0
0.59 0.76 0
0.6 0.76 0
0.61 0.76 0
0.62 0.76 0
0.63 0.76 0
0.64 0.76 0
0.65 0.76 0
0.66 0.76 0
0.67 0.76 0
0.68 0.76 0
0.69 0.76 0
0.7 0.76 0
0.71 0.76 0
0.72 0.76 0
0.73 0.76 0
0.74 0.76 0
0.75 0.76 0
0.76 0.76 0
0.77 0.76 0
0.78 0.76 0
0.79 0.76 0
0.8 0.76 0
0.81 0.76 0
0.82 0.76 0
0.83 0.76 0
0.84 0.76 0
0.85 0.76 0
0.86 0.76 0
0.87 0.76 0
0.88 0.76 0
0.89 0.76 0
0.9 0.76 0
0.91 0.76 0
0.92 0.76 0
0.93 0.76 0
0.94 0.76 0
0.95 0.76 0
0.96 0.76 0
0.97 0.76 0
0.98 0.76 0
0.99 0.76 0
0.01 0.77 0
0.02 0.77 0
0.03 0.77 0
0.04 0.77 0
0.05 0.77 0
0.06 0.77 0
0.07 0.77 0
0.08 0.77 0
0.09 0.77 0
0.1 0.77 0
0.11 0.77 0
0.12 0.77 0
0.13 0.77 0
0.14 0.77 0
0.15 0.77 0
0.16 0.77 0
0.17 0.77 0
0.18 0.77 0
0.19 0.77 0
0.2 0.77 0
0.21 0.77 0
0.22 0.77 0
0.23 0.77 0
0.24 0.77 0
0.25 0.77 0
0.26 0.77 0
0.27 0.77 0
0.28 0.77 0
0.29 0.77 0
0.3 0.77 0
0.31 0.77 0
0.32 0.77 0
0.33 0.77 0
0.34 0.77 0
0.35 0.77 0
0.36 0.77 0
0.37 0.77 0
0.38 0.77 0
0.39 0.77 0
0.4 0.77 0
0.41 0.77 0
0.42 0.77 0
0.43 0.77 0
0.44 0.77 0
0.45 0.77 0
0.46 0.77 0
0.47 0.77 0
0.48 0.77 0
0.49 0.77 0
0.5 0.77 0
0.51 0.77 0
0.52 0.77 0
0.53 0.77 0
0.54 0.77 0
0.55 0.77 0
0.56 0.77 0
0.57 0.77 0
0.58 0.77 0
0.59 0.77 0
0.6 0.77 0
0.61 0.77 0
0.62 0.77 0
0.63 0.77 0
0.64 0.77 0
0.65 0.77 0
0.66 0.77 0
0.67 0.77 0
0.68 0.77 0
0.69 0.77 0
0.7 0.77 0
0.71 0.77 0
0.72 0.77 0
0.73 0.77 0
0.74 0.77 0
0.75 0.77 0
0.76 0.77 0
0.77 0.77 0
0.78 0.77 0
0.79 0.77 0
0.8 0.77 0
0.81 0.77 0
0.82 0.77 0
0.83 0.77 0
0.84 0.77 0
0.85 0.77 0
0.86 0.77 0
0.87 0.77 0
0.88 0.77 0
0.89 0.77 0
0.9 0.77 0
0.91 0.77 0
0.92 0.77 0
0.93 0.77 0
0.94 0.77 0
0.95 0.77 0
0.96 0.77 0
0.97 0.77 0
0.98 0.77 0
0.99 0.77 0
0.01 0.78 0
0.02 0.78 0
0.03 0.78 0
0.04 0.78 0
0.05 0.78 0
0.06 0.78 0
0.07 0.78 0
0.08 0.78 0
0.09 0.78 0
0.1 0.78 0
0.11 0.78 0
0.12 0.78 0
0.13 0.78 0
0.14 0.78 0
0.15 0.78 0
0.16 0.78 0
0.17 0.78 0
0.18 0.78 0
0.19 0.78 0
0.2 0.78 0
0.21 0.78 0
0.22 0.78 0
0.23 0.78 0
0.24 0.78 0
0.25 0.78 0
0.26 0.78 0
0.27 0.78 0
0.28 0.78 0
0.29 0.78 0
0.3 0.78 0
0.31 0.78 0
0.32 0.78 0
0.33 0.78 0
0.34 0.78 0
0.35 0.78 0
0.36 0.78 0
0.37 0.78 0
0.38 0.78 0
0.39 0.78 0
0.4 0.78 0
0.41 0.78 0
0.42 0.78 0
0.43 0.78 0
0.44 0.78 0
0.45 0.78 0
0.46 0.78 0
0.47 0.78 0
0.48 0.78 0
0.49 0.78 0
0.5 0.78 0
0.51 0.78 0
0.52 0.78 0
0.53 0.78 0
0.54 0.78 0
0.55 0.78 0
0.56 0.78 0
0.57 0.78 0
0.58 0.78 0
0.59 0.78 0
0.6 0.78 0
0.61 0.78 0
0.62 0.78 0
0.63 0.78 0
0.64 0.78 0
0.65 0.78 0
0.66 0.78 0
0.67 0.78 0
0.68 0.78 0
0.69 0.78 0
0.7 0.78 0
0.71 0.78 0
0.72 0.78 0
0.73 0.78 0
0.74 0.78 0
0.75 0.78 0
0.76 0.78 0
0.77 0.78 0
0.78 0.78 0
0.79 0.78 0
0.8 0.78 0
0.81 0.78 0
0.82 0.78 0
0.83 0.78 0
0.84 0.78 0
0.85 0.78 0
0.86 0.78 0
0.87 0.78 0
0.88 0.78 0
0.89 0.78 0
0.9 0.78 0
0.91 0.78 0
0.92 0.78 0
0.93 0.78 0
0.94 0.78 0
0.95 0.78 0
0.96 0.78 0
0.97 0.78 0
0.98 0.78 0
0.99 0.78 0
0.01 0.79 0
0.02 0.79 0
0.03 0.79 0
0.04 0.79 0
0.05 0.79 0
0.06 0.79 0
0.07 0.79 0
0.08 0.79 0
0.09 0.79 0
0.1 0.79 0
0.11 0.79 0
0.12 0.79 0
0.13 0.79 0
0.14 0.79 0
0.15 0.79 0
0.16 0.79 0
0.17 0.79 0
0.18 0.79 0
0.19 0.79 0
0.2 0.79 0
0.21 0.79 0
0.22 0.79 0
0.23 0.79 0
0.24 0.79 0
0.25 0.79 0
0.26 0.79 0
0.27 0.79 0
0.28 0.79 0
0.29 0.79 0
0.3 0.79 0
0.31 0.79 0
0.32 0.79 0
0.33 0.79 0
0.34 0.79 0
0.35 0.79 0
0.36 0.79 0
0.37 0.79 0
0.38 0.79 0
0.39 0.79 0
0.4 0.79 0
0.41 0.79 0
0.42 0.79 0
0.43 0.79 0
0.44 0.79 0
0.45 0.79 0
0.46 0.79 0
0.47 0.79 0
0.48 0.79 0
0.49 0.79 0
0.5 0.79 0
0.51 0.79 0
0.52 0.79 0
0.53 0.79 0
0.54 0.79 0
0.55 0.79 0
0.56 0.79 0
0.57 0.79 0
0.58 0.79 0
0.59 0.79 0
0.6 0.79 0
0.61 0.79 0
0.62 0.79 0
0.63 0.79 0
0.64 0.79 0
0.65 0.79 0
0.66 0.79 0
0.67 0.79 0
0.68 0.79 0
0.69 0.79 0
0.7 0.79 0
0.71 0.79 0
0.72 0.79 0
0.73 0.79 0
0.74 0.79 0
0.75 0.79 0
0.76 0.79 0
0.77 0.79 0
0.78 0.79 0
0.79 0.79 0
0.8 0.79 0
0.81 0.79 0
0.82 0.79 0
0.83 0.79 0
0.84 0.79 0
0.85 0.79 0
0.86 0.79 0
0.87 0.79 0
0.88 0.79 0
0.89 0.79 0
0.9 0.79 0
0.91 0.79 0
0.92 0.79 0
0.93 0.79 0
0.94 0.79 0
0.95 0.79 0
0.96 0.79 0
0.97 0.79 0
0.98 0.79 0
0.99 0.79 0
0.01 0.8 0
0.02 0.8 0
0.03 0.8 0
0.04 0.8 0
0.05 0.8 0
0.06 0.8 0
0.07 0.8 0
0.08 0.8 0
0.09 0.8 0
0.1 0.8 0
0.11 0.8 0
0.12 0.8 0
0.13 0.8 0
0.14 0.8 0
0.15 0.8 0
0.16 0.8 0
0.17 0.8 0
0.18 0.8 0
0.19 0.8 0
0.2 0.8 0
0.21 0.8 0
0.22 0.8 0
0.23 0.8 0
0.24 0.8 0
0.25 0.8 0
0.26 0.8 0
0.27 0.8 0
0.28 0.8 0
0.29 0.8 0
0.3 0.8 0
0.31 0.8 0
0.32 0.8 0
0.33 0.8 0
0.34 0.8 0
0.35 0.8 0
0.36 0.8 0
0.37 0.8 0
0.38 0.8 0
0.39 0.8 0
0.4 0.8 0
0.41 0.8 0
0.42 0.8 0
0.43 0.8 0
0.44 0.8 0
0.45 0.8 0
0.46 0.8 0
0.47 0.8 0
0.48 0.8 0
0.49 0.8 0
0.5 0.8 0
0.51 0.8 0
0.52 0.8 0
0.53 0.8 0
0.54 0.8 0
0.55 0.8 0
0.56 0.8 0
0.57 0.8 0
0.58 0.8 0
0.59 0.8 0
0.6 0.8 0
0.61 0.8 0
0.62 0.8 0
0.63 0.8 0
0.64 0.8 0
0.65 0.8 0
0.66 0.8 0
0.67 0.8 0
0.68 0.8 0
0.69 0.8 0
0.7 0.8 0
0.71 0.8 0
0.72 0.8 0
0.73 0.8 0
0.74 0.8 0
0.75 0.8 0
0.76 0.8 0
0.77 0.8 0
0.78 0.8 0
0.79 0.8 0
0.8 0.8 0
0.81 0.8 0
0.82 0.8 0
0.83 0.8 0
0.84 0.8 0
0.85 0.8 0
0.86 0.8 0
0.87 0.8 0
0.88 0.8 0
0.89 0.8 0
0.9 0.8 0
0.91 0.8 0
0.92 0.8 0
0.93 0.8 0
0.94 0.8 0
0.95 0.8 0
0.96 0.8 0
0.97 0.8 0
0.98 0.8 0
0.99 0.8 0
0.01 0.81 0
0.02 0.81 0
0.03 0.81 0
0.04 0.81 0
0.05 0.81 0
0.06 0.81 0
0.07 0.81 0
0.08 0.81 0
0.09 0.81 0
0.1 0.81 0
0.11 0.81 0
0.12 0.81 0
0.13 0.81 0
0.14 0.81 0
0.15 0.81 0
0.16 0.81 0
0.17 0.81 0
0.18 0.81 0
0.19 0.81 0
0.2 0.81 0
0.21 0.81 0
0.22 0.81 0
0.23 0.81 0
0.24 0.81 0
0.25 0.81 0
0.26 0.81 0
0.27 0.81 0
0.28 0.81 0
0.29 0.81 0
0.3 0.81 0
0.31 0.81 0
0.32 0.81 0
0.33 0.81 0
0.34 0.81 0
0.35 0.81 0
0.36 0.81 0
0.37 0.81 0
0.38 0.81 0
0.39 0.81 0
0.4 0.81 0
0.41 0.81 0
0.42 0.81 0
0.43 0.81 0
0.44 0.81 0
0.45 0.81 0
0.46 0.81 0
0.47 0.81 0
0.48 0.81 0
0.49 0.81 0
0.5 0.81 0
0.51 0.81 0
0.52 0.81 0
0.53 0.81 0
0.54 0.81 0
0.55 0.81 0
0.56 0.81 0
0.57 0.81 0
0.58 0.81 0
0.59 0.81 0
0.6 0.81 0
0.61 0.81 0
0.62 0.81 0
0.63 0.81 0
0.64 0.81 0
0.65 0.81 0
0.66 0.81 0
0.67 0.81 0
0.68 0.81 0
0.69 0.81 0
0.7 0.81 0
0.71 0.81 0
0.72 0.81 0
0.73 0.81 0
0.74 0.81 0
0.75 0.81 0
0.76 0.81 0
0.77 0.81 0
0.78 0.81 0
0.79 0.81 0
0.8 0.81 0
0.81 0.81 0
0.82 0.81 0
0.83 0.81 0
0.84 0.81 0
0.85 0.81 0
0.86 0.81 0
0.87 0.81 0
0.88 0.81 0
0.89 0.81 0
0.9 0.81 0
0.91 0.81 0
0.92 0.81 0
0.93 0.81 0
0.94 0.81 0
0.95 0.81 0
0.96 0.81 0
0.97 0.81 0
0.98 0.81 0
0.99 0.81 0
0.01 0.82 0
0.02 0.82 0
0.03 0.82 0
0.04 0.82 0
0.05 0.82 0
0.06 0.82 0
0.07 0.82 0
0.08 0.82 0
0.09 0.82 0
0.1 0.82 0
0.11 0.82 0
0.12 0.82 0
0.13 0.82 0
0.14 0.82 0
0.15 0.82 0
0.16 0.82 0
0.17 0.82 0
0.18 0.82 0
0.19 0.82 0
0.2 0.82 0
0.21 0.82 0
0.22 0.82 0
0.23 0.82 0
0.24 0.82 0
0.25 0.82 0
0.26 0.82 0
0.27 0.82 0
0.28 0.82 0
0.29 0.82 0
0.3 0.82 0
0.31 0.82 0
0.32 0.82 0
0.33 0.82 0
0.34 0.82 0
0.35 0.82 0
0.36 0.82 0
0.37 0.82 0
0.38 0.82 0
0.39 0.82 0
0.4 0.82 0
0.41 0.82 0
0.42 0.82 0
0.43 0.82 0
0.44 0.82 0
0.45 0.82 0
0.46 0.82 0
0.47 0.82 0
0.48 0.82 0
0.49 0.82 0
0.5 0.82 0
0.51 0.82 0
0.52 0.82 0
0.53 0.82 0
0.54 0.82 0
0.55 0.82 0
0.56 0.82 0
0.57 0.82 0
0.58 0.82 0
0.59 0.82 0
0.6 0.82 0
0.61 0.82 0
0.62 0.82 0
0.63 0.82 0
0.64 0.82 0
0.65 0.82 0
0.66 0.82 0
0.67 0.82 0
0.68 0.82 0
0.69 0.82 0
0.7 0.82 0
0.71 0.82 0
0.72 0.82 0
0.73 0.82 0
0.74 0.82 0
0.75 0.82 0
0.76 0.82 0
0.77 0.82 0
0.78 0.82 0
0.79 0.82 0
0.8 0.82 0
0.81 0.82 0
0.82 0.82 0
0.83 0.82 0
0.84 0.82 0
0.85 0.82 0
0.86 0.82 0
0.87 0.82 0
0.88 0.82 0
0.89 0.82 0
0.9 0.82 0
0.91 0.82 0
0.92 0.82 0
0.93 0.82 0
0.94 0.82 0
0.95 0.82 0
0.96 0.82 0
0.97 0.82 0
0.98 0.82 0
0.99 0.82 0
0.01 0.83 0
0.02 0.83 0
0.03 0.83 0
0.04 0.83 0
0.05 0.83 0
0.06 0.83 0
0.07 0.83 0
0.08 0.83 0
0.09 0.83 0
0.1 0.83 0
0.11 0.83 0
0.12 0.83 0
0.13 0.83 0
0.14 0.83 0
0.15 0.83 0
0.16 0.83 0
0.17 0.83 0
0.18 0.83 0
0.19 0.83 0
0.2 0.83 0
0.21 0.83 0
0.22 0.83 0
0.23 0.83 0
0.24 0.83 0
0.25 0.83 0
0.26 0.83 0
0.27 0.83 0
0.28 0.83 0
0.29 0.83 0
0.3 0.83 0
0.31 0.83 0
0.32 0.83 0
0.33 0.83 0
0.34 0.83 0
0.35 0.83 0
0.36 0.83 0
0.37 0.83 0
0.38 0.83 0
0.39 0.83 0
0.4 0.83 0
0.41 0.83 0
0.42 0.83 0
0.43 0.83 0
0.44 0.83 0
0.45 0.83 0
0.46 0.83 0
0.47 0.83 0
0.48 0.83 0
0.49 0.83 0
0.5 0.83 0
0.51 0.83 0
0.52 0.83 0
0.53 0.83 0
0.54 0.83 0
0.55 0.83 0
0.56 0.83 0
0.57 0.83 0
0.58 0.83 0
0.59 0.83 0
0.6 0.83 0
0.61 0.83 0
0.62 0.83 0
0.63 0.83 0
0.64 0.83 0
0.65 0.83 0
0.66 0.83 0
0.67 0.83 0
0.68 0.83 0
0.69 0.83 0
0.7 0.83 0
0.71 0.83 0
0.72 0.83 0
0.73 0.83 0
0.74 0.83 0
0.75 0.83 0
0.76 0.83 0
0.77 0.83 0
0.78 0.83 0
0.79 0.83 0
0.8 0.83 0
0.81 0.83 0
0.82 0.83 0
0.83 0.83 0
0.84 0.83 0
0.85 0.83 0
0.86 0.83 0
0.87 0.83 0
0.88 0.83 0
0.89 0.83 0
0.9 0.83 0
0.91 0.83 0
0.92 0.83 0
0.93 0.83 0
0.94 0.83 0
0.95 0.83 0
0.96 0.83 0
0.97 0.83 0
0.98 0.83 0
0.99 0.83 0
0.01 0.84 0
0.02 0.84 0
0.03 0.84 0
0.04 0.84 0
0.05 0.84 0
0.06 0.84 0
0.07 0.84 0
0.08 0.84 0
0.09 0.84 0
0.1 0.84 0
0.11 0.84 0
0.12 0.84 0
0.13 0.84 0
0.14 0.84 0
0.15 0.84 0
0.16 0.84 0
0.17 0.84 0
0.18 0.84 0
0.19 0.84 0
0.2 0.84 0
0.21 0.84 0
0.22 0.84 0
0.23 0.84 0
0.24 0.84 0
0.25 0.84 0
0.26 0.84 0
0.27 0.84 0
0.28 0.84 0
0.29 0.84 0
0.3 0.84 0
0.31 0.84 0
0.32 0.84 0
0.33 0.84 0
0.34 0.84 0
0.35 0.84 0
0.36 0.84 0
0.37 0.84 0
0.38 0.84 0
0.39 0.84 0
0.4 0.84 0
0.41 0.84 0
0.42 0.84 0
0.43 0.84 0
0.44 0.84 0
0.45 0.84 0
0.46 0.84 0
0.47 0.84 0
0.48 0.84 0
0.49 0.84 0
0.5 0.84 0
0.51 0.84 0
0.52 0.84 0
0.53 0.84 0
0.54 0.84 0
0.55 0.84 0
0.56 0.84 0
0.57 0.84 0
0.58 0.84 0
0.59 0.84 0
0.6 0.84 0
0.61 0.84 0
0.62 0.84 0
0.63 0.84 0
0.64 0.84 0
0.65 0.84 0
0.66 0.84 0
0.67 0.84 0
0.68 0.84 0
0.69 0.84 0
0.7 0.84 0
0.71 0.84 0
0.72 0.84 0
0.73 0.84 0
0.74 0.84 0
0.75 0.84 0
0.76 0.84 0
0.77 0.84 0
0.78 0.84 0
0.79 0.84 0
0.8 0.84 0
0.81 0.84 0
0.82 0.84 0
0.83 0.84 0
0.84 0.84 0
0.85 0.84 0
0.86 0.84 0
0.87 0.84 0
0.88 0.84 0
0.89 0.84 0
0.9 0.84 0
0.91 0.84 0
0.92 0.84 0
0.93 0.84 0
0.94 0.84 0
0.95 0.84 0
0.96 0.84 0
0.97 0.84 0
0.98 0.84 0
0.99 0.84 0
0.01 0.85 0
0.02 0.85 0
0.03 0.85 0
0.04 0.85 0
0.05 0.85 0
0.06 0.85 0
0.07 0.85 0
0.08 0.85 0
0.09 0.85 0
0.1 0.85 0
0.11 0.85 0
0.12 0.85 0
0.13 0.85 0
0.14 0.85 0
0.15 0.85 0
0.16 0.85 0
0.17 0.85 0
0.18 0.85 0
0.19 0.85 0
0.2 0.85 0
0.21 0.85 0
0.22 0.85 0
0.23 0.85 0
0.24 0.85 0
0.25 0.85 0
0.26 0.85 0
0.27 0.85 0
0.28 0.85 0
0.29 0.85 0
0.3 0.85 0
0.31 0.85 0
0.32 0.85 0
0.33 0.85 0
0.34 0.85 0
0.35 0.85 0
0.36 0.85 0
0.37 0.85 0
0.38 0.85 0
0.39 0.85 0
0.4 0.85 0
0.41 0.85 0
0.42 0.85 0
0.43 0.85 0
0.44 0.85 0
0.45 0.85 0
0.46 0.85 0
0.47 0.85 0
0.48 0.85 0
0.49 0.85 0
0.5 0.85 0
0.51 0.85 0
0.52 0.85 0
0.53 0.85 0
0.54 0.85 0
0.55 0.85 0
0.56 0.85 0
0.57 0.85 0
0.58 0.85 0
0.59 0.85 0
0.6 0.85 0
0.61 0.85 0
0.62 0.85 0
0.63 0.85 0
0.64 0.85 0
0.65 0.85 0
0.66 0.85 0
0.67 0.85 0
0.68 0.85 0
0.69 0.85 0
0.7 0.85 0
0.71 0.85 0
0.72 0.85 0
0.73 0.85 0
0.74 0.85 0
0.75 0.85 0
0.76 0.85 0
0.77 0.85 0
0.78 0.85 0
0.79 0.85 0
0.8 0.85 0
0.81 0.85 0
0.82 0.85 0
0.83 0.85 0
0.84 0.85 0
0.85 0.85 0
0.86 0.85 0
0.87 0.85 0
0.88 0.85 0
0.89 0.85 0
0.9 0.85 0
0.91 0.85 0
0.92 0.85 0
0.93 0.85 0
0.94 0.85 0
0.95 0.85 0
0.96 0.85 0
0.97 0.85 0
0.98 0.85 0
0.99 0.85 0
0.01 0.86 0
0.02 0.86 0
0.03 0.86 0
0.04 0.86 0
0.05 0.86 0
0.06 0.86 0
0.07 0.86 0
0.08 0.86 0
0.09 0.86 0
0.1 0.86 0
0.11 0.86 0
0.12 0.86 0
0.13 0.86 0
0.14 0.86 0
0.15 0.86 0
0.16 0.86 0
0.17 0.86 0
0.18 0.86 0
0.19 0.86 0
0.2 0.86 0
0.21 0.86 0
0.22 0.86 0
0.23 0.86 0
0.24 0.86 0
0.25 0.86 0
0.26 0.86 0
0.27 0.86 0
0.28 0.86 0
0.29 0.86 0
0.3 0.86 0
0.31 0.86 0
0.32 0.86 0
0.33 0.86 0
0.34 0.86 0
0.35 0.86 0
0.36 0.86 0
0.37 0.86 0
0.38 0.86 0
0.39 0.86 0
0.4 0.86 0
0.41 0.86 0
0.42 0.86 0
0.43 0.86 0
0.44 0.86 0
0.45 0.86 0
0.46 0.86 0
0.47 0.86 0
0.48 0.86 0
0.49 0.86 0
0.5 0.86 0
0.51 0.86 0
0.52 0.86 0
0.53 0.86 0
0.54 0.86 0
0.55 0.86 0
0.56 0.86 0
0.57 0.86 0
0.58 0.86 0
0.59 0.86 0
0.6 0.86 0
0.61 0.86 0
0.62 0.86 0
0.63 0.86 0
0.64 0.86 0
0.65 0.86 0
0.66 0.86 0
0.67 0.86 0
0.68 0.86 0
0.69 0.86 0
0.7 0.86 0
0.71 0.86 0
0.72 0.86 0
0.73 0.86 0
0.74 0.86 0
0.75 0.86 0
0.76 0.86 0
0.77 0.86 0
0.78 0.86 0
0.79 0.86 0
0.8 0.86 0
0.81 0.86 0
0.82 0.86 0
0.83 0.86 0
0.84 0.86 0
0.85 0.86 0
0.86 0.86 0
0.87 0.86 0
0.88 0.86 0
0.89 0.86 0
0.9 0.86 0
0.91 0.86 0
0.92 0.86 0
0.93 0.86 0
0.94 0.86 0
0.95 0.86 0
0.96 0.86 0
0.97 0.86 0
0.98 0.86 0
0.99 0.86 0
0.01 0.87 0
0.02 0.87 0
0.03 0.87 0
0.04 0.87 0
0.05 0.87 0
0.06 0.87 0
0.07 0.87 0
0.08 0.87 0
0.09 0.87 0
0.1 0.87 0
0.11 0.87 0
0.12 0.87 0
0.13 0.87 0
0.14 0.87 0
0.15 0.87 0
0.16 0.87 0
0.17 0.87 0
0.18 0.87 0
0.19 0.87 0
0.2 0.87 0
0.21 0.87 0
0.22 0.87 0
0.23 0.87 0
0.24 0.87 0
0.25 0.87 0
0.26 0.87 0
0.27 0.87 0
0.28 0.87 0
0.29 0.87 0
0.3 0.87 0
0.31 0.87 0
0.32 0.87 0
0.33 0.87 0
0.34 0.87 0
0.35 0.87 0
0.36 0.87 0
0.37 0.87 0
0.38 0.87 0
0.39 0.87 0
0.4 0.87 0
0.41 0.87 0
0.42 0.87 0
0.43 0.87 0
0.44 0.87 0
0.45 0.87 0
0.46 0.87 0
0.47 0.87 0
0.48 0.87 0
0.49 0.87 0
0.5 0.87 0
0.51 0.87 0
0.52 0.87 0
0.53 0.87 0
0.54 0.87 0
0.55 0.87 0
0.56 0.87 0
0.57 0.87 0
0.58 0.87 0
0.59 0.87 0
0.6 0.87 0
0.61 0.87 0
0.62 0.87 0
0.63 0.87 0
0.64 0.87 0
0.65 0.87 0
0.66 0.87 0
0.67 0.87 0
0.68 0.87 0
0.69 0.87 0
0.7 0.87 0
0.71 0.87 0
0.72 0.87 0
0.73 0.87 0
0.74 0.87 0
0.75 0.87 0
0.76 0.87 0
0.77 0.87 0
0.78 0.87 0
0.79 0.87 0
0.8 0.87 0
0.81 0.87 0
0.82 0.87 0
0.83 0.87 0
0.84 0.87 0
0.85 0.87 0
0.86 0.87 0
0.87 0.87 0
0.88 0.87 0
0.89 0.87 0
0.9 0.87 0
0.91 0.87 0
0.92 0.87 0
0.93 0.87 0
0.94 0.87 0
0.95 0.87 0
0.96 0.87 0
0.97 0.87 0
0.98 0.87 0
0.99 0.87 0
0.01 0.88 0
0.02 0.88 0
0.03 0.88 0
0.04 0.88 0
0.05 0.88 0
0.06 0.88 0
0.07 0.88 0
0.08 0.88 0
0.09 0.88 0
0.1 0.88 0
0.11 0.88 0
0.12 0.88 0
0.13 0.88 0
0.14 0.88 0
0.15 0.88 0
0.16 0.88 0
0.17 0.88 0
0.18 0.88 0
0.19 0.88 0
0.2 0.88 0
0.21 0.88 0
0.22 0.88 0
0.23 0.88 0
0.24 0.88 0
0.25 0.88 0
0.26 0.88 0
0.27 0.88 0
0.28 0.88 0
0.29 0.88 0
0.3 0.88 0
0.31 0.88 0
0.32 0.88 0
0.33 0.88 0
0.34 0.88 0
0.35 0.88 0
0.36 0.88 0
0.37 0.88 0
0.38 0.88 0
0.39 0.88 0
0.4 0.88 0
0.41 0.88 0
0.42 0.88 0
0.43 0.88 0
0.44 0.88 0
0.45 0.88 0
0.46 0.88 0
0.47 0.88 0
0.48 0.88 0
0.49 0.88 0
0.5 0.88 0
0.51 0.88 0
0.52 0.88 0
0.53 0.88 0
0.54 0.88 0
0.55 0.88 0
0.56 0.88 0
0.57 0.88 0
0.58 0.88 0
0.59 0.88 0
0.6 0.88 0
0.61 0.88 0
0.62 0.88 0
0.63 0.88 0
0.64 0.88 0
0.65 0.88 0
0.66 0.88 0
0.67 0.88 0
0.68 0.88 0
0.69 0.88 0
0.7 0.88 0
0.71 0.88 0
0.72 0.88 0
0.73 0.88 0
0.74 0.88 0
0.75 0.88 0
0.76 0.88 0
0.77 0.88 0
0.78 0.88 0
0.79 0.88 0
0.8 0.88 0
0.81 0.88 0
0.82 0.88 0
0.83 0.88 0
0.84 0.88 0
0.85 0.88 0
0.86 0.88 0
0.87 0.88 0
0.88 0.88 0
0.89 0.88 0
0.9 0.88 0
0.91 0.88 0
0.92 0.88 0
0.93 0.88 0
0.94 0.88 0
0.95 0.88 0
0.96 0.88 0
0.97 0.88 0
0.98 0.88 0
0.99 0.88 0
0.01 0.89 0
0.02 0.89 0
0.03 0.89 0
0.04 0.89 0
0.05 0.89 0
0.06 0.89 0
0.07 0.89 0
0.08 0.89 0
0.09 0.89 0
0.1 0.89 0
0.11 0.89 0
0.12 0.89 0
0.13 0.89 0
0.14 0.89 0
0.15 0.89 0
0.16 0.89 0
0.17 0.89 0
0.18 0.89 0
0.19 0.89 0
0.2 0.89 0
0.21 0.89 0
0.22 0.89 0
0.23 0.89 0
0.24 0.89 0
0.25 0.89 0
0.26 0.89 0
0.27 0.89 0
0.28 0.89 0
0.29 0.89 0
0.3 0.89 0
0.31 0.89 0
0.32 0.89 0
0.33 0.89 0
0.34 0.89 0
0.35 0.89 0
0.36 0.89 0
0.37 0.89 0
0.38 0.89 0
0.39 0.89 0
0.4 0.89 0
0.41 0.89 0
0.42 0.89 0
0.43 0.89 0
0.44 0.89 0
0.45 0.89 0
0.46 0.89 0
0.47 0.89 0
0.48 0.89 0
0.49 0.89 0
0.5 0.89 0
0.51 0.89 0
0.52 0.89 0
0.53 0.89 0
0.54 0.89 0
0.55 0.89 0
0.56 0.89 0
0.57 0.89 0
0.58 0.89 0
0.59 0.89 0
0.6 0.89 0
0.61 0.89 0
0.62 0.89 0
0.63 0.89 0
0.64 0.89 0
0.65 0.89 0
0.66 0.89 0
0.67 0.89 0
0.68 0.89 0
0.69 0.89 0
0.7 0.89 0
0.71 0.89 0
0.72 0.89 0
0.73 0.89 0
0.74 0.89 0
0.75 0.89 0
0.76 0.89 0
0.77 0.89 0
0.78 0.89 0
0.79 0.89 0
0.8 0.89 0
0.81 0.89 0
0.82 0.89 0
0.83 0.89 0
0.84 0.89 0
0.85 0.89 0
0.86 0.89 0
0.87 0.89 0
0.88 0.89 0
0.89 0.89 0
0.9 0.89 0
0.91 0.89 0
0.92 0.89 0
0.93 0.89 0
0.94 0.89 0
0.95 0.89 0
0.96 0.89 0
0.97 0.89 0
0.98 0.89 0
0.99 0.89 0
0.01 0.9 0
0.02 0.9 0
0.03 0.9 0
0.04 0.9 0
0.05 0.9 0
0.06 0.9 0
0.07 0.9 0
0.08 0.9 0
0.09 0.9 0
0.1 0.9 0
0.11 0.9 0
0.12 0.9 0
0.13 0.9 0
0.14 0.9 0
0.15 0.9 0
0.16 0.9 0
0.17 0.9 0
0.18 0.9 0
0.19 0.9 0
0.2 0.9 0
0.21 0.9 0
0.22 0.9 0
0.23 0.9 0
0.24 0.9 0
0.25 0.9 0
0.26 0.9 0
0.27 0.9 0
0.28 0.9 0
0.29 0.9 0
0.3 0.9 0
0.31 0.9 0
0.32 0.9 0
0.33 0.9 0
0.34 0.9 0
0.35 0.9 0
0.36 0.9 0
0.37 0.9 0
0.38 0.9 0
0.39 0.9 0
0.4 0.9 0
0.41 0.9 0
0.42 0.9 0
0.43 0.9 0
0.44 0.9 0
0.45 0.9 0
0.46 0.9 0
0.47 0.9 0
0.48 0.9 0
0.49 0.9 0
0.5 0.9 0
0.51 0.9 0
0.52 0.9 0
0.53 0.9 0
0.54 0.9 0
0.55 0.9 0
0.56 0.9 0
0.57 0.9 0
0.58 0.9 0
0.59 0.9 0
0.6 0.9 0
0.61 0.9 0
0.62 0.9 0
0.63 0.9 0
0.64 0.9 0
0.65 0.9 0
0.66 0.9 0
0.67 0.9 0
0.68 0.9 0
0.69 0.9 0
0.7 0.9 0
0.71 0.9 0
0.72 0.9 0
0.73 0.9 0
0.74 0.9 0
0.75 0.9 0
0.76 0.9 0
0.77 0.9 0
0.78 0.9 0
0.79 0.9 0
0.8 0.9 0
0.81 0.9 0
0.82 0.9 0
0.83 0.9 0
0.84 0.9 0
0.85 0.9 0
0.86 0.9 0
0.87 0.9 0
0.88 0.9 0
0.89 0.9 0
0.9 0.9 0
0.91 0.9 0
0.92 0.9 0
0.93 0.9 0
0.94 0.9 0
0.95 0.9 0
0.96 0.9 0
0.97 0.9 0
0.98 0.9 0
0.99 0.9 0
0.01 0.91 0
0.02 0.91 0
0.03 0.91 0
0.04 0.91 0
0.05 0.91 0
0.06 0.91 0
0.07 0.91 0
0.08 0.91 0
0.09 0.91 0
0.1 0.91 0
0.11 0.91 0
0.12 0.91 0
0.13 0.91 0
0.14 0.91 0
0.15 0.91 0
0.16 0.91 0
0.17 0.91 0
0.18 0.91 0
0.19 0.91 0
0.2 0.91 0
0.21 0.91 0
0.22 0.91 0
0.23 0.91 0
0.24 0.91 0
0.25 0.91 0
0.26 0.91 0
0.27 0.91 0
0.28 0.91 0
0.29 0.91 0
0.3 0.91 0
0.31 0.91 0
0.32 0.91 0
0.33 0.91 0
0.34 0.91 0
0.35 0.91 0
0.36 0.91 0
0.37 0.91 0
0.38 0.91 0
0.39 0.91 0
0.4 0.91 0
0.41 0.91 0
0.42 0.91 0
0.43 0.91 0
0.44 0.91 0
0.45 0.91 0
0.46 0.91 0
0.47 0.91 0
0.48 0.91 0
0.49 0.91 0
0.5 0.91 0
0.51 0.91 0
0.52 0.91 0
0.53 0.91 0
0.54 0.91 0
0.55 0.91 0
0.56 0.91 0
0.57 0.91 0
0.58 0.91 0
0.59 0.91 0
0.6 0.91 0
0.61 0.91 0
0.62 0.91 0
0.63 0.91 0
0.64 0.91 0
0.65 0.91 0
0.66 0.91 0
0.67 0.91 0
0.68 0.91 0
0.69 0.91 0
0.7 0.91 0
0.71 0.91 0
0.72 0.91 0
0.73 0.91 0
0.74 0.91 0
0.75 0.91 0
0.76 0.91 0
0.77 0.91 0
0.78 0.91 0
0.79 0.91 0
0.8 0.91 0
0.81 0.91 0
0.82 0.91 0
0.83 0.91 0
0.84 0.91 0
0.85 0.91 0
0.86 0.91 0
0.87 0.91 0
0.88 0.91 0
0.89 0.91 0
0.9 0.91 0
0.91 0.91 0
0.92 0.91 0
0.93 0.91 0
0.94 0.91 0
0.95 0.91 0
0.96 0.91 0
0.97 0.91 0
0.98 0.91 0
0.99 0.91 0
0.01 0.92 0
0.02 0.92 0
0.03 0.92 0
0.04 0.92 0
0.05 0.92 0
0.06 0.92 0
0.07 0.92 0
0.08 0.92 0
0.09 0.92 0
0.1 0.92 0
0.11 0.92 0
0.12 0.92 0
0.13 0.92 0
0.14 0.92 0
0.15 0.92 0
0.16 0.92 0
0.17 0.92 0
0.18 0.92 0
0.19 0.92 0
0.2 0.92 0
0.21 0.92 0
0.22 0.92 0
0.23 0.92 0
0.24 0.92 0
0.25 0.92 0
0.26 0.92 0
0.27 0.92 0
0.28 0.92 0
0.29 0.92 0
0.3 0.92 0
0.31 0.92 0
0.32 0.92 0
0.33 0.92 0
0.34 0.92 0
0.35 0.92 0
0.36 0.92 0
0.37 0.92 0
0.38 0.92 0
0.39 0.92 0
0.4 0.92 0
0.41 0.92 0
0.42 0.92 0
0.43 0.92 0
0.44 0.92 0
0.45 0.92 0
0.46 0.92 0
0.47 0.92 0
0.48 0.92 0
0.49 0.92 0
0.5 0.92 0
0.51 0.92 0
0.52 0.92 0
0.53 0.92 0
0.54 0.92 0
0.55 0.92 0
0.56 0.92 0
0.57 0.92 0
0.58 0.92 0
0.59 0.92 0
0.6 0.92 0
0.61 0.92 0
0.62 0.92 0
0.63 0.92 0
0.64 0.92 0
0.65 0.92 0
0.66 0.92 0
0.67 0.92 0
0.68 0.92 0
0.69 0.92 0
0.7 0.92 0
0.71 0.92 0
0.72 0.92 0
0.73 0.92 0
0.74 0.92 0
0.75 0.92 0
0.76 0.92 0
0.77 0.92 0
0.78 0.92 0
0.79 0.92 0
0.8 0.92 0
0.81 0.92 0
0.82 0.92 0
0.83 0.92 0
0.84 0.92 0
0.85 0.92 0
0.86 0.92 0
0.87 0.92 0
0.88 0.92 0
0.89 0.92 0
0.9 0.92 0
0.91 0.92 0
0.92 0.92 0
0.93 0.92 0
0.94 0.92 0
0.95 0.92 0
0.96 0.92 0
0.97 0.92 0
0.98 0.92 0
0.99 0.92 0
0.01 0.93 0
0.02 0.93 0
0.03 0.93 0
0.04 0.93 0
0.05 0.93 0
0.06 0.93 0
0.07 0.93 0
0.08 0.93 0
0.09 0.93 0
0.1 0.93 0
0.11 0.93 0
0.12 0.93 0
0.13 0.93 0
0.14 0.93 0
0.15 0.93 0
0.16 0.93 0
0.17 0.93 0
0.18 0.93 0
0.19 0.93 0
0.2 0.93 0
0.21 0.93 0
0.22 0.93 0
0.23 0.93 0
0.24 0.93 0
0.25 0.93 0
0.26 0.93 0
0.27 0.93 0
0.28 0.93 0
0.29 0.93 0
0.3 0.93 0
0.31 0.93 0
0.32 0.93 0
0.33 0.93 0
0.34 0.93 0
0.35 0.93 0
0.36 0.93 0
0.37 0.93 0
0.38 0.93 0
0.39 0.93 0
0.4 0.93 0
0.41 0.93 0
0.42 0.93 0
0.43 0.93 0
0.44 0.93 0
0.45 0.93 0
0.46 0.93 0
0.47 0.93 0
0.48 0.93 0
0.49 0.93 0
0.5 0.93 0
0.51 0.93 0
0.52 0.93 0
0.53 0.93 0
0.54 0.93 0
0.55 0.93 0
0.56 0.93 0
0.57 0.93 0
0.58 0.93 0
0.59 0.93 0
0.6 0.93 0
0.61 0.93 0
0.62 0.93 0
0.63 0.93 0
0.64 0.93 0
0.65 0.93 0
0.66 0.93 0
0.67 0.93 0
0.68 0.93 0
0.69 0.93 0
0.7 0.93 0
0.71 0.93 0
0.72 0.93 0
0.73 0.93 0
0.74 0.93 0
0.75 0.93 0
0.76 0.93 0
0.77 0.93 0
0.78 0.93 0
0.79 0.93 0
0.8 0.93 0
0.81 0.93 0
0.82 0.93 0
0.83 0.93 0
0.84 0.93 0
0.85 0.93 0
0.86 0.93 0
0.87 0.93 0
0.88 0.93 0
0.89 0.93 0
0.9 0.93 0
0.91 0.93 0
0.92 0.93 0
0.93 0.93 0
0.94 0.93 0
0.95 0.93 0
0.96 0.93 0
0.97 0.93 0
0.98 0.93 0
0.99 0.93 0
0.01 0.94 0
0.02 0.94 0
0.03 0.94 0
0.04 0.94 0
0.05 0.94 0
0.06 0.94 0
0.07 0.94 0
0.08 0.94 0
0.09 0.94 0
0.1 0.94 0
0.11 0.94 0
0.12 0.94 0
0.13 0.94 0
0.14 0.94 0
0.15 0.94 0
0.16 0.94 0
0.17 0.94 0
0.18 0.94 0
0.19 0.94 0
0.2 0.94 0
0.21 0.94 0
0.22 0.94 0
0.23 0.94 0
0.24 0.94 0
0.25 0.94 0
0.26 0.94 0
0.27 0.94 0
0.28 0.94 0
0.29 0.94 0
0.3 0.94 0
0.31 0.94 0
0.32 0.94 0
0.33 0.94 0
0.34 0.94 0
0.35 0.94 0
0.36 0.94 0
0.37 0.94 0
0.38 0.94 0
0.39 0.94 0
0.4 0.94 0
0.41 0.94 0
0.42 0.94 0
0.43 0.94 0
0.44 0.94 0
0.45 0.94 0
0.46 0.94 0
0.47 0.94 0
0.48 0.94 0
0.49 0.94 0
0.5 0.94 0
0.51 0.94 0
0.52 0.94 0
0.53 0.94 0
0.54 0.94 0
0.55 0.94 0
0.56 0.94 0
0.57 0.94 0
0.58 0.94 0
0.59 0.94 0
0.6 0.94 0
0.61 0.94 0
0.62 0.94 0
0.63 0.94 0
0.64 0.94 0
0.65 0.94 0
0.66 0.94 0
0.67 0.94 0
0.68 0.94 0
0.69 0.94 0
0.7 0.94 0
0.71 0.94 0
0.72 0.94 0
0.73 0.94 0
0.74 0.94 0
0.75 0.94 0
0.76 0.94 0
0.77 0.94 0
0.78 0.94 0
0.79 0.94 0
0.8 0.94 0
0.81 0.94 0
0.82 0.94 0
0.83 0.94 0
0.84 0.94 0
0.85 0.94 0
0.86 0.94 0
0.87 0.94 0
0.88 0.94 0
0.89 0.94 0
0.9 0.94 0
0.91 0.94 0
0.92 0.94 0
0.93 0.94 0
0.94 0.94 0
0.95 0.94 0
0.96 0.94 0
0.97 0.94 0
0.98 0.94 0
0.99 0.94 0
0.01 0.95 0
0.02 0.95 0
0.03 0.95 0
0.04 0.95 0
0.05 0.95 0
0.06 0.95 0
0.07 0.95 0
0.08 0.95 0
0.09 0.95 0
0.1 0.95 0
0.11 0.95 0
0.12 0.95 0
0.13 0.95 0
0.14 0.95 0
0.15 0.95 0
0.16 0.95 0
0.17 0.95 0
0.18 0.95 0
0.19 0.95 0
0.2 0.95 0
0.21 0.95 0
0.22 0.95 0
0.23 0.95 0
0.24 0.95 0
0.25 0.95 0
0.26 0.95 0
0.27 0.95 0
0.28 0.95 0
0.29 0.95 0
0.3 0.95 0
0.31 0.95 0
0.32 0.95 0
0.33 0.95 0
0.34 0.95 0
0.35 0.95 0
0.36 0.95 0
0.37 0.95 0
0.38 0.95 0
0.39 0.95 0
0.4 0.95 0
0.41 0.95 0
0.42 0.95 0
0.43 0.95 0
0.44 0.95 0
0.45 0.95 0
0.46 0.95 0
0.47 0.95 0
0.48 0.95 0
0.49 0.95 0
0.5 0.95 0
0.51 0.95 0
0.52 0.95 0
0.53 0.95 0
0.54 0.95 0
0.55 0.95 0
0.56 0.95 0
0.57 0.95 0
0.58 0.95 0
0.59 0.95 0
0.6 0.95 0
0.61 0.95 0
0.62 0.95 0
0.63 0.95 0
0.64 0.95 0
0.65 0.95 0
0.66 0.95 0
0.67 0.95 0
0.68 0.95 0
0.69 0.95 0
0.7 0.95 0
0.71 0.95 0
0.72 0.95 0
0.73 0.95 0
0.74 0.95 0
0.75 0.95 0
0.76 0.95 0
0.77 0.95 0
0.78 0.95 0
0.79 0.95 0
0.8 0.95 0
0.81 0.95 0
0.82 0.95 0
0.83 0.95 0
0.84 0.95 0
0.85 0.95 0
0.86 0.95 0
0.87 0.95 0
0.88 0.95 0
0.89 0.95 0
0.9 0.95 0
0.91 0.95 0
0.92 0.95 0
0.93 0.95 0
0.94 0.95 0
0.95 0.95 0
0.96 0.95 0
0.97 0.95 0
0.98 0.95 0
0.99 0.95 0
0.01 0.96 0
0.02 0.96 0
0.03 0.96 0
0.04 0.96 0
0.05 0.96 0
0.06 0.96 0
0.07 0.96 0
0.08 0.96 0
0.09 0.96 0
0.1 0.96 0
0.11 0.96 0
0.12 0.96 0
0.13 0.96 0
0.14 0.96 0
0.15 0.96 0
0.16 0.96 0
0.17 0.96 0
0.18 0.96 0
0.19 0.96 0
0.2 0.96 0
0.21 0.96 0
0.22 0.96 0
0.23 0.96 0
0.24 0.96 0
0.25 0.96 0
0.26 0.96 0
0.27 0.96 0
0.28 0.96 0
0.29 0.96 0
0.3 0.96 0
0.31 0.96 0
0.32 0.96 0
0.33 0.96 0
0.34 0.96 0
0.35 0.96 0
0.36 0.96 0
0.37 0.96 0
0.38 0.96 0
0.39 0.96 0
0.4 0.96 0
0.41 0.96 0
0.42 0.96 0
0.43 0.96 0
0.44 0.96 0
0.45 0.96 0
0.46 0.96 0
0.47 0.96 0
0.48 0.96 0
0.49 0.96 0
0.5 0.96 0
0.51 0.96 0
0.52 0.96 0
0.53 0.96 0
0.54 0.96 0
0.55 0.96 0
0.56 0.96 0
0.57 0.96 0
0.58 0.96 0
0.59 0.96 0
0.6 0.96 0
0.61 0.96 0
0.62 0.96 0
0.63 0.96 0
0.64 0.96 0
0.65 0.96 0
0.66 0.96 0
0.67 0.96 0
0.68 0.96 0
0.69 0.96 0
0.7 0.96 0
0.71 0.96 0
0.72 0.96 0
0.73 0.96 0
0.74 0.96 0
0.75 0.96 0
0.76 0.96 0
0.77 0.96 0
0.78 0.96 0
0.79 0.96 0
0.8 0.96 0
0.81 0.96 0
0.82 0.96 0
0.83 0.96 0
0.84 0.96 0
0.85 0.96 0
0.86 0.96 0
0.87 0.96 0
0.88 0.96 0
0.89 0.96 0
0.9 0.96 0
0.91 0.96 0
0.92 0.96 0
0.93 0.96 0
0.94 0.96 0
0.95 0.96 0
0.96 0.96 0
0.97 0.96 0
0.98 0.96 0
0.99 0.96 0
0.01 0.97 0
0.02 0.97 0
0.03 0.97 0
0.04 0.97 0
0.05 0.97 0
0.06 0.97 0
0.07 0.97 0
0.08 0.97 0
0.09 0.97 0
0.1 0.97 0
0.11 0.97 0
0.12 0.97 0
0.13 0.97 0
0.14 0.97 0
0.15 0.97 0
0.16 0.97 0
0.17 0.97 0
0.18 0.97 0
0.19 0.97 0
0.2 0.97 0
0.21 0.97 0
0.22 0.97 0
0.23 0.97 0
0.24 0.97 0
0.25 0.97 0
0.26 0.97 0
0.27 0.97 0
0.28 0.97 0
0.29 0.97 0
0.3 0.97 0
0.31 0.97 0
0.32 0.97 0
0.33 0.97 0
0.34 0.97 0
0.35 0.97 0
0.36 0.97 0
0.37 0.97 0
0.38 0.97 0
0.39 0.97 0
0.4 0.97 0
0.41 0.97 0
0.42 0.97 0
0.43 0.97 0
0.44 0.97 0
0.45 0.97 0
0.46 0.97 0
0.47 0.97 0
0.48 0.97 0
0.49 0.97 0
0.5 0.97 0
0.51 0.97 0
0.52 0.97 0
0.53 0.97 0
0.54 0.97 0
0.55 0.97 0
0.56 0.97 0
0.57 0.97 0
0.58 0.97 0
0.59 0.97 0
0.6 0.97 0
0.61 0.97 0
0.62 0.97 0
0.63 0.97 0
0.64 0.97 0
0.65 0.97 0
0.66 0.97 0
0.67 0.97 0
0.68 0.97 0
0.69 0.97 0
0.7 0.97 0
0.71 0.97 0
0.72 0.97 0
0.73 0.97 0
0.74 0.97 0
0.75 0.97 0
0.76 0.97 0
0.77 0.97 0
0.78 0.97 0
0.79 0.97 0
0.8 0.97 0
0.81 0.97 0
0.82 0.97 0
0.83 0.97 0
0.84 0.97 0
0.85 0.97 0
0.86 0.97 0
0.87 0.97 0
0.88 0.97 0
0.89 0.97 0
0.9 0.97 0
0.91 0.97 0
0.92 0.97 0
0.93 0.97 0
0.94 0.97 0
0.95 0.97 0
0.96 0.97 0
0.97 0.97 0
0.98 0.97 0
0.99 0.97 0
0.01 0.98 0
0.02 0.98 0
0.03 0.98 0
0.04 0.98 0
0.05 0.98 0
0.06 0.98 0
0.07 0.98 0
0.08 0.98 0
0.09 0.98 0
0.1 0.98 0
0.11 0.98 0
0.12 0.98 0
0.13 0.98 0
0.14 0.98 0
0.15 0.98 0
0.16 0.98 0
0.17 0.98 0
0.18 0.98 0
0.19 0.98 0
0.2 0.98 0
0.21 0.98 0
0.22 0.98 0
0.23 0.98 0
0.24 0.98 0
0.25 0.98 0
0.26 0.98 0
0.27 0.98 0
0.28 0.98 0
0.29 0.98 0
0.3 0.98 0
0.31 0.98 0
0.32 0.98 0
0.33 0.98 0
0.34 0.98 0
0.35 0.98 0
0.36 0.98 0
0.37 0.98 0
0.38 0.98 0
0.39 0.98 0
0.4 0.98 0
0.41 0.98 0
0.42 0.98 0
0.43 0.98 0
0.44 0.98 0
0.45 0.98 0
0.46 0.98 0
0.47 0.98 0
0.48 0.98 0
0.49 0.98 0
0.5 0.98 0
0.51 0.98 0
0.52 0.98 0
0.53 0.98 0
0.54 0.98 0
0.55 0.98 0
0.56 0.98 0
0.57 0.98 0
0.58 0.98 0
0.59 0.98 0
0.6 0.98 0
0.61 0.98 0
0.62 0.98 0
0.63 0.98 0
0.64 0.98 0
0.65 0.98 0
0.66 0.98 0
0.67 0.98 0
0.68 0.98 0
0.69 0.98 0
0.7 0.98 0
0.71 0.98 0
0.72 0.98 0
0.73 0.98 0
0.74 0.98 0
0.75 0.98 0
0.76 0.98 0
0.77 0.98 0
0.78 0.98 0
0.79 0.98 0
0.8 0.98 0
0.81 0.98 0
0.82 0.98 0
0.83 0.98 0
0.84 0.98 0
0.85 0.98 0
0.86 0.98 0
0.87 0.98 0
0.88 0.98 0
0.89 0.98 0
0.9 0.98 0
0.91 0.98 0
0.92 0.98 0
0.93 0.98 0
0.94 0.98 0
0.95 0.98 0
0.96 0.98 0
0.97 0.98 0
0.98 0.98 0
0.99 0.98 0
0.01 0.99 0
0.02 0.99 0
0.03 0.99 0
0.04 0.99 0
0.05 0.99 0
0.06 0.99 0
0.07 0.99 0
0.08 0.99 0
0.09 0.99 0
0.1 0.99 0
0.11 0.99 0
0.12 0.99 0
0.13 0.99 0
0.14 0.99 0
0.15 0.99 0
0.16 0.99 0
0.17 0.99 0
0.18 0.99 0
0.19 0.99 0
0.2 0.99 0
0.21 0.99 0
0.22 0.99 0
0.23 0.99 0
0.24 0.99 0
0.25 0.99 0
0.26 0.99 0
0.27 0.99 0
0.28 0.99 0
0.29 0.99 0
0.3 0.99 0
0.31 0.99 0
0.32 0.99 0
0.33 0.99 0
0.34 0.99 0
0.35 0.99 0
0.36 0.99 0
0.37 0.99 0
0.38 0.99 0
0.39 0.99 0
0.4 0.99 0
0.41 0.99 0
0.42 0.99 0
0.43 0.99 0
0.44 0.99 0
0.45 0.99 0
0.46 0.99 0
0.47 0.99 0
0.48 0.99 0
0.49 0.99 0
0.5 0.99 0
0.51 0.99 0
0.52 0.99 0
0.53 0.99 0
0.54 0.99 0
0.55 0.99 0
0.56 0.99 0
0.57 0.99 0
0.58 0.99 0
0.59 0.99 0
0.6 0.99 0
0.61 0.99 0
0.62 0.99 0
0.63 0.99 0
0.64 0.99 0
0.65 0.99 0
0.66 0.99 0
0.67 0.99 0
0.68 0.99 0
0.69 0.99 0
0.7 0.99 0
0.71 0.99 0
0.72 0.99 0
0.73 0.99 0
0.74 0.99 0
0.75 0.99 0
0.76 0.99 0
0.77 0.99 0
0.78 0.99 0
0.79 0.99 0
0.8 0.99 0
0.81 0.99 0
0.82 0.99 0
0.83 0.99 0
0.84 0.99 0
0.85 0.99 0
0.86 0.99 0
0.87 0.99 0
0.88 0.99 0
0.89 0.99 0
0.9 0.99 0
0.91 0.99 0
0.92 0.99 0
0.93 0.99 0
0.94 0.99 0
0.95 0.99 0
0.96 0.99 0
0.97 0.99 0
0.98 0.99 0
0.99 0.99 0
$EndNodes
$Elements
6 10400 1 10400
1 1 1 100
1 1 6
2 6 7
3 7 8
4 8 9
5 9 10
6 10 11
7 11 12
8 12 13
9 13 14
10 14 15
11 15 16
12 16 17
13 17 18
14 18 19
15 19 20
16 20 21
17 21 22
18 22 23
19 23 24
20 24 25
21 25 26
22 26 27
23 27 28
24 28 29
25 29 30
26 30 31
27 31 32
28 32 33
29 33 34
30 34 35
31 35 36
32 36 37
33 37 38
34 38 39
35 39 40
36 40 41
37 41 42
38 42 43
39 43 44
40 44 45
41 45 46
42 46 47
43 47 48
44 48 49
45 49 50
46 50 51
47 51 52
48 52 53
49 53 54
50 54 55
51 55 56
52 56 57
53 57 58
54 58 59
55 59 60
56 60 61
57 61 62
58 62 63
59 63 64
60 64 65
61 65 66
62 66 67
63 67 68
64 68 69
65 69 70
66 70 71
67 71 72
68 72 73
69 73 74
70 74 75
71 75 76
72 76 77
73 77 78
74 78 79
75 79 80
76 80 81
77 81 82
78 82 83
79 83 84
80 84 85
81 85 86
82 86 87
83 87 88
84 88 89
85 89 90
86 90 91
87 91 92
88 92 93
89 93 94
90 94 95
91 95 96
92 96 97
93 97 98
94 98 99
95 99 100
96 100 101
97 101 102
98 102 103
99 103 104
100 104 2
1 2 1 100
101 2 105
102 105 106
103 106 107
104 107 108
105 108 109
106 109 110
107 110 111
108 111 112
109 112 113
110 113 114
111 114 115
112 115 116
113 116 117
114 117 118
115 118 119
116 119 120
117 120 121
118 121 122
119 122 123
120 123 124
121 124 125
122 125 126
123 126 127
124 127 128
125 128 129
126 129 130
127 130 131
128 131 132
129 132 133
130 133 134
131 134 135
132 135 136
133 136 137
134 137 138
135 138 139
136 139 140
137 140 141
138 141 142
139 142 143
140 143 144
141 144 145
142 145 146
143 146 147
144 147 148
145 148 149
146 149 150
147 150 151
148 151 152
149 152 153
150 153 154
151 154 155
152 155 156
153 156 157
154 157 158
155 158 159
156 159 160
157 160 161
158 161 162
159 162 163
160 163 164
161 164 165
162 165 166
163 166 167
164 167 168
165 168 169
166 169 170
167 170 171
168 171 172
169 172 173
170 173 174
171 174 175
172 175 176
173 176 177
174 177 178
175 178 179
176 179 180
177 180 181
178 181 182
179 182 183
180 183 184
181 184 185
182 185 186
183 186 187
184 187 188
185 188 189
186 189 190
187 190 191
188 191 192
189 192 193
190 193 194
191 194 195
192 195 196
193 196 197
194 197 198
195 198 199
196 199 200
197 200 201
198 201 202
199 202 203
200 203 3
1 3 1 100
201 3 204
202 204 205
203 205 206
204 206 207
205 207 208
206 208 209
207 209 210
208 210 211
209 211 212
210 212 213
211 213 214
212 214 215
213 215 216
214 216 217
215 217 218
216 218 219
217 219 220
218 220 221
219 221 222
220 222 223
221 223 224
222 224 225
223 225 226
224 226 227
225 227 228
226 228 229
227 229 230
228 230 231
229 231 232
230 232 233
231 233 234
232 234 235
233 235 236
234 236 237
235 237 238
236 238 239
237 239 240
238 240 241
239 241 242
240 242 243
241 243 244
242 244 245
243 245 246
244 246 247
245 247 248
246 248 249
247 249 250
248 250 251
249 251 252
250 252 253
251 253 254
252 254 255
253 255 256
254 256 257
255 257 258
256 258 259
257 259 260
258 260 261
259 261 262
260 262 263
261 263 264
262 264 265
263 265 266
264 266 267
265 267 268
266 268 269
267 269 270
268 270 271
269 271 272
270 272 273
271 273 274
272 274 275
273 275 276
274 276 277
275 277 278
276 278 279
277 279 280
278 280 281
279 281 282
280 282 283
281 283 284
282 284 285
283 285 286
284 286 287
285 287 288
286 288 289
287 289 290
288 290 291
289 291 292
290 292 293
291 293 294
292 294 295
293 295 296
294 296 297
295 297 298
296 298 299
297 299 300
298 300 301
299 301 302
300 302 4
1 4 1 60
301 4 303
302 303 304
303 304 305
304 305 306
305 306 307
306 307 308
307 308 309
308 309 310
309 310 311
310 311 312
311 312 313
312 313 314
313 314 315
314 315 316
315 316 317
316 317 318
317 318 319
318 319 320
319 320 321
320 321 322
321 322 323
322 323 324
323 324 325
324 325 326
325 326 327
326 327 328
327 328 329
328 329 330
329 330 331
330 331 332
331 332 333
332 333 334
333 334 335
334 335 336
335 336 337
336 337 338
337 338 339
338 339 340
339 340 341
340 341 342
341 342 343
342 343 344
343 344 345
344 345 346
345 346 347
346 347 348
347 348 349
348 349 350
349 350 351
350 351 352
351 352 353
352 353 354
353 354 355
354 355 356
355 356 357
356 357 358
357 358 359
358 359 360
359 360 361
360 361 5
1 5 1 40
361 5 362
362 362 363
363 363 364
364 364 365
365 365 366
366 366 367
367 367 368
368 368 369
369 369 370
370 370 371
371 371 372
372 372 373
373 373 374
374 374 375
375 375 376
376 376 377
377 377 378
378 378 379
379 379 380
380 380 381
381 381 382
382 382 383
383 383 384
384 384 385
385 385 386
386 386 387
387 387 388
388 388 389
389 389 390
390 390 391
391 391 392
392 392 393
393 393 394
394 394 395
395 395 396
396 396 397
397 397 398
398 398 399
399 399 400
400 400 1
2 1 3 10000
401 1 6 401 400
402 6 7 402 401
403 7 8 403 402
404 8 9 404 403
405 9 10 405 404
406 10 11 406 405
407 11 12 407 406
408 12 13 408 407
409 13 14 409 408
410 14 15 410 409
411 15 16 411 410
412 16 17 412 411
413 17 18 413 412
414 18 19 414 413
415 19 20 415 414
416 20 21 416 415
417 21 22 417 416
418 22 23 418 417
419 23 24 419 418
420 24 25 420 419
421 25 26 421 420
422 26 27 422 421
423 27 28 423 422
424 28 29 424 423
425 29 30 425 424
426 30 31 426 425
427 31 32 427 426
428 32 33 428 427
429 33 34 429 428
430 34 35 430 429
431 35 36 431 430
432 36 37 432 431
433 37 38 433 432
434 38 39 434 433
435 39 40 435 434
436 40 41 436 435
437 41 42 437 436
438 42 43 438 437
439 43 44 439 438
440 44 45 440 439
441 45 46 441 440
442 46 47 442 441
443 47 48 443 442
444 48 49 444 443
445 49 50 445 444
446 50 51 446 445
447 51 52 447 446
448 52 53 448 447
449 53 54 449 448
450 54 55 450 449
451 55 56 451 450
452 56 57 452 451
453 57 58 453 452
454 58 59 454 453
455 59 60 455 454
456 60 61 456 455
457 61 62 457 456
458 62 63 458 457
459 63 64 459 458
460 64 65 460 459
461 65 66 461 460
462 66 67 462 461
463 67 68 463 462
464 68 69 464 463
465 69 70 465 464
466 70 71 466 465
467 71 72 467 466
468 72 73 468 467
469 73 74 469 468
470 74 75 470 469
471 75 76 471 470
472 76 77 472 471
473 77 78 473 472
474 78 79 474 473
475 79 80 475 474
476 80 81 476 475
477 81 82 477 476
478 82 83 478 477
479 83 84 479 478
480 84 85 480 479
481 85 86 481 480
482 86 87 482 481
483 87 88 483 482
484 88 89 484 483
485 89 90 485 484
486 90 91 486 485
487 91 92 487 486
488 92 93 488 487
489 93 94 489 488
490 94 95 490 489
491 95 96 491 490
492 96 97 492 491
493 97 98 493 492
494 98 99 494 493
495 99 100 495 494
496 100 101 496 495
497 101 102 497 496
498 102 103 498 497
499 103 104 499 498
500 104 2 105 499
501 400 401 500 399
502 401 402 501 500
503 402 403 502 501
504 403 404 503 502
505 404 405 504 503
506 405 406 505 504
507 406 407 506 505
508 407 408 507 506
509 408 409 508 507
510 409 410 509 508
511 410 411 510 509
512 411 412 511 510
513 412 413 512 511
514 413 414 513 512
515 414 415 514 513
516 415 416 515 514
517 416 417 516 515
518 417 418 517 516
519 418 419 518 517
520 419 420 519 518
521 420 421 520 519
522 421 422 521 520
523 422 423 522 521
524 423 424 523 522
525 424 425 524 523
526 425 426 525 524
527 426 427 526 525
528 427 428 527 526
529 428 429 528 527
530 429 430 529 528
531 430 431 530 529
532 431 432 531 530
533 432 433 532 531
534 433 434 533 532
535 434 435 534 533
536 435 436 535 534
537 436 437 536 535
538 437 438 537 536
539 438 439 538 537
540 439 440 539 538
541 440 441 540 539
542 441 442 541 540
543 442 443 542 541
544 443 444 543 542
545 444 445 544 543
546 445 446 545 544
547 446 447 546 545
548 447 448 547 546
549 448 449 548 547
550 449 450 549 548
551 450 451 550 549
552 451 452 551 550
553 452 453 552 551
554 453 454 553 552
555 454 455 554 553
556 455 456 555 554
557 456 457 556 555
558 457 458 557 556
559 458 459 558 557
560 459 460 559 558
561 460 461 560 559
562 461 462 561 560
563 462 463 562 561
564 463 464 563 562
565 464 465 564 563
566 465 466 565 564
567 466 467 566 565
568 467 468 567 566
569 468 469 568 567
570 469 470 569 568
571 470 471 570 569
572 471 472 571 570
573 472 473 572 571
574 473 474 573 572
575 474 475 574 573
576 475 476 575 574
577 476 477 576 575
578 477 478 577 576
579 478 479 578 577
580 479 480 579 578
581 480 481 580 579
582 481 482 581 580
583 482 483 582 581
584 483 484 583 582
585 484 485 584 583
586 485 486 585 584
587 486 487 586 585
588 487 488 587 586
589 488 489 588 587
590 489 490 589 588
591 490 491 590 589
592 491 492 591 590
593 492 493 592 591
594 493 494 593 592
595 494 495 594 593
596 495 496 595 594
597 496 497 596 595
598 497 498 597 596
599 498 499 598 597
600 499 105 106 598
601 399 500 599 398
602 500 501 600 599
603 501 502 601 600
604 502 503 602 601
605 503 504 603 602
606 504 505 604 603
607 505 506 605 604
608 506 507 606 605
609 507 508 607 606
610 508 509 608 607
611 509 510 609 608
612 510 511 610 609
613 511 512 611 610
614 512 513 612 611
615 513 514 613 612
616 514 515 614 613
617 515 516 615 614
618 516 517 616 615
619 517 518 617 616
620 518 519 618 617
621 519 520 619 618
622 520 521 620 619
623 521 522 621 620
624 522 523 622 621
625 523 524 623 622
626 524 525 624 623
627 525 526 625 624
628 526 527 626 625
629 527 528 627 626
630 528 529 628 627
631 529 530 629 628
632 530 531 630 629
633 531 532 631 630
634 532 533 632 631
635 533 534 633 632
636 534 535 634 633
637 535 536 635 634
638 536 537 636 635
639 537 538 637 636
640 538 539 638 637
641 539 540 639 638
642 540 541 640 639
643 541 542 641 640
644 542 543 642 641
645 543 544 643 642
646 544 545 644 643
647 545 546 645 644
648 546 547 646 645
649 547 548 647 646
650 548 549 648 647
651 549 550 649 648
652 550 551 650 649
653 551 552 651 650
654 552 553 652 651
655 553 554 653 652
656 554 555 654 653
657 555 556 655 654
658 556 557 656 655
659 557 558 657 656
660 558 559 658 657
661 559 560 659 658
662 560 561 660 659
663 561 562 661 660
664 562 563 662 661
665 563 564 663 662
666 564 565 664 663
667 565 566 665 664
668 566 567 666 665
669 567 568 667 666
670 568 569 668 667
671 569 570 669 668
672 570 571 670 669
673 571 572 671 670
674 572 573 672 671
675 573 574 673 672
676 574 575 674 673
677 575 576 675 674
678 576 577 676 675
679 577 578 677 676
680 578 579 678 677
681 579 580 679 678
682 580 581 680 679
683 581 582 681 680
684 582 583 682 681
685 583 584 683 682
686 584 585 684 683
687 585 586 685 684
688 586 587 686 685
689 587 588 687 686
690 588 589 688 687
691 589 590 689 688
692 590 591 690 689
693 591 592 691 690
694 592 593 692 691
695 593 594 693 692
696 594 595 694 693
697 595 596 695 694
698 596 597 696 695
699 597 598 697 696
700 598 106 107 697
701 398 599 698 397
702 599 600 699 698
703 600 601 700 699
704 601 602 701 700
705 602 603 702 701
706 603 604 703 702
707 604 605 704 703
708 605 606 705 704
709 606 607 706 705
710 607 608 707 706
711 608 609 708 707
712 609 610 709 708
713 610 611 710 709
714 611 612 711 710
715 612 613 712 711
716 613 614 713 712
717 614 615 714 713
718 615 616 715 714
719 616 617 716 715
720 617 618 717 716
721 618 619 718 717
722 619 620 719 718
723 620 621 720 719
724 621 622 721 720
725 622 623 722 721
726 623 624 723 722
727 624 625 724 723
728 625 626 725 724
729 626 627 726 725
730 627 628 727 726
731 628 629 728 727
732 629 630 729 728
733 630 631 730 729
734 631 632 731 730
735 632 633 732 731
736 633 634 733 732
737 634 635 734 733
738 635 636 735 734
739 636 637 736 735
740 637 638 737 736
741 638 639 738 737
742 639 640 739 738
743 640 641 740 739
744 641 642 741 740
745 642 643 742 741
746 643 644 743 742
747 644 645 744 743
748 645 646 745 744
749 646 647 746 745
750 647 648 747 746
751 648 649 748 747
752 649 650 749 748
753 650 651 750 749
754 651 652 751 750
755 652 653 752 751
756 653 654 753 752
757 654 655 754 753
758 655 656 755 754
759 656 657 756 755
760 657 658 757 756
761 658 659 758 757
762 659 660 759 758
763 660 661 760 759
764 661 662 761 760
765 662 663 762 761
766 663 664 763 762
767 664 665 764 763
768 665 666 765 764
769 666 667 766 765
770 667 668 767 766
771 668 669 768 767
772 669 670 769 768
773 670 671 770 769
774 671 672 771 770
775 672 673 772 771
776 673 674 773 772
777 674 675 774 773
778 675 676 775 774
779 676 677 776 775
780 677 678 777 776
781 678 679 778 777
782 679 680 779 778
783 680 681 780 779
784 681 682 781 780
785 682 683 782 781
786 683 684 783 782
787 684 685 784 783
788 685 686 785 784
789 686 687 786 785
790 687 688 787 786
791 688 689 788 787
792 689 690 789 788
793 690 691 790 789
794 691 692 791 790
795 692 693 792 791
796 693 694 793 792
797 694 695 794 793
798 695 696 795 794
799 696 697 796 795
800 697 107 108 796
801 397 698 797 396
802 698 699 798 797
803 699 700 799 798
804 700 701 800 799
805 701 702 801 800
806 702 703 802 801
807 703 704 803 802
808 704 705 804 803
809 705 706 805 804
810 706 707 806 805
811 707 708 807 806
812 708 709 808 807
813 709 710 809 808
814 710 711 810 809
815 711 712 811 810
816 712 713 812 811
817 713 714 813 812
818 714 715 814 813
819 715 716 815 814
820 716 717 816 815
821 717 718 817 816
822 718 719 818 817
823 719 720 819 818
824 720 721 820 819
825 721 722 821 820
826 722 723 822 821
827 723 724 823 822
828 724 725 824 823
829 725 726 825 824
830 726 727 826 825
831 727 728 827 826
832 728 729 828 827
833 729 730 829 828
834 730 731 830 829
835 731 732 831 830
836 732 733 832 831
837 733 734 833 832
838 734 735 834 833
839 735 736 835 834
840 736 737 836 835
841 737 738 837 836
842 738 739 838 837
843 739 740 839 838
844 740 741 840 839
845 741 742 841 840
846 742 743 842 841
847 743 744 843 842
848 744 745 844 843
849 745 746 845 844
850 746 747 846 845
851 747 748 847 846
852 748 749 848 847
853 749 750 849 848
854 750 751 850 849
855 751 752 851 850
856 752 753 852 851
857 753 754 853 852
858 754 755 854 853
859 755 756 855 854
860 756 757 856 855
861 757 758 857 856
862 758 759 858 857
863 759 760 859 858
864 760 761 860 859
865 761 762 861 860
866 762 763 862 861
867 763 764 863 862
868 764 765 864 863
869 765 766 865 864
870 766 767 866 865
871 767 768 867 866
872 768 769 868 867
873 769 770 869 868
874 770 771 870 869
875 771 772 871 870
876 772 773 872 871
877 773 774 873 872
878 774 775 874 873
879 775 776 875 874
880 776 777 876 875
881 777 778 877 876
882 778 779 878 877
883 779 780 879 878
884 780 781 880 879
885 781 782 881 880
886 782 783 882 881
887 783 784 883 882
888 784 785 884 883
889 785 786 885 884
890 786 787 886 885
891 787 788 887 886
892 788 789 888 887
893 789 790 889 888
894 790 791 890 889
895 791 792 891 890
896 792 793 892 891
897 793 794 893 892
898 794 795 894 893
899 795 796 895 894
900 796 108 109 895
901 396 797 896 395
902 797 798 897 896
903 798 799 898 897
904 799 800 899 898
905 800 801 900 899
906 801 802 901 900
907 802 803 902 901
908 803 804 903 902
909 804 805 904 903
910 805 806 905 904
911 806 807 906 905
912 807 808 907 906
913 808 809 908 907
914 809 810 909 908
915 810 811 910 909
916 811 812 911 910
917 812 813 912 911
918 813 814 913 912
919 814 815 914 913
920 815 816 915 914
921 816 817 916 915
922 817 818 917 916
923 818 819 918 917
924 819 820 919 918
925 820 821 920 919
926 821 822 921 920
927 822 823 922 921
928 823 824 923 922
929 824 825 924 923
930 825 826 925 924
931 826 827 926 925
932 827 828 927 926
933 828 829 928 927
934 829 830 929 928
935 830 831 930 929
936 831 832 931 930
937 832 833 932 931
938 833 834 933 932
939 834 835 934 933
940 835 836 935 934
941 836 837 936 935
942 837 838 937 936
943 838 839 938 937
944 839 840 939 938
945 840 841 940 939
946 841 842 941 940
947 842 843 942 941
948 843 844 943 942
949 844 845 944 943
950 845 846 945 944
951 846 847 946 945
952 847 848 947 946
953 848 849 948 947
954 849 850 949 948
955 850 851 950 949
956 851 852 951 950
957 852 853 952 951
958 853 854 953 952
959 854 855 954 953
960 855 856 955 954
961 856 857 956 955
962 857 858 957 956
963 858 859 958 957
964 859 860 959 958
965 860 861 960 959
966 861 862 961 960
967 862 863 962 961
968 863 864 963 962
969 864 865 964 963
970 865 866 965 964
971 866 867 966 965
972 867 868 967 966
973 868 869 968 967
974 869 870 969 968
975 870 871 970 969
976 871 872 971 970
977 872 873 972 971
978 873 874 973 972
979 874 875 974 973
980 875 876 975 974
981 876 877 976 975
982 877 878 977 976
983 878 879 978 977
984 879 880 979 978
985 880 881 980 979
986 881 882 981 980
987 882 883 982 981
988 883 884 983 982
989 884 885 984 983
990 885 886 985 984
991 886 887 986 985
992 887 888 987 986
993 888 889 988 987
994 889 890 989 988
995 890 891 990 989
996 891 892 991 990
997 892 893 992 991
998 893 894 993 992
999 894 895 994 993
1000 895 109 110 994
1001 395 896 995 394
1002 896 897 996 995
1003 897 898 997 996
1004 898 899 998 997
1005 899 900 999 998
1006 900 901 1000 999
1007 901 902 1001 1000
1008 902 903 1002 1001
1009 903 904 1003 1002
1010 904 905 1004 1003
1011 905 906 1005 1004
1012 906 907 1006 1005
1013 907 908 1007 1006
1014 908 909 1008 1007
1015 909 910 1009 1008
1016 910 911 1010 1009
1017 911 912 1011 1010
1018 912 913 1012 1011
1019 913 914 1013 1012
1020 914 915 1014 1013
1021 915 916 1015 1014
1022 916 917 1016 1015
1023 917 918 1017 1016
1024 918 919 1018 1017
1025 919 920 1019 1018
1026 920 921 1020 1019
1027 921 922 1021 1020
1028 922 923 1022 1021
1029 923 924 1023 1022
1030 924 925 1024 1023
1031 925 926 1025 1024
1032 926 927 1026 1025
1033 927 928 1027 1026
1034 928 929 1028 1027
1035 929 930 1029 1028
1036 930 931 1030 1029
1037 931 932 1031 1030
1038 932 933 1032 1031
1039 933 934 1033 1032
1040 934 935 1034 1033
1041 935 936 1035 1034
1042 936 937 1036 1035
1043 937 938 1037 1036
1044 938 939 1038 1037
1045 939 940 1039 1038
1046 940 941 1040 1039
1047 941 942 1041 1040
1048 942 943 1042 1041
1049 943 944 1043 1042
1050 944 945 1044 1043
1051 945 946 1045 1044
1052 946 947 1046 1045
1053 947 948 1047 1046
1054 948 949 1048 1047
1055 949 950 1049 1048
1056 950 951 1050 1049
1057 951 952 1051 1050
1058 952 953 1052 1051
1059 953 954 1053 1052
1060 954 955 1054 1053
1061 955 956 1055 1054
1062 956 957 1056 1055
1063 957 958 1057 1056
1064 958 959 1058 1057
1065 959 960 1059 1058
1066 960 961 1060 1059
1067 961 962 1061 1060
1068 962 963 1062 1061
1069 963 964 1063 1062
1070 964 965 1064 1063
1071 965 966 1065 1064
1072 966 967 1066 1065
1073 967 968 1067 1066
1074 968 969 1068 1067
1075 969 970 1069 1068
1076 970 971 1070 1069
1077 971 972 1071 1070
1078 972 973 1072 1071
1079 973 974 1073 1072
1080 974 975 1074 1073
1081 975 976 1075 1074
1082 976 977 1076 1075
1083 977 978 1077 1076
1084 978 979 1078 1077
1085 979 980 1079 1078
1086 980 981 1080 1079
1087 981 982 1081 1080
1088 982 983 1082 1081
1089 983 984 1083 1082
1090 984 985 1084 1083
1091 985 986 1085 1084
1092 986 987 1086 1085
1093 987 988 1087 1086
1094 988 989 1088 1087
1095 989 990 1089 1088
1096 990 991 1090 1089
1097 991 992 1091 1090
1098 992 993 1092 1091
1099 993 994 1093 1092
1100 994 110 111 1093
1101 394 995 1094 393
1102 995 996 1095 1094
1103 996 997 1096 1095
1104 997 998 1097 1096
1105 998 999 1098 1097
1106 999 1000 1099 1098
1107 1000 1001 1100 1099
1108 1001 1002 1101 1100
1109 1002 1003 1102 1101
1110 1003 1004 1103 1102
1111 1004 1005 1104 1103
1112 1005 1006 1105 1104
1113 1006 1007 1106 1105
1114 1007 1008 1107 1106
1115 1008 1009 1108 1107
1116 1009 1010 1109 1108
1117 1010 1011 1110 1109
1118 1011 1012 1111 1110
1119 1012 1013 1112 1111
1120 1013 1014 1113 1112
1121 1014 1015 1114 1113
1122 1015 1016 1115 1114
1123 1016 1017 1116 1115
1124 1017 1018 1117 1116
1125 1018 1019 1118 1117
1126 1019 1020 1119 1118
1127 1020 1021 1120 1119
1128 1021 1022 1121 1120
1129 1022 1023 1122 1121
1130 1023 1024 1123 1122
1131 1024 1025 1124 1123
1132 1025 1026 1125 1124
1133 1026 1027 1126 1125
1134 1027 1028 1127 1126
1135 1028 1029 1128 1127
1136 1029 1030 1129 1128
1137 1030 1031 1130 1129
1138 1031 1032 1131 1130
1139 1032 1033 1132 1131
1140 1033 1034 1133 1132
1141 1034 1035 1134 1133
1142 1035 1036 1135 1134
1143 1036 1037 1136 1135
1144 1037 1038 1137 1136
1145 1038 1039 1138 1137
1146 1039 1040 1139 1138
1147 1040 1041 1140 1139
1148 1041 1042 1141 1140
1149 1042 1043 1142 1141
1150 1043 1044 1143 1142
1151 1044 1045 1144 1143
1152 1045 1046 1145 1144
1153 1046 1047 1146 1145
1154 1047 1048 1147 1146
1155 1048 1049 1148 1147
1156 1049 1050 1149 1148
1157 1050 1051 1150 1149
1158 1051 1052 1151 1150
1159 1052 1053 1152 1151
1160 1053 1054 1153 1152
1161 1054 1055 1154 1153
1162 1055 1056 1155 1154
1163 1056 1057 1156 1155
1164 1057 1058 1157 1156
1165 1058 1059 1158 1157
1166 1059 1060 1159 1158
1167 1060 1061 1160 1159
1168 1061 1062 1161 1160
1169 1062 1063 1162 1161
1170 1063 1064 1163 1162
1171 1064 1065 1164 1163
1172 1065 1066 1165 1164
1173 1066 1067 1166 1165
1174 1067 1068 1167 1166
1175 1068 1069 1168 1167
1176 1069 1070 1169 1168
1177 1070 1071 1170 1169
1178 1071 1072 1171 1170
1179 1072 1073 1172 1171
1180 1073 1074 1173 1172
1181 1074 1075 1174 1173
1182 1075 1076 1175 1174
1183 1076 1077 1176 1175
1184 1077 1078 1177 1176
1185 1078 1079 1178 1177
1186 1079 1080 1179 1178
1187 1080 1081 1180 1179
1188 1081 1082 1181 1180
1189 1082 1083 1182 1181
1190 1083 1084 1183 1182
1191 1084 1085 1184 1183
1192 1085 1086 1185 1184
1193 1086 1087 1186 1185
1194 1087 1088 1187 1186
1195 1088 1089 1188 1187
1196 1089 1090 1189 1188
1197 1090 1091 1190 1189
1198 1091 1092 1191 1190
1199 1092 1093 1192 1191
1200 1093 111 112 1192
1201 393 1094 1193 392
1202 1094 1095 1194 1193
1203 1095 1096 1195 1194
1204 1096 1097 1196 1195
1205 1097 1098 1197 1196
1206 1098 1099 1198 1197
1207 1099 1100 1199 1198
1208 1100 1101 1200 1199
1209 1101 1102 1201 1200
1210 1102 1103 1202 1201
1211 1103 1104 1203 1202
1212 1104 1105 1204 1203
1213 1105 1106 1205 1204
1214 1106 1107 1206 1205
1215 1107 1108 1207 1206
1216 1108 1109 1208 1207
1217 1109 1110 1209 1208
1218 1110 1111 1210 1209
1219 1111 1112 1211 1210
1220 1112 1113 1212 1211
1221 1113 1114 1213 1212
1222 1114 1115 1214 1213
1223 1115 1116 1215 1214
1224 1116 1117 1216 1215
1225 1117 1118 1217 1216
1226 1118 1119 1218 1217
1227 1119 1120 1219 1218
1228 1120 1121 1220 1219
1229 1121 1122 1221 1220
1230 1122 1123 1222 1221
1231 1123 1124 1223 1222
1232 1124 1125 1224 1223
1233 1125 1126 1225 1224
1234 1126 1127 1226 1225
1235 1127 1128 1227 1226
1236 1128 1129 1228 1227
1237 1129 1130 1229 1228
1238 1130 1131 1230 1229
1239 1131 1132 1231 1230
1240 1132 1133 1232 1231
1241 1133 1134 1233 1232
1242 1134 1135 1234 1233
1243 1135 1136 1235 1234
1244 1136 1137 1236 1235
1245 1137 1138 1237 1236
1246 1138 1139 1238 1237
1247 1139 1140 1239 1238
1248 1140 1141 1240 1239
1249 1141 1142 1241 1240
1250 1142 1143 1242 1241
1251 1143 1144 1243 1242
1252 1144 1145 1244 1243
1253 1145 1146 1245 1244
1254 1146 1147 1246 1245
1255 1147 1148 1247 1246
1256 1148 1149 1248 1247
1257 1149 1150 1249 1248
1258 1150 1151 1250 1249
1259 1151 1152 1251 1250
1260 1152 1153 1252 1251
1261 1153 1154 1253 1252
1262 1154 1155 1254 1253
1263 1155 1156 1255 1254
1264 1156 1157 1256 1255
1265 1157 1158 1257 1256
1266 1158 1159 1258 1257
1267 1159 1160 1259 1258
1268 1160 1161 1260 1259
1269 1161 1162 1261 1260
1270 1162 1163 1262 1261
1271 1163 1164 1263 1262
1272 1164 1165 1264 1263
1273 1165 1166 1265 1264
1274 1166 1167 1266 1265
1275 1167 1168 1267 1266
1276 1168 1169 1268 1267
1277 1169 1170 1269 1268
1278 1170 1171 1270 1269
1279 1171 1172 1271 1270
1280 1172 1173 1272 1271
1281 1173 1174 1273 1272
1282 1174 1175 1274 1273
1283 1175 1176 1275 1274
1284 1176 1177 1276 1275
1285 1177 1178 1277 1276
1286 1178 1179 1278 1277
1287 1179 1180 1279 1278
1288 1180 1181 1280 1279
1289 1181 1182 1281 1280
1290 1182 1183 1282 1281
1291 1183 1184 1283 1282
1292 1184 1185 1284 1283
1293 1185 1186 1285 1284
1294 1186 1187 1286 1285
1295 1187 1188 1287 1286
1296 1188 1189 1288 1287
1297 1189 1190 1289 1288
1298 1190 1191 1290 1289
1299 1191 1192 1291 1290
1300 1192 112 113 1291
1301 392 1193 1292 391
1302 1193 1194 1293 1292
1303 1194 1195 1294 1293
1304 1195 1196 1295 1294
1305 1196 1197 1296 1295
1306 1197 1198 1297 1296
1307 1198 1199 1298 1297
1308 1199 1200 1299 1298
1309 1200 1201 1300 1299
1310 1201 1202 1301 1300
1311 1202 1203 1302 1301
1312 1203 1204 1303 1302
1313 1204 1205 1304 1303
1314 1205 1206 1305 1304
1315 1206 1207 1306 1305
1316 1207 1208 1307 1306
1317 1208 1209 1308 1307
1318 1209 1210 1309 1308
1319 1210 1211 1310 1309
1320 1211 1212 1311 1310
1321 1212 1213 1312 1311
1322 1213 1214 1313 1312
1323 1214 1215 1314 1313
1324 1215 1216 1315 1314
1325 1216 1217 1316 1315
1326 1217 1218 1317 1316
1327 1218 1219 1318 1317
1328 1219 1220 1319 1318
1329 1220 1221 1320 1319
1330 1221 1222 1321 1320
1331 1222 1223 1322 1321
1332 1223 1224 1323 1322
1333 1224 1225 1324 1323
1334 1225 1226 1325 1324
1335 1226 1227 1326 1325
1336 1227 1228 1327 1326
1337 1228 1229 1328 1327
1338 1229 1230 1329 1328
1339 1230 1231 1330 1329
1340 1231 1232 1331 1330
1341 1232 1233 1332 1331
1342 1233 1234 1333 1332
1343 1234 1235 1334 1333
1344 1235 1236 1335 1334
1345 1236 1237 1336 1335
1346 1237 1238 1337 1336
1347 1238 1239 1338 1337
1348 1239 1240 1339 1338
1349 1240 1241 1340 1339
1350 1241 1242 1341 1340
1351 1242 1243 1342 1341
1352 1243 1244 1343 1342
1353 1244 1245 1344 1343
1354 1245 1246 1345 1344
1355 1246 1247 1346 1345
1356 1247 1248 1347 1346
1357 1248 1249 1348 1347
1358 1249 1250 1349 1348
1359 1250 1251 1350 1349
1360 1251 1252 1351 1350
1361 1252 1253 1352 1351
1362 1253 1254 1353 1352
1363 1254 1255 1354 1353
1364 1255 1256 1355 1354
1365 1256 1257 1356 1355
1366 1257 1258 1357 1356
1367 1258 1259 1358 1357
1368 1259 1260 1359 1358
1369 1260 1261 1360 1359
1370 1261 1262 1361 1360
1371 1262 1263 1362 1361
1372 1263 1264 1363 1362
1373 1264 1265 1364 1363
1374 1265 1266 1365 1364
1375 1266 1267 1366 1365
1376 1267 1268 1367 1366
1377 1268 1269 1368 1367
1378 1269 1270 1369 1368
1379 1270 1271 1370 1369
1380 1271 1272 1371 1370
1381 1272 1273 1372 1371
1382 1273 1274 1373 1372
1383 1274 1275 1374 1373
1384 1275 1276 1375 1374
1385 1276 1277 1376 1375
1386 1277 1278 1377 1376
1387 1278 1279 1378 1377
1388 1279 1280 1379 1378
1389 1280 1281 1380 1379
1390 1281 1282 1381 1380
1391 1282 1283 1382 1381
1392 1283 1284 1383 1382
1393 1284 1285 1384 1383
1394 1285 1286 1385 1384
1395 1286 1287 1386 1385
1396 1287 1288 1387 1386
1397 1288 1289 1388 1387
1398 1289 1290 1389 1388
1399 1290 1291 1390 1389
1400 1291 113 114 1390
1401 391 1292 1391 390
1402 1292 1293 1392 1391
1403 1293 1294 1393 1392
1404 1294 1295 1394 1393
1405 1295 1296 1395 1394
1406 1296 1297 1396 1395
1407 1297 1298 1397 1396
1408 1298 1299 1398 1397
1409 1299 1300 1399 1398
1410 1300 1301 1400 1399
1411 1301 1302 1401 1400
1412 1302 1303 1402 1401
1413 1303 1304 1403 1402
1414 1304 1305 1404 1403
1415 1305 1306 1405 1404
1416 1306 1307 1406 1405
1417 1307 1308 1407 1406
1418 1308 1309 1408 1407
1419 1309 1310 1409 1408
1420 1310 1311 1410 1409
1421 1311 1312 1411 1410
1422 1312 1313 1412 1411
1423 1313 1314 1413 1412
1424 1314 1315 1414 1413
1425 1315 1316 1415 1414
1426 1316 1317 1416 1415
1427 1317 1318 1417 1416
1428 1318 1319 1418 1417
1429 1319 1320 1419 1418
1430 1320 1321 1420 1419
1431 1321 1322 1421 1420
1432 1322 1323 1422 1421
1433 1323 1324 1423 1422
1434 1324 1325 1424 1423
1435 1325 1326 1425 1424
1436 1326 1327 1426 1425
1437 1327 1328 1427 1426
1438 1328 1329 1428 1427
1439 1329 1330 1429 1428
1440 1330 1331 1430 1429
1441 1331 1332 1431 1430
1442 1332 1333 1432 1431
1443 1333 1334 1433 1432
1444 1334 1335 1434 1433
1445 1335 1336 1435 1434
1446 1336 1337 1436 1435
1447 1337 1338 1437 1436
1448 1338 1339 1438 1437
1449 1339 1340 1439 1438
1450 1340 1341 1440 1439
1451 1341 1342 1441 1440
1452 1342 1343 1442 1441
1453 1343 1344 1443 1442
1454 1344 1345 1444 1443
1455 1345 1346 1445 1444
1456 1346 1347 1446 1445
1457 1347 1348 1447 1446
1458 1348 1349 1448 1447
1459 1349 1350 1449 1448
1460 1350 1351 1450 1449
1461 1351 1352 1451 1450
1462 1352 1353 1452 1451
1463 1353 1354 1453 1452
1464 1354 1355 1454 1453
1465 1355 1356 1455 1454
1466 1356 1357 1456 1455
1467 1357 1358 1457 1456
1468 1358 1359 1458 1457
1469 1359 1360 1459 1458
1470 1360 1361 1460 1459
1471 1361 1362 1461 1460
1472 1362 1363 1462 1461
1473 1363 1364 1463 1462
1474 1364 1365 1464 1463
1475 1365 1366 1465 1464
1476 1366 1367 1466 1465
1477 1367 1368 1467 1466
1478 1368 1369 1468 1467
1479 1369 1370 1469 1468
1480 1370 1371 1470 1469
1481 1371 1372 1471 1470
1482 1372 1373 1472 1471
1483 1373 1374 1473 1472
1484 1374 1375 1474 1473
1485 1375 1376 1475 1474
1486 1376 1377 1476 1475
1487 1377 1378 1477 1476
1488 1378 1379 1478 1477
1489 1379 1380 1479 1478
1490 1380 1381 1480 1479
1491 1381 1382 1481 1480
1492 1382 1383 1482 1481
1493 1383 1384 1483 1482
1494 1384 1385 1484 1483
1495 1385 1386 1485 1484
1496 1386 1387 1486 1485
1497 1387 1388 1487 1486
1498 1388 1389 1488 1487
1499 1389 1390 1489 1488
1500 1390 114 115 1489
1501 390 1391 1490 389
1502 1391 1392 1491 1490
1503 1392 1393 1492 1491
1504 1393 1394 1493 1492
1505 1394 1395 1494 1493
1506 1395 1396 1495 1494
1507 1396 1397 1496 1495
1508 1397 1398 1497 1496
1509 1398 1399 1498 1497
1510 1399 1400 1499 1498
1511 1400 1401 1500 1499
1512 1401 1402 1501 1500
1513 1402 1403 1502 1501
1514 1403 1404 1503 1502
1515 1404 1405 1504 1503
1516 1405 1406 1505 1504
1517 1406 1407 1506 1505
1518 1407 1408 1507 1506
1519 1408 1409 1508 1507
1520 1409 1410 1509 1508
1521 1410 1411 1510 1509
1522 1411 1412 1511 1510
1523 1412 1413 1512 1511
1524 1413 1414 1513 1512
1525 1414 1415 1514 1513
1526 1415 1416 1515 1514
1527 1416 1417 1516 1515
1528 1417 1418 1517 1516
1529 1418 1419 1518 1517
1530 1419 1420 1519 1518
1531 1420 1421 1520 1519
1532 1421 1422 1521 1520
1533 1422 1423 1522 1521
1534 1423 1424 1523 1522
1535 1424 1425 1524 1523
1536 1425 1426 1525 1524
1537 1426 1427 1526 1525
1538 1427 1428 1527 1526
1539 1428 1429 1528 1527
1540 1429 1430 1529 1528
1541 1430 1431 1530 1529
1542 1431 1432 1531 1530
1543 1432 1433 1532 1531
1544 1433 1434 1533 1532
1545 1434 1435 1534 1533
1546 1435 1436 1535 1534
1547 1436 1437 1536 1535
1548 1437 1438 1537 1536
1549 1438 1439 1538 1537
1550 1439 1440 1539 1538
1551 1440 1441 1540 1539
1552 1441 1442 1541 1540
1553 1442 1443 1542 1541
1554 1443 1444 1543 1542
1555 1444 1445 1544 1543
1556 1445 1446 1545 1544
1557 1446 1447 1546 1545
1558 1447 1448 1547 1546
1559 1448 1449 1548 1547
1560 1449 1450 1549 1548
1561 1450 1451 1550 1549
1562 1451 1452 1551 1550
1563 1452 1453 1552 1551
1564 1453 1454 1553 1552
1565 1454 1455 1554 1553
1566 1455 1456 1555 1554
1567 1456 1457 1556 1555
1568 1457 1458 1557 1556
1569 1458 1459 1558 1557
1570 1459 1460 1559 1558
1571 1460 1461 1560 1559
1572 1461 1462 1561 1560
1573 1462 1463 1562 1561
1574 1463 1464 1563 1562
1575 1464 1465 1564 1563
1576 1465 1466 1565 1564
1577 1466 1467 1566 1565
1578 1467 1468 1567 1566
1579 1468 1469 1568 1567
1580 1469 1470 1569 1568
1581 1470 1471 1570 1569
1582 1471 1472 1571 1570
1583 1472 1473 1572 1571
1584 1473 1474 1573 1572
1585 1474 1475 1574 1573
1586 1475 1476 1575 1574
1587 1476 1477 1576 1575
1588 1477 1478 1577 1576
1589 1478 1479 1578 1577
1590 1479 1480 1579 1578
1591 1480 1481 1580 1579
1592 1481 1482 1581 1580
1593 1482 1483 1582 1581
1594 1483 1484 1583 1582
1595 1484 1485 1584 1583
1596 1485 1486 1585 1584
1597 1486 1487 1586 1585
1598 1487 1488 1587 1586
1599 1488 1489 1588 1587
1600 1489 115 116 1588
1601 389 1490 1589 388
1602 1490 1491 1590 1589
1603 1491 1492 1591 1590
1604 1492 1493 1592 1591
1605 1493 1494 1593 1592
1606 1494 1495 1594 1593
1607 1495 1496 1595 1594
1608 1496 1497 1596 1595
1609 1497 1498 1597 1596
1610 1498 1499 1598 1597
1611 1499 1500 1599 1598
1612 1500 1501 1600 1599
1613 1501 1502 1601 1600
1614 1502 1503 1602 1601
1615 1503 1504 1603 1602
1616 1504 1505 1604 1603
1617 1505 1506 1605 1604
1618 1506 1507 1606 1605
1619 1507 1508 1607 1606
1620 1508 1509 1608 1607
1621 1509 1510 1609 1608
1622 1510 1511 1610 1609
1623 1511 1512 1611 1610
1624 1512 1513 1612 1611
1625 1513 1514 1613 1612
1626 1514 1515 1614 1613
1627 1515 1516 1615 1614
1628 1516 1517 1616 1615
1629 1517 1518 1617 1616
1630 1518 1519 1618 1617
1631 1519 1520 1619 1618
1632 1520 1521 1620 1619
1633 1521 1522 1621 1620
1634 1522 1523 1622 1621
1635 1523 1524 1623 1622
1636 1524 1525 1624 1623
1637 1525 1526 1625 1624
1638 1526 1527 1626 1625
1639 1527 1528 1627 1626
1640 1528 1529 1628 1627
1641 1529 1530 1629 1628
1642 1530 1531 1630 1629
1643 1531 1532 1631 1630
1644 1532 1533 1632 1631
1645 1533 1534 1633 1632
1646 1534 1535 1634 1633
1647 1535 1536 1635 1634
1648 1536 1537 1636 1635
1649 1537 1538 1637 1636
1650 1538 1539 1638 1637
1651 1539 1540 1639 1638
1652 1540 1541 1640 1639
1653 1541 1542 1641 1640
1654 1542 1543 1642 1641
1655 1543 1544 1643 1642
1656 1544 1545 1644 1643
1657 1545 1546 1645 1644
1658 1546 1547 1646 1645
1659 1547 1548 1647 1646
1660 1548 1549 1648 1647
1661 1549 1550 1649 1648
1662 1550 1551 1650 1649
1663 1551 1552 1651 1650
1664 1552 1553 1652 1651
1665 1553 1554 1653 1652
1666 1554 1555 1654 1653
1667 1555 1556 1655 1654
1668 1556 1557 1656 1655
1669 1557 1558 1657 1656
1670 1558 1559 1658 1657
1671 1559 1560 1659 1658
1672 1560 1561 1660 1659
1673 1561 1562 1661 1660
1674 1562 1563 1662 1661
1675 1563 1564 1663 1662
1676 1564 1565 1664 1663
1677 1565 1566 1665 1664
1678 1566 1567 1666 1665
1679 1567 1568 1667 1666
1680 1568 1569 1668 1667
1681 1569 1570 1669 1668
1682 1570 1571 1670 1669
1683 1571 1572 1671 1670
1684 1572 1573 1672 1671
1685 1573 1574 1673 1672
1686 1574 1575 1674 1673
1687 1575 1576 1675 1674
1688 1576 1577 1676 1675
1689 1577 1578 1677 1676
1690 1578 1579 1678 1677
1691 1579 1580 1679 1678
1692 1580 1581 1680 1679
1693 1581 1582 1681 1680
1694 1582 1583 1682 1681
1695 1583 1584 1683 1682
1696 1584 1585 1684 1683
1697 1585 1586 1685 1684
1698 1586 1587 1686 1685
1699 1587 1588 1687 1686
1700 1588 116 117 1687
1701 388 1589 1688 387
1702 1589 1590 1689 1688
1703 1590 1591 1690 1689
1704 1591 1592 1691 1690
1705 1592 1593 1692 1691
1706 1593 1594 1693 1692
1707 1594 1595 1694 1693
1708 1595 1596 1695 1694
1709 1596 1597 1696 1695
1710 1597 1598 1697 1696
1711 1598 1599 1698 1697
1712 1599 1600 1699 1698
1713 1600 1601 1700 1699
1714 1601 1602 1701 1700
1715 1602 1603 1702 1701
1716 1603 1604 1703 1702
1717 1604 1605 1704 1703
1718 1605 1606 1705 1704
1719 1606 1607 1706 1705
1720 1607 1608 1707 1706
1721 1608 1609 1708 1707
1722 1609 1610 1709 1708
1723 1610 1611 1710 1709
1724 1611 1612 1711 1710
1725 1612 1613 1712 1711
1726 1613 1614 1713 1712
1727 1614 1615 1714 1713
1728 1615 1616 1715 1714
1729 1616 1617 1716 1715
1730 1617 1618 1717 1716
1731 1618 1619 1718 1717
1732 1619 1620 1719 1718
1733 1620 1621 1720 1719
1734 1621 1622 1721 1720
1735 1622 1623 1722 1721
1736 1623 1624 1723 1722
1737 1624 1625 1724 1723
1738 1625 1626 1725 1724
1739 1626 1627 1726 1725
1740 1627 1628 1727 1726
1741 1628 1629 1728 1727
1742 1629 1630 1729 1728
1743 1630 1631 1730 1729
1744 1631 1632 1731 1730
1745 1632 1633 1732 1731
1746 1633 1634 1733 1732
1747 1634 1635 1734 1733
1748 1635 1636 1735 1734
1749 1636 1637 1736 1735
1750 1637 1638 1737 1736
1751 1638 1639 1738 1737
1752 1639 1640 1739 1738
1753 1640 1641 1740 1739
1754 1641 1642 1741 1740
1755 1642 1643 1742 1741
1756 1643 1644 1743 1742
1757 1644 1645 1744 1743
1758 1645 1646 1745 1744
1759 1646 1647 1746 1745
1760 1647 1648 1747 1746
1761 1648 1649 1748 1747
1762 1649 1650 1749 1748
1763 1650 1651 1750 1749
1764 1651 1652 1751 1750
1765 1652 1653 1752 1751
1766 1653 1654 1753 1752
1767 1654 1655 1754 1753
1768 1655 1656 1755 1754
1769 1656 1657 1756 1755
1770 1657 1658 1757 1756
1771 1658 1659 1758 1757
1772 1659 1660 1759 1758
1773 1660 1661 1760 1759
1774 1661 1662 1761 1760
1775 1662 1663 1762 1761
1776 1663 1664 1763 1762
1777 1664 1665 1764 1763
1778 1665 1666 1765 1764
1779 1666 1667 1766 1765
1780 1667 1668 1767 1766
1781 1668 1669 1768 1767
1782 1669 1670 1769 1768
1783 1670 1671 1770 1769
1784 1671 1672 1771 1770
1785 1672 1673 1772 1771
1786 1673 1674 1773 1772
1787 1674 1675 1774 1773
1788 1675 1676 1775 1774
1789 1676 1677 1776 1775
1790 1677 1678 1777 1776
1791 1678 1679 1778 1777
1792 1679 1680 1779 1778
1793 1680 1681 1780 1779
1794 1681 1682 1781 1780
1795 1682 1683 1782 1781
1796 1683 1684 1783 1782
1797 1684 1685 1784 1783
1798 1685 1686 1785 1784
1799 1686 1687 1786 1785
1800 1687 117 118 1786
1801 387 1688 1787 386
1802 1688 1689 1788 1787
1803 1689 1690 1789 1788
1804 1690 1691 1790 1789
1805 1691 1692 1791 1790
1806 1692 1693 1792 1791
1807 1693 1694 1793 1792
1808 1694 1695 1794 1793
1809 1695 1696 1795 1794
1810 1696 1697 1796 1795
1811 1697 1698 1797 1796
1812 1698 1699 1798 1797
1813 1699 1700 1799 1798
1814 1700 1701 1800 1799
1815 1701 1702 1801 1800
1816 1702 1703 1802 1801
1817 1703 1704 1803 1802
1818 1704 1705 1804 1803
1819 1705 1706 1805 1804
1820 1706 1707 1806 1805
1821 1707 1708 1807 1806
1822 1708 1709 1808 1807
1823 1709 1710 1809 1808
1824 1710 1711 1810 1809
1825 1711 1712 1811 1810
1826 1712 1713 1812 1811
1827 1713 1714 1813 1812
1828 1714 1715 1814 1813
1829 1715 1716 1815 1814
1830 1716 1717 1816 1815
1831 1717 1718 1817 1816
1832 1718 1719 1818 1817
1833 1719 1720 1819 1818
1834 1720 1721 1820 1819
1835 1721 1722 1821 1820
1836 1722 1723 1822 1821
1837 1723 1724 1823 1822
1838 1724 1725 1824 1823
1839 1725 1726 1825 1824
1840 1726 1727 1826 1825
1841 1727 1728 1827 1826
1842 1728 1729 1828 1827
1843 1729 1730 1829 1828
1844 1730 1731 1830 1829
1845 1731 1732 1831 1830
1846 1732 1733 1832 1831
1847 1733 1734 1833 1832
1848 1734 1735 1834 1833
1849 1735 1736 1835 1834
1850 1736 1737 1836 1835
1851 1737 1738 1837 1836
1852 1738 1739 1838 1837
1853 1739 1740 1839 1838
1854 1740 1741 1840 1839
1855 1741 1742 1841 1840
1856 1742 1743 1842 1841
1857 1743 1744 1843 1842
1858 1744 1745 1844 1843
1859 1745 1746 1845 1844
1860 1746 1747 1846 1845
1861 1747 1748 1847 1846
1862 1748 1749 1848 1847
1863 1749 1750 1849 1848
1864 1750 1751 1850 1849
1865 1751 1752 1851 1850
1866 1752 1753 1852 1851
1867 1753 1754 1853 1852
1868 1754 1755 1854 1853
1869 1755 1756 1855 1854
1870 1756 1757 1856 1855
1871 1757 1758 1857 1856
1872 1758 1759 1858 1857
1873 1759 1760 1859 1858
1874 1760 1761 1860 1859
1875 1761 1762 1861 1860
1876 1762 1763 1862 1861
1877 1763 1764 1863 1862
1878 1764 1765 1864 1863
1879 1765 1766 1865 1864
1880 1766 1767 1866 1865
1881 1767 1768 1867 1866
1882 1768 1769 1868 1867
1883 1769 1770 1869 1868
1884 1770 1771 1870 1869
1885 1771 1772 1871 1870
1886 1772 1773 1872 1871
1887 1773 1774 1873 1872
1888 1774 1775 1874 1873
1889 1775 1776 1875 1874
1890 1776 1777 1876 1875
1891 1777 1778 1877 1876
1892 1778 1779 1878 1877
1893 1779 1780 1879 1878
1894 1780 1781 1880 1879
1895 1781 1782 1881 1880
1896 1782 1783 1882 1881
1897 1783 1784 1883 1882
1898 1784 1785 1884 1883
1899 1785 1786 1885 1884
1900 1786 118 119 1885
1901 386 1787 1886 385
1902 1787 1788 1887 1886
1903 1788 1789 1888 1887
1904 1789 1790 1889 1888
1905 1790 1791 1890 1889
1906 1791 1792 1891 1890
1907 1792 1793 1892 1891
1908 1793 1794 1893 1892
1909 1794 1795 1894 1893
1910 1795 1796 1895 1894
1911 1796 1797 1896 1895
1912 1797 1798 1897 1896
1913 1798 1799 1898 1897
1914 1799 1800 1899 1898
1915 1800 1801 1900 1899
1916 1801 1802 1901 1900
1917 1802 1803 1902 1901
1918 1803 1804 1903 1902
1919 1804 1805 1904 1903
1920 1805 1806 1905 1904
1921 1806 1807 1906 1905
1922 1807 1808 1907 1906
1923 1808 1809 1908 1907
1924 1809 1810 1909 1908
1925 1810 1811 1910 1909
1926 1811 1812 1911 1910
1927 1812 1813 1912 1911
1928 1813 1814 1913 1912
1929 1814 1815 1914 1913
1930 1815 1816 1915 1914
1931 1816 1817 1916 1915
1932 1817 1818 1917 1916
1933 1818 1819 1918 1917
1934 1819 1820 1919 1918
1935 1820 1821 1920 1919
1936 1821 1822 1921 1920
1937 1822 1823 1922 1921
1938 1823 1824 1923 1922
1939 1824 1825 1924 1923
1940 1825 1826 1925 1924
1941 1826 1827 1926 1925
1942 1827 1828 1927 1926
1943 1828 1829 1928 1927
1944 1829 1830 1929 1928
1945 1830 1831 1930 1929
1946 1831 1832 1931 1930
1947 1832 1833 1932 1931
1948 1833 1834 1933 1932
1949 1834 1835 1934 1933
1950 1835 1836 1935 1934
1951 1836 1837 1936 1935
1952 1837 1838 1937 1936
1953 1838 1839 1938 1937
1954 1839 1840 1939 1938
1955 1840 1841 1940 1939
1956 1841 1842 1941 1940
1957 1842 1843 1942 1941
1958 1843 1844 1943 1942
1959 1844 1845 1944 1943
1960 1845 1846 1945 1944
1961 1846 1847 1946 1945
1962 1847 1848 1947 1946
1963 1848 1849 1948 1947
1964 1849 1850 1949 1948
1965 1850 1851 1950 1949
1966 1851 1852 1951 1950
1967 1852 1853 1952 1951
1968 1853 1854 1953 1952
1969 1854 1855 1954 1953
1970 1855 1856 1955 1954
1971 1856 1857 1956 1955
1972 1857 1858 1957 1956
1973 1858 1859 1958 1957
1974 1859 1860 1959 1958
1975 1860 1861 1960 1959
1976 1861 1862 1961 1960
1977 1862 1863 1962 1961
1978 1863 1864 1963 1962
1979 1864 1865 1964 1963
1980 1865 1866 1965 1964
1981 1866 1867 1966 1965
1982 1867 1868 1967 1966
1983 1868 1869 1968 1967
1984 1869 1870 1969 1968
1985 1870 1871 1970 1969
1986 1871 1872 1971 1970
1987 1872 1873 1972 1971
1988 1873 1874 1973 1972
1989 1874 1875 1974 1973
1990 1875 1876 1975 1974
1991 1876 1877 1976 1975
1992 1877 1878 1977 1976
1993 1878 1879 1978 1977
1994 1879 1880 1979 1978
1995 1880 1881 1980 1979
1996 1881 1882 1981 1980
1997 1882 1883 1982 1981
1998 1883 1884 1983 1982
1999 1884 1885 1984 1983
2000 1885 119 120 1984
2001 385 1886 1985 384
2002 1886 1887 1986 1985
2003 1887 1888 1987 1986
2004 1888 1889 1988 1987
2005 1889 1890 1989 1988
2006 1890 1891 1990 1989
2007 1891 1892 1991 1990
2008 1892 1893 1992 1991
2009 1893 1894 1993 1992
2010 1894 1895 1994 1993
2011 1895 1896 1995 1994
2012 1896 1897 1996 1995
2013 1897 1898 1997 1996
2014 1898 1899 1998 1997
2015 1899 1900 1999 1998
2016 1900 1901 2000 1999
2017 1901 1902 2001 2000
2018 1902 1903 2002 2001
2019 1903 1904 2003 2002
2020 1904 1905 2004 2003
2021 1905 1906 2005 2004
2022 1906 1907 2006 2005
2023 1907 1908 2007 2006
2024 1908 1909 2008 2007
2025 1909 1910 2009 2008
2026 1910 1911 2010 2009
2027 1911 1912 2011 2010
2028 1912 1913 2012 2011
2029 1913 1914 2013 2012
2030 1914 1915 2014 2013
2031 1915 1916 2015 2014
2032 1916 1917 2016 2015
2033 1917 1918 2017 2016
2034 1918 1919 2018 2017
2035 1919 1920 2019 2018
2036 1920 1921 2020 2019
2037 1921 1922 2021 2020
2038 1922 1923 2022 2021
2039 1923 1924 2023 2022
2040 1924 1925 2024 2023
2041 1925 1926 2025 2024
2042 1926 1927 2026 2025
2043 1927 1928 2027 2026
2044 1928 1929 2028 2027
2045 1929 1930 2029 2028
2046 1930 1931 2030 2029
2047 1931 1932 2031 2030
2048 1932 1933 2032 2031
2049 1933 1934 2033 2032
2050 1934 1935 2034 2033
2051 1935 1936 2035 2034
2052 1936 1937 2036 2035
2053 1937 1938 2037 2036
2054 1938 1939 2038 2037
2055 1939 1940 2039 2038
2056 1940 1941 2040 2039
2057 1941 1942 2041 2040
2058 1942 1943 2042 2041
2059 1943 1944 2043 2042
2060 1944 1945 2044 2043
2061 1945 1946 2045 2044
2062 1946 1947 2046 2045
2063 1947 1948 2047 2046
2064 1948 1949 2048 2047
2065 1949 1950 2049 2048
2066 1950 1951 2050 2049
2067 1951 1952 2051 2050
2068 1952 1953 2052 2051
2069 1953 1954 2053 2052
2070 1954 1955 2054 2053
2071 1955 1956 2055 2054
2072 1956 1957 2056 2055
2073 1957 1958 2057 2056
2074 1958 1959 2058 2057
2075 1959 1960 2059 2058
2076 1960 1961 2060 2059
2077 1961 1962 2061 2060
2078 1962 1963 2062 2061
2079 1963 1964 2063 2062
2080 1964 1965 2064 2063
2081 1965 1966 2065 2064
2082 1966 1967 2066 2065
2083 1967 1968 2067 2066
2084 1968 1969 2068 2067
2085 1969 1970 2069 2068
2086 1970 1971 2070 2069
2087 1971 1972 2071 2070
2088 1972 1973 2072 2071
2089 1973 1974 2073 2072
2090 1974 1975 2074 2073
2091 1975 1976 2075 2074
2092 1976 1977 2076 2075
2093 1977 1978 2077 2076
2094 1978 1979 2078 2077
2095 1979 1980 2079 2078
2096 1980 1981 2080 2079
2097 1981 1982 2081 2080
2098 1982 1983 2082 2081
2099 1983 1984 2083 2082
2100 1984 120 121 2083
2101 384 1985 2084 383
2102 1985 1986 2085 2084
2103 1986 1987 2086 2085
2104 1987 1988 2087 2086
2105 1988 1989 2088 2087
2106 1989 1990 2089 2088
2107 1990 1991 2090 2089
2108 1991 1992 2091 2090
2109 1992 1993 2092 2091
2110 1993 1994 2093 2092
2111 1994 1995 2094 2093
2112 1995 1996 2095 2094
2113 1996 1997 2096 2095
2114 1997 1998 2097 2096
2115 1998 1999 2098 2097
2116 1999 2000 2099 2098
2117 2000 2001 2100 2099
2118 2001 2002 2101 2100
2119 2002 2003 2102 2101
2120 2003 2004 2103 2102
2121 2004 2005 2104 2103
2122 2005 2006 2105 2104
2123 2006 2007 2106 2105
2124 2007 2008 2107 2106
2125 2008 2009 2108 2107
2126 2009 2010 2109 2108
2127 2010 2011 2110 2109
2128 2011 2012 2111 2110
2129 2012 2013 2112 2111
2130 2013 2014 2113 2112
2131 2014 2015 2114 2113
2132 2015 2016 2115 2114
2133 2016 2017 2116 2115
2134 2017 2018 2117 2116
2135 2018 2019 2118 2117
2136 2019 2020 2119 2118
2137 2020 2021 2120 2119
2138 2021 2022 2121 2120
2139 2022 2023 2122 2121
2140 2023 2024 2123 2122
2141 2024 2025 2124 2123
2142 2025 2026 2125 2124
2143 2026 2027 2126 2125
2144 2027 2028 2127 2126
2145 2028 2029 2128 2127
2146 2029 2030 2129 2128
2147 2030 2031 2130 2129
2148 2031 2032 2131 2130
2149 2032 2033 2132 2131
2150 2033 2034 2133 2132
2151 2034 2035 2134 2133
2152 2035 2036 2135 2134
2153 2036 2037 2136 2135
2154 2037 2038 2137 2136
2155 2038 2039 2138 2137
2156 2039 2040 2139 2138
2157 2040 2041 2140 2139
2158 2041 2042 2141 2140
2159 2042 2043 2142 2141
2160 2043 2044 2143 2142
2161 2044 2045 2144 2143
2162 2045 2046 2145 2144
2163 2046 2047 2146 2145
2164 2047 2048 2147 2146
2165 2048 2049 2148 2147
2166 2049 2050 2149 2148
2167 2050 2051 2150 2149
2168 2051 2052 2151 2150
2169 2052 2053 2152 2151
2170 2053 2054 2153 2152
2171 2054 2055 2154 2153
2172 2055 2056 2155 2154
2173 2056 2057 2156 2155
2174 2057 2058 2157 2156
2175 2058 2059 2158 2157
2176 2059 2060 2159 2158
2177 2060 2061 2160 2159
2178 2061 2062 2161 2160
2179 2062 2063 2162 2161
2180 2063 2064 2163 2162
2181 2064 2065 2164 2163
2182 2065 2066 2165 2164
2183 2066 2067 2166 2165
2184 2067 2068 2167 2166
2185 2068 2069 2168 2167
2186 2069 2070 2169 2168
2187 2070 2071 2170 2169
2188 2071 2072 2171 2170
2189 2072 2073 2172 2171
2190 2073 2074 2173 2172
2191 2074 2075 2174 2173
2192 2075 2076 2175 2174
2193 2076 2077 2176 2175
2194 2077 2078 2177 2176
2195 2078 2079 2178 2177
2196 2079 2080 2179 2178
2197 2080 2081 2180 2179
2198 2081 2082 2181 2180
2199 2082 2083 2182 2181
2200 2083 121 122 2182
2201 383 2084 2183 382
2202 2084 2085 2184 2183
2203 2085 2086 2185 2184
2204 2086 2087 2186 2185
2205 2087 2088 2187 2186
2206 2088 2089 2188 2187
2207 2089 2090 2189 2188
2208 2090 2091 2190 2189
2209 2091 2092 2191 2190
2210 2092 2093 2192 2191
2211 2093 2094 2193 2192
2212 2094 2095 2194 2193
2213 2095 2096 2195 2194
2214 2096 2097 2196 2195
2215 2097 2098 2197 2196
2216 2098 2099 2198 2197
2217 2099 2100 2199 2198
2218 2100 2101 2200 2199
2219 2101 2102 2201 2200
2220 2102 2103 2202 2201
2221 2103 2104 2203 2202
2222 2104 2105 2204 2203
2223 2105 2106 2205 2204
2224 2106 2107 2206 2205
2225 2107 2108 2207 2206
2226 2108 2109 2208 2207
2227 2109 2110 2209 2208
2228 2110 2111 2210 2209
2229 2111 2112 2211 2210
2230 2112 2113 2212 2211
2231 2113 2114 2213 2212
2232 2114 2115 2214 2213
2233 2115 2116 2215 2214
2234 2116 2117 2216 2215
2235 2117 2118 2217 2216
2236 2118 2119 2218 2217
2237 2119 2120 2219 2218
2238 2120 2121 2220 2219
2239 2121 2122 2221 2220
2240 2122 2123 2222 2221
2241 2123 2124 2223 2222
2242 2124 2125 2224 2223
2243 2125 2126 2225 2224
2244 2126 2127 2226 2225
2245 2127 2128 2227 2226
2246 2128 2129 2228 2227
2247 2129 2130 2229 2228
2248 2130 2131 2230 2229
2249 2131 2132 2231 2230
2250 2132 2133 2232 2231
2251 2133 2134 2233 2232
2252 2134 2135 2234 2233
2253 2135 2136 2235 2234
2254 2136 2137 2236 2235
2255 2137 2138 2237 2236
2256 2138 2139 2238 2237
2257 2139 2140 2239 2238
2258 2140 2141 2240 2239
2259 2141 2142 2241 2240
2260 2142 2143 2242 2241
2261 2143 2144 2243 2242
2262 2144 2145 2244 2243
2263 2145 2146 2245 2244
2264 2146 2147 2246 2245
2265 2147 2148 2247 2246
2266 2148 2149 2248 2247
2267 2149 2150 2249 2248
2268 2150 2151 2250 2249
2269 2151 2152 2251 2250
2270 2152 2153 2252 2251
2271 2153 2154 2253 2252
2272 2154 2155 2254 2253
2273 2155 2156 2255 2254
2274 2156 2157 2256 2255
2275 2157 2158 2257 2256
2276 2158 2159 2258 2257
2277 2159 2160 2259 2258
2278 2160 2161 2260 2259
2279 2161 2162 2261 2260
2280 2162 2163 2262 2261
2281 2163 2164 2263 2262
2282 2164 2165 2264 2263
2283 2165 2166 2265 2264
2284 2166 2167 2266 2265
2285 2167 2168 2267 2266
2286 2168 2169 2268 2267
2287 2169 2170 2269 2268
2288 2170 2171 2270 2269
2289 2171 2172 2271 2270
2290 2172 2173 2272 2271
2291 2173 2174 2273 2272
2292 2174 2175 2274 2273
2293 2175 2176 2275 2274
2294 2176 2177 2276 2275
2295 2177 2178 2277 2276
2296 2178 2179 2278 2277
2297 2179 2180 2279 2278
2298 2180 2181 2280 2279
2299 2181 2182 2281 2280
2300 2182 122 123 2281
2301 382 2183 2282 381
2302 2183 2184 2283 2282
2303 2184 2185 2284 2283
2304 2185 2186 2285 2284
2305 2186 2187 2286 2285
2306 2187 2188 2287 2286
2307 2188 2189 2288 2287
2308 2189 2190 2289 2288
2309 2190 2191 2290 2289
2310 2191 2192 2291 2290
2311 2192 2193 2292 2291
2312 2193 2194 2293 2292
2313 2194 2195 2294 2293
2314 2195 2196 2295 2294
2315 2196 2197 2296 2295
2316 2197 2198 2297 2296
2317 2198 2199 2298 2297
2318 2199 2200 2299 2298
2319 2200 2201 2300 2299
2320 2201 2202 2301 2300
2321 2202 2203 2302 2301
2322 2203 2204 2303 2302
2323 2204 2205 2304 2303
2324 2205 2206 2305 2304
2325 2206 2207 2306 2305
2326 2207 2208 2307 2306
2327 2208 2209 2308 2307
2328 2209 2210 2309 2308
2329 2210 2211 2310 2309
2330 2211 2212 2311 2310
2331 2212 2213 2312 2311
2332 2213 2214 2313 2312
2333 2214 2215 2314 2313
2334 2215 2216 2315 2314
2335 2216 2217 2316 2315
2336 2217 2218 2317 2316
2337 2218 2219 2318 2317
2338 2219 2220 2319 2318
2339 2220 2221 2320 2319
2340 2221 2222 2321 2320
2341 2222 2223 2322 2321
2342 2223 2224 2323 2322
2343 2224 2225 2324 2323
2344 2225 2226 2325 2324
2345 2226 2227 2326 2325
2346 2227 2228 2327 2326
2347 2228 2229 2328 2327
2348 2229 2230 2329 2328
2349 2230 2231 2330 2329
2350 2231 2232 2331 2330
2351 2232 2233 2332 2331
2352 2233 2234 2333 2332
2353 2234 2235 2334 2333
2354 2235 2236 2335 2334
2355 2236 2237 2336 2335
2356 2237 2238 2337 2336
2357 2238 2239 2338 2337
2358 2239 2240 2339 2338
2359 2240 2241 2340 2339
2360 2241 2242 2341 2340
2361 2242 2243 2342 2341
2362 2243 2244 2343 2342
2363 2244 2245 2344 2343
2364 2245 2246 2345 2344
2365 2246 2247 2346 2345
2366 2247 2248 2347 2346
2367 2248 2249 2348 2347
2368 2249 2250 2349 2348
2369 2250 2251 2350 2349
2370 2251 2252 2351 2350
2371 2252 2253 2352 2351
2372 2253 2254 2353 2352
2373 2254 2255 2354 2353
2374 2255 2256 2355 2354
2375 2256 2257 2356 2355
2376 2257 2258 2357 2356
2377 2258 2259 2358 2357
2378 2259 2260 2359 2358
2379 2260 2261 2360 2359
2380 2261 2262 2361 2360
2381 2262 2263 2362 2361
2382 2263 2264 2363 2362
2383 2264 2265 2364 2363
2384 2265 2266 2365 2364
2385 2266 2267 2366 2365
2386 2267 2268 2367 2366
2387 2268 2269 2368 2367
2388 2269 2270 2369 2368
2389 2270 2271 2370 2369
2390 2271 2272 2371 2370
2391 2272 2273 2372 2371
2392 2273 2274 2373 2372
2393 2274 2275 2374 2373
2394 2275 2276 2375 2374
2395 2276 2277 2376 2375
2396 2277 2278 2377 2376
2397 2278 2279 2378 2377
2398 2279 2280 2379 2378
2399 2280 2281 2380 2379
2400 2281 123 124 2380
2401 381 2282 2381 380
2402 2282 2283 2382 2381
2403 2283 2284 2383 2382
2404 2284 2285 2384 2383
2405 2285 2286 2385 2384
2406 2286 2287 2386 2385
2407 2287 2288 2387 2386
2408 2288 2289 2388 2387
2409 2289 2290 2389 2388
2410 2290 2291 2390 2389
2411 2291 2292 2391 2390
2412 2292 2293 2392 2391
2413 2293 2294 2393 2392
2414 2294 2295 2394 2393
2415 2295 2296 2395 2394
2416 2296 2297 2396 2395
2417 2297 2298 2397 2396
2418 2298 2299 2398 2397
2419 2299 2300 2399 2398
2420 2300 2301 2400 2399
2421 2301 2302 2401 2400
2422 2302 2303 2402 2401
2423 2303 2304 2403 2402
2424 2304 2305 2404 2403
2425 2305 2306 2405 2404
2426 2306 2307 2406 2405
2427 2307 2308 2407 2406
2428 2308 2309 2408 2407
2429 2309 2310 2409 2408
2430 2310 2311 2410 2409
2431 2311 2312 2411 2410
2432 2312 2313 2412 2411
2433 2313 2314 2413 2412
2434 2314 2315 2414 2413
2435 2315 2316 2415 2414
2436 2316 2317 2416 2415
2437 2317 2318 2417 2416
2438 2318 2319 2418 2417
2439 2319 2320 2419 2418
2440 2320 2321 2420 2419
2441 2321 2322 2421 2420
2442 2322 2323 2422 2421
2443 2323 2324 2423 2422
2444 2324 2325 2424 2423
2445 2325 2326 2425 2424
2446 2326 2327 2426 2425
2447 2327 2328 2427 2426
2448 2328 2329 2428 2427
2449 2329 2330 2429 2428
2450 2330 2331 2430 2429
2451 2331 2332 2431 2430
2452 2332 2333 2432 2431
2453 2333 2334 2433 2432
2454 2334 2335 2434 2433
2455 2335 2336 2435 2434
2456 2336 2337 2436 2435
2457 2337 2338 2437 2436
2458 2338 2339 2438 2437
2459 2339 2340 2439 2438
2460 2340 2341 2440 2439
2461 2341 2342 2441 2440
2462 2342 2343 2442 2441
2463 2343 2344 2443 2442
2464 2344 2345 2444 2443
2465 2345 2346 2445 2444
2466 2346 2347 2446 2445
2467 2347 2348 2447 2446
2468 2348 2349 2448 2447
2469 2349 2350 2449 2448
2470 2350 2351 2450 2449
2471 2351 2352 2451 2450
2472 2352 2353 2452 2451
2473 2353 2354 2453 2452
2474 2354 2355 2454 2453
2475 2355 2356 2455 2454
2476 2356 2357 2456 2455
2477 2357 2358 2457 2456
2478 2358 2359 2458 2457
2479 2359 2360 2459 2458
2480 2360 2361 2460 2459
2481 2361 2362 2461 2460
2482 2362 2363 2462 2461
2483 2363 2364 2463 2462
2484 2364 2365 2464 2463
2485 2365 2366 2465 2464
2486 2366 2367 2466 2465
2487 2367 2368 2467 2466
2488 2368 2369 2468 2467
2489 2369 2370 2469 2468
2490 2370 2371 2470 2469
2491 2371 2372 2471 2470
2492 2372 2373 2472 2471
2493 2373 2374 2473 2472
2494 2374 2375 2474 2473
2495 2375 2376 2475 2474
2496 2376 2377 2476 2475
2497 2377 2378 2477 2476
2498 2378 2379 2478 2477
2499 2379 2380 2479 2478
2500 2380 124 125 2479
2501 380 2381 2480 379
2502 2381 2382 2481 2480
2503 2382 2383 2482 2481
2504 2383 2384 2483 2482
2505 2384 2385 2484 2483
2506 2385 2386 2485 2484
2507 2386 2387 2486 2485
2508 2387 2388 2487 2486
2509 2388 2389 2488 2487
2510 2389 2390 2489 2488
2511 2390 2391 2490 2489
2512 2391 2392 2491 2490
2513 2392 2393 2492 2491
2514 2393 2394 2493 2492
2515 2394 2395 2494 2493
2516 2395 2396 2495 2494
2517 2396 2397 2496 2495
2518 2397 2398 2497 2496
2519 2398 2399 2498 2497
2520 2399 2400 2499 2498
2521 2400 2401 2500 2499
2522 2401 2402 2501 2500
2523 2402 2403 2502 2501
2524 2403 2404 2503 2502
2525 2404 2405 2504 2503
2526 2405 2406 2505 2504
2527 2406 2407 2506 2505
2528 2407 2408 2507 2506
2529 2408 2409 2508 2507
2530 2409 2410 2509 2508
2531 2410 2411 2510 2509
2532 2411 2412 2511 2510
2533 2412 2413 2512 2511
2534 2413 2414 2513 2512
2535 2414 2415 2514 2513
2536 2415 2416 2515 2514
2537 2416 2417 2516 2515
2538 2417 2418 2517 2516
2539 2418 2419 2518 2517
2540 2419 2420 2519 2518
2541 2420 2421 2520 2519
2542 2421 2422 2521 2520
2543 2422 2423 2522 2521
2544 2423 2424 2523 2522
2545 2424 2425 2524 2523
2546 2425 2426 2525 2524
2547 2426 2427 2526 2525
2548 2427 2428 2527 2526
2549 2428 2429 2528 2527
2550 2429 2430 2529 2528
2551 2430 2431 2530 2529
2552 2431 2432 2531 2530
2553 2432 2433 2532 2531
2554 2433 2434 2533 2532
2555 2434 2435 2534 2533
2556 2435 2436 2535 2534
2557 2436 2437 2536 2535
2558 2437 2438 2537 2536
2559 2438 2439 2538 2537
2560 2439 2440 2539 2538
2561 2440 2441 2540 2539
2562 2441 2442 2541 2540
2563 2442 2443 2542 2541
2564 2443 2444 2543 2542
2565 2444 2445 2544 2543
2566 2445 2446 2545 2544
2567 2446 2447 2546 2545
2568 2447 2448 2547 2546
2569 2448 2449 2548 2547
2570 2449 2450 2549 2548
2571 2450 2451 2550 2549
2572 2451 2452 2551 2550
2573 2452 2453 2552 2551
2574 2453 2454 2553 2552
2575 2454 2455 2554 2553
2576 2455 2456 2555 2554
2577 2456 2457 2556 2555
2578 2457 2458 2557 2556
2579 2458 2459 2558 2557
2580 2459 2460 2559 2558
2581 2460 2461 2560 2559
2582 2461 2462 2561 2560
2583 2462 2463 2562 2561
2584 2463 2464 2563 2562
2585 2464 2465 2564 2563
2586 2465 2466 2565 2564
2587 2466 2467 2566 2565
2588 2467 2468 2567 2566
2589 2468 2469 2568 2567
2590 2469 2470 2569 2568
2591 2470 2471 2570 2569
2592 2471 2472 2571 2570
2593 2472 2473 2572 2571
2594 2473 2474 2573 2572
2595 2474 2475 2574 2573
2596 2475 2476 2575 2574
2597 2476 2477 2576 2575
2598 2477 2478 2577 2576
2599 2478 2479 2578 2577
2600 2479 125 126 2578
2601 379 2480 2579 378
2602 2480 2481 2580 2579
2603 2481 2482 2581 2580
2604 2482 2483 2582 2581
2605 2483 2484 2583 2582
2606 2484 2485 2584 2583
2607 2485 2486 2585 2584
2608 2486 2487 2586 2585
2609 2487 2488 2587 2586
2610 2488 2489 2588 2587
2611 2489 2490 2589 2588
2612 2490 2491 2590 2589
2613 2491 2492 2591 2590
2614 2492 2493 2592 2591
2615 2493 2494 2593 2592
2616 2494 2495 2594 2593
2617 2495 2496 2595 2594
2618 2496 2497 2596 2595
2619 2497 2498 2597 2596
2620 2498 2499 2598 2597
2621 2499 2500 2599 2598
2622 2500 2501 2600 2599
2623 2501 2502 2601 2600
2624 2502 2503 2602 2601
2625 2503 2504 2603 2602
2626 2504 2505 2604 2603
2627 2505 2506 2605 2604
2628 2506 2507 2606 2605
2629 2507 2508 2607 2606
2630 2508 2509 2608 2607
2631 2509 2510 2609 2608
2632 2510 2511 2610 2609
2633 2511 2512 2611 2610
2634 2512 2513 2612 2611
2635 2513 2514 2613 2612
2636 2514 2515 2614 2613
2637 2515 2516 2615 2614
2638 2516 2517 2616 2615
2639 2517 2518 2617 2616
2640 2518 2519 2618 2617
2641 2519 2520 2619 2618
2642 2520 2521 2620 2619
2643 2521 2522 2621 2620
2644 2522 2523 2622 2621
2645 2523 2524 2623 2622
2646 2524 2525 2624 2623
2647 2525 2526 2625 2624
2648 2526 2527 2626 2625
2649 2527 2528 2627 2626
2650 2528 2529 2628 2627
2651 2529 2530 2629 2628
2652 2530 2531 2630 2629
2653 2531 2532 2631 2630
2654 2532 2533 2632 2631
2655 2533 2534 2633 2632
2656 2534 2535 2634 2633
2657 2535 2536 2635 2634
2658 2536 2537 2636 2635
2659 2537 2538 2637 2636
2660 2538 2539 2638 2637
2661 2539 2540 2639 2638
2662 2540 2541 2640 2639
2663 2541 2542 2641 2640
2664 2542 2543 2642 2641
2665 2543 2544 2643 2642
2666 2544 2545 2644 2643
2667 2545 2546 2645 2644
2668 2546 2547 2646 2645
2669 2547 2548 2647 2646
2670 2548 2549 2648 2647
2671 2549 2550 2649 2648
2672 2550 2551 2650 2649
2673 2551 2552 2651 2650
2674 2552 2553 2652 2651
2675 2553 2554 2653 2652
2676 2554 2555 2654 2653
2677 2555 2556 2655 2654
2678 2556 2557 2656 2655
2679 2557 2558 2657 2656
2680 2558 2559 2658 2657
2681 2559 2560 2659 2658
2682 2560 2561 2660 2659
2683 2561 2562 2661 2660
2684 2562 2563 2662 2661
2685 2563 2564 2663 2662
2686 2564 2565 2664 2663
2687 2565 2566 2665 2664
2688 2566 2567 2666 2665
2689 2567 2568 2667 2666
2690 2568 2569 2668 2667
2691 2569 2570 2669 2668
2692 2570 2571 2670 2669
2693 2571 2572 2671 2670
2694 2572 2573 2672 2671
2695 2573 2574 2673 2672
2696 2574 2575 2674 2673
2697 2575 2576 2675 2674
2698 2576 2577 2676 2675
2699 2577 2578 2677 2676
2700 2578 126 127 2677
2701 378 2579 2678 377
2702 2579 2580 2679 2678
2703 2580 2581 2680 2679
2704 2581 2582 2681 2680
2705 2582 2583 2682 2681
2706 2583 2584 2683 2682
2707 2584 2585 2684 2683
2708 2585 2586 2685 2684
2709 2586 2587 2686 2685
2710 2587 2588 2687 2686
2711 2588 2589 2688 2687
2712 2589 2590 2689 2688
2713 2590 2591 2690 2689
2714 2591 2592 2691 2690
2715 2592 2593 2692 2691
2716 2593 2594 2693 2692
2717 2594 2595 2694 2693
2718 2595 2596 2695 2694
2719 2596 2597 2696 2695
2720 2597 2598 2697 2696
2721 2598 2599 2698 2697
2722 2599 2600 2699 2698
2723 2600 2601 2700 2699
2724 2601 2602 2701 2700
2725 2602 2603 2702 2701
2726 2603 2604 2703 2702
2727 2604 2605 2704 2703
2728 2605 2606 2705 2704
2729 2606 2607 2706 2705
2730 2607 2608 2707 2706
2731 2608 2609 2708 2707
2732 2609 2610 2709 2708
2733 2610 2611 2710 2709
2734 2611 2612 2711 2710
2735 2612 2613 2712 2711
2736 2613 2614 2713 2712
2737 2614 2615 2714 2713
2738 2615 2616 2715 2714
2739 2616 2617 2716 2715
2740 2617 2618 2717 2716
2741 2618 2619 2718 2717
2742 2619 2620 2719 2718
2743 2620 2621 2720 2719
2744 2621 2622 2721 2720
2745 2622 2623 2722 2721
2746 2623 2624 2723 2722
2747 2624 2625 2724 2723
2748 2625 2626 2725 2724
2749 2626 2627 2726 2725
2750 2627 2628 2727 2726
2751 2628 2629 2728 2727
2752 2629 2630 2729 2728
2753 2630 2631 2730 2729
2754 2631 2632 2731 2730
2755 2632 2633 2732 2731
2756 2633 2634 2733 2732
2757 2634 2635 2734 2733
2758 2635 2636 2735 2734
2759 2636 2637 2736 2735
2760 2637 2638 2737 2736
2761 2638 2639 2738 2737
2762 2639 2640 2739 2738
2763 2640 2641 2740 2739
2764 2641 2642 2741 2740
2765 2642 2643 2742 2741
2766 2643 2644 2743 2742
2767 2644 2645 2744 2743
2768 2645 2646 2745 2744
2769 2646 2647 2746 2745
2770 2647 2648 2747 2746
2771 2648 2649 2748 2747
2772 2649 2650 2749 2748
2773 2650 2651 2750 2749
2774 2651 2652 2751 2750
2775 2652 2653 2752 2751
2776 2653 2654 2753 2752
2777 2654 2655 2754 2753
2778 2655 2656 2755 2754
2779 2656 2657 2756 2755
2780 2657 2658 2757 2756
2781 2658 2659 2758 2757
2782 2659 2660 2759 2758
2783 2660 2661 2760 2759
2784 2661 2662 2761 2760
2785 2662 2663 2762 2761
2786 2663 2664 2763 2762
2787 2664 2665 2764 2763
2788 2665 2666 2765 2764
2789 2666 2667 2766 2765
2790 2667 2668 2767 2766
2791 2668 2669 2768 2767
2792 2669 2670 2769 2768
2793 2670 2671 2770 2769
2794 2671 2672 2771 2770
2795 2672 2673 2772 2771
2796 2673 2674 2773 2772
2797 2674 2675 2774 2773
2798 2675 2676 2775 2774
2799 2676 2677 2776 2775
2800 2677 127 128 2776
2801 377 2678 2777 376
2802 2678 2679 2778 2777
2803 2679 2680 2779 2778
2804 2680 2681 2780 2779
2805 2681 2682 2781 2780
2806 2682 2683 2782 2781
2807 2683 2684 2783 2782
2808 2684 2685 2784 2783
2809 2685 2686 2785 2784
2810 2686 2687 2786 2785
2811 2687 2688 2787 2786
2812 2688 2689 2788 2787
2813 2689 2690 2789 2788
2814 2690 2691 2790 2789
2815 2691 2692 2791 2790
2816 2692 2693 2792 2791
2817 2693 2694 2793 2792
2818 2694 2695 2794 2793
2819 2695 2696 2795 2794
2820 2696 2697 2796 2795
2821 2697 2698 2797 2796
2822 2698 2699 2798 2797
2823 2699 2700 2799 2798
2824 2700 2701 2800 2799
2825 2701 2702 2801 2800
2826 2702 2703 2802 2801
2827 2703 2704 2803 2802
2828 2704 2705 2804 2803
2829 2705 2706 2805 2804
2830 2706 2707 2806 2805
2831 2707 2708 2807 2806
2832 2708 2709 2808 2807
2833 2709 2710 2809 2808
2834 2710 2711 2810 2809
2835 2711 2712 2811 2810
2836 2712 2713 2812 2811
2837 2713 2714 2813 2812
2838 2714 2715 2814 2813
2839 2715 2716 2815 2814
2840 2716 2717 2816 2815
2841 2717 2718 2817 2816
2842 2718 2719 2818 2817
2843 2719 2720 2819 2818
2844 2720 2721 2820 2819
2845 2721 2722 2821 2820
2846 2722 2723 2822 2821
2847 2723 2724 2823 2822
2848 2724 2725 2824 2823
2849 2725 2726 2825 2824
2850 2726 2727 2826 2825
2851 2727 2728 2827 2826
2852 2728 2729 2828 2827
2853 2729 2730 2829 2828
2854 2730 2731 2830 2829
2855 2731 2732 2831 2830
2856 2732 2733 2832 2831
2857 2733 2734 2833 2832
2858 2734 2735 2834 2833
2859 2735 2736 2835 2834
2860 2736 2737 2836 2835
2861 2737 2738 2837 2836
2862 2738 2739 2838 2837
2863 2739 2740 2839 2838
2864 2740 2741 2840 2839
2865 2741 2742 2841 2840
2866 2742 2743 2842 2841
2867 2743 2744 2843 2842
2868 2744 2745 2844 2843
2869 2745 2746 2845 2844
2870 2746 2747 2846 2845
2871 2747 2748 2847 2846
2872 2748 2749 2848 2847
2873 2749 2750 2849 2848
2874 2750 2751 2850 2849
2875 2751 2752 2851 2850
2876 2752 2753 2852 2851
2877 2753 2754 2853 2852
2878 2754 2755 2854 2853
2879 2755 2756 2855 2854
2880 2756 2757 2856 2855
2881 2757 2758 2857 2856
2882 2758 2759 2858 2857
2883 2759 2760 2859 2858
2884 2760 2761 2860 2859
2885 2761 2762 2861 2860
2886 2762 2763 2862 2861
2887 2763 2764 2863 2862
2888 2764 2765 2864 2863
2889 2765 2766 2865 2864
2890 2766 2767 2866 2865
2891 2767 2768 2867 2866
2892 2768 2769 2868 2867
2893 2769 2770 2869 2868
2894 2770 2771 2870 2869
2895 2771 2772 2871 2870
2896 2772 2773 2872 2871
2897 2773 2774 2873 2872
2898 2774 2775 2874 2873
2899 2775 2776 2875 2874
2900 2776 128 129 2875
2901 376 2777 2876 375
2902 2777 2778 2877 2876
2903 2778 2779 2878 2877
2904 2779 2780 2879 2878
2905 2780 2781 2880 2879
2906 2781 2782 2881 2880
2907 2782 2783 2882 2881
2908 2783 2784 2883 2882
2909 2784 2785 2884 2883
2910 2785 2786 2885 2884
2911 2786 2787 2886 2885
2912 2787 2788 2887 2886
2913 2788 2789 2888 2887
2914 2789 2790 2889 2888
2915 2790 2791 2890 2889
2916 2791 2792 2891 2890
2917 2792 2793 2892 2891
2918 2793 2794 2893 2892
2919 2794 2795 2894 2893
2920 2795 2796 2895 2894
2921 2796 2797 2896 2895
2922 2797 2798 2897 2896
2923 2798 2799 2898 2897
2924 2799 2800 2899 2898
2925 2800 2801 2900 2899
2926 2801 2802 2901 2900
2927 2802 2803 2902 2901
2928 2803 2804 2903 2902
2929 2804 2805 2904 2903
2930 2805 2806 2905 2904
2931 2806 2807 2906 2905
2932 2807 2808 2907 2906
2933 2808 2809 2908 2907
2934 2809 2810 2909 2908
2935 2810 2811 2910 2909
2936 2811 2812 2911 2910
2937 2812 2813 2912 2911
2938 2813 2814 2913 2912
2939 2814 2815 2914 2913
2940 2815 2816 2915 2914
2941 2816 2817 2916 2915
2942 2817 2818 2917 2916
2943 2818 2819 2918 2917
2944 2819 2820 2919 2918
2945 2820 2821 2920 2919
2946 2821 2822 2921 2920
2947 2822 2823 2922 2921
2948 2823 2824 2923 2922
2949 2824 2825 2924 2923
2950 2825 2826 2925 2924
2951 2826 2827 2926 2925
2952 2827 2828 2927 2926
2953 2828 2829 2928 2927
2954 2829 2830 2929 2928
2955 2830 2831 2930 2929
2956 2831 2832 2931 2930
2957 2832 2833 2932 2931
2958 2833 2834 2933 2932
2959 2834 2835 2934 2933
2960 2835 2836 2935 2934
2961 2836 2837 2936 2935
2962 2837 2838 2937 2936
2963 2838 2839 2938 2937
2964 2839 2840 2939 2938
2965 2840 2841 2940 2939
2966 2841 2842 2941 2940
2967 2842 2843 2942 2941
2968 2843 2844 2943 2942
2969 2844 2845 2944 2943
2970 2845 2846 2945 2944
2971 2846 2847 2946 2945
2972 2847 2848 2947 2946
2973 2848 2849 2948 2947
2974 2849 2850 2949 2948
2975 2850 2851 2950 2949
2976 2851 2852 2951 2950
2977 2852 2853 2952 2951
2978 2853 2854 2953 2952
2979 2854 2855 2954 2953
2980 2855 2856 2955 2954
2981 2856 2857 2956 2955
2982 2857 2858 2957 2956
2983 2858 2859 2958 2957
2984 2859 2860 2959 2958
2985 2860 2861 2960 2959
2986 2861 2862 2961 2960
2987 2862 2863 2962 2961
2988 2863 2864 2963 2962
2989 2864 2865 2964 2963
2990 2865 2866 2965 2964
2991 2866 2867 2966 2965
2992 2867 2868 2967 2966
2993 2868 2869 2968 2967
2994 2869 2870 2969 2968
2995 2870 2871 2970 2969
2996 2871 2872 2971 2970
2997 2872 2873 2972 2971
2998 2873 2874 2973 2972
2999 2874 2875 2974 2973
3000 2875 129 130 2974
3001 375 2876 2975 374
3002 2876 2877 2976 2975
3003 2877 2878 2977 2976
3004 2878 2879 2978 2977
3005 2879 2880 2979 2978
3006 2880 2881 2980 2979
3007 2881 2882 2981 2980
3008 2882 2883 2982 2981
3009 2883 2884 2983 2982
3010 2884 2885 2984 2983
3011 2885 2886 2985 2984
3012 2886 2887 2986 2985
3013 2887 2888 2987 2986
3014 2888 2889 2988 2987
3015 2889 2890 2989 2988
3016 2890 2891 2990 2989
3017 2891 2892 2991 2990
3018 2892 2893 2992 2991
3019 2893 2894 2993 2992
3020 2894 2895 2994 2993
3021 2895 2896 2995 2994
3022 2896 2897 2996 2995
3023 2897 2898 2997 2996
3024 2898 2899 2998 2997
3025 2899 2900 2999 2998
3026 2900 2901 3000 2999
3027 2901 2902 3001 3000
3028 2902 2903 3002 3001
3029 2903 2904 3003 3002
3030 2904 2905 3004 3003
3031 2905 2906 3005 3004
3032 2906 2907 3006 3005
3033 2907 2908 3007 3006
3034 2908 2909 3008 3007
3035 2909 2910 3009 3008
3036 2910 2911 3010 3009
3037 2911 2912 3011 3010
3038 2912 2913 3012 3011
3039 2913 2914 3013 3012
3040 2914 2915 3014 3013
3041 2915 2916 3015 3014
3042 2916 2917 3016 3015
3043 2917 2918 3017 3016
3044 2918 2919 3018 3017
3045 2919 2920 3019 3018
3046 2920 2921 3020 3019
3047 2921 2922 3021 3020
3048 2922 2923 3022 3021
3049 2923 2924 3023 3022
3050 2924 2925 3024 3023
3051 2925 2926 3025 3024
3052 2926 2927 3026 3025
3053 2927 2928 3027 3026
3054 2928 2929 3028 3027
3055 2929 2930 3029 3028
3056 2930 2931 3030 3029
3057 2931 2932 3031 3030
3058 2932 2933 3032 3031
3059 2933 2934 3033 3032
3060 2934 2935 3034 3033
3061 2935 2936 3035 3034
3062 2936 2937 3036 3035
3063 2937 2938 3037 3036
3064 2938 2939 3038 3037
3065 2939 2940 3039 3038
3066 2940 2941 3040 3039
3067 2941 2942 3041 3040
3068 2942 2943 3042 3041
3069 2943 2944 3043 3042
3070 2944 2945 3044 3043
3071 2945 2946 3045 3044
3072 2946 2947 3046 3045
3073 2947 2948 3047 3046
3074 2948 2949 3048 3047
3075 2949 2950 3049 3048
3076 2950 2951 3050 3049
3077 2951 2952 3051 3050
3078 2952 2953 3052 3051
3079 2953 2954 3053 3052
3080 2954 2955 3054 3053
3081 2955 2956 3055 3054
3082 2956 2957 3056 3055
3083 2957 2958 3057 3056
3084 2958 2959 3058 3057
3085 2959 2960 3059 3058
3086 2960 2961 3060 3059
3087 2961 2962 3061 3060
3088 2962 2963 3062 3061
3089 2963 2964 3063 3062
3090 2964 2965 3064 3063
3091 2965 2966 3065 3064
3092 2966 2967 3066 3065
3093 2967 2968 3067 3066
3094 2968 2969 3068 3067
3095 2969 2970 3069 3068
3096 2970 2971 3070 3069
3097 2971 2972 3071 3070
3098 2972 2973 3072 3071
3099 2973 2974 3073 3072
3100 2974 130 131 3073
3101 374 2975 3074 373
3102 2975 2976 3075 3074
3103 2976 2977 3076 3075
3104 2977 2978 3077 3076
3105 2978 2979 3078 3077
3106 2979 2980 3079 3078
3107 2980 2981 3080 3079
3108 2981 2982 3081 3080
3109 2982 2983 3082 3081
3110 2983 2984 3083 3082
3111 2984 2985 3084 3083
3112 2985 2986 3085 3084
3113 2986 2987 3086 3085
3114 2987 2988 3087 3086
3115 2988 2989 3088 3087
3116 2989 2990 3089 3088
3117 2990 2991 3090 3089
3118 2991 2992 3091 3090
3119 2992 2993 3092 3091
3120 2993 2994 3093 3092
3121 2994 2995 3094 3093
3122 2995 2996 3095 3094
3123 2996 2997 3096 3095
3124 2997 2998 3097 3096
3125 2998 2999 3098 3097
3126 2999 3000 3099 3098
3127 3000 3001 3100 3099
3128 3001 3002 3101 3100
3129 3002 3003 3102 3101
3130 3003 3004 3103 3102
3131 3004 3005 3104 3103
3132 3005 3006 3105 3104
3133 3006 3007 3106 3105
3134 3007 3008 3107 3106
3135 3008 3009 3108 3107
3136 3009 3010 3109 3108
3137 3010 3011 3110 3109
3138 3011 3012 3111 3110
3139 3012 3013 3112 3111
3140 3013 3014 3113 3112
3141 3014 3015 3114 3113
3142 3015 3016 3115 3114
3143 3016 3017 3116 3115
3144 3017 3018 3117 3116
3145 3018 3019 3118 3117
3146 3019 3020 3119 3118
3147 3020 3021 3120 3119
3148 3021 3022 3121 3120
3149 3022 3023 3122 3121
3150 3023 3024 3123 3122
3151 3024 3025 3124 3123
3152 3025 3026 3125 3124
3153 3026 3027 3126 3125
3154 3027 3028 3127 3126
3155 3028 3029 3128 3127
3156 3029 3030 3129 3128
3157 3030 3031 3130 3129
3158 3031 3032 3131 3130
3159 3032 3033 3132 3131
3160 3033 3034 3133 3132
3161 3034 3035 3134 3133
3162 3035 3036 3135 3134
3163 3036 3037 3136 3135
3164 3037 3038 3137 3136
3165 3038 3039 3138 3137
3166 3039 3040 3139 3138
3167 3040 3041 3140 3139
3168 3041 3042 3141 3140
3169 3042 3043 3142 3141
3170 3043 3044 3143 3142
3171 3044 3045 3144 3143
3172 3045 3046 3145 3144
3173 3046 3047 3146 3145
3174 3047 3048 3147 3146
3175 3048 3049 3148 3147
3176 3049 3050 3149 3148
3177 3050 3051 3150 3149
3178 3051 3052 3151 3150
3179 3052 3053 3152 3151
3180 3053 3054 3153 3152
3181 3054 3055 3154 3153
3182 3055 3056 3155 3154
3183 3056 3057 3156 3155
3184 3057 3058 3157 3156
3185 3058 3059 3158 3157
3186 3059 3060 3159 3158
3187 3060 3061 3160 3159
3188 3061 3062 3161 3160
3189 3062 3063 3162 3161
3190 3063 3064 3163 3162
3191 3064 3065 3164 3163
3192 3065 3066 3165 3164
3193 3066 3067 3166 3165
3194 3067 3068 3167 3166
3195 3068 3069 3168 3167
3196 3069 3070 3169 3168
3197 3070 3071 3170 3169
3198 3071 3072 3171 3170
3199 3072 3073 3172 3171
3200 3073 131 132 3172
3201 373 3074 3173 372
3202 3074 3075 3174 3173
3203 3075 3076 3175 3174
3204 3076 3077 3176 3175
3205 3077 3078 3177 3176
3206 3078 3079 3178 3177
3207 3079 3080 3179 3178
3208 3080 3081 3180 3179
3209 3081 3082 3181 3180
3210 3082 3083 3182 3181
3211 3083 3084 3183 3182
3212 3084 3085 3184 3183
3213 3085 3086 3185 3184
3214 3086 3087 3186 3185
3215 3087 3088 3187 3186
3216 3088 3089 3188 3187
3217 3089 3090 3189 3188
3218 3090 3091 3190 3189
3219 3091 3092 3191 3190
3220 3092 3093 3192 3191
3221 3093 3094 3193 3192
3222 3094 3095 3194 3193
3223 3095 3096 3195 3194
3224 3096 3097 3196 3195
3225 3097 3098 3197 3196
3226 3098 3099 3198 3197
3227 3099 3100 3199 3198
3228 3100 3101 3200 3199
3229 3101 3102 3201 3200
3230 3102 3103 3202 3201
3231 3103 3104 3203 3202
3232 3104 3105 3204 3203
3233 3105 3106 3205 3204
3234 3106 3107 3206 3205
3235 3107 3108 3207 3206
3236 3108 3109 3208 3207
3237 3109 3110 3209 3208
3238 3110 3111 3210 3209
3239 3111 3112 3211 3210
3240 3112 3113 3212 3211
3241 3113 3114 3213 3212
3242 3114 3115 3214 3213
3243 3115 3116 3215 3214
3244 3116 3117 3216 3215
3245 3117 3118 3217 3216
3246 3118 3119 3218 3217
3247 3119 3120 3219 3218
3248 3120 3121 3220 3219
3249 3121 3122 3221 3220
3250 3122 3123 3222 3221
3251 3123 3124 3223 3222
3252 3124 3125 3224 3223
3253 3125 3126 3225 3224
3254 3126 3127 3226 3225
3255 3127 3128 3227 3226
3256 3128 3129 3228 3227
3257 3129 3130 3229 3228
3258 3130 3131 3230 3229
3259 3131 3132 3231 3230
3260 3132 3133 3232 3231
3261 3133 3134 3233 3232
3262 3134 3135 3234 3233
3263 3135 3136 3235 3234
3264 3136 3137 3236 3235
3265 3137 3138 3237 3236
3266 3138 3139 3238 3237
3267 3139 3140 3239 3238
3268 3140 3141 3240 3239
3269 3141 3142 3241 3240
3270 3142 3143 3242 3241
3271 3143 3144 3243 3242
3272 3144 3145 3244 3243
3273 3145 3146 3245 3244
3274 3146 3147 3246 3245
3275 3147 3148 3247 3246
3276 3148 3149 3248 3247
3277 3149 3150 3249 3248
3278 3150 3151 3250 3249
3279 3151 3152 3251 3250
3280 3152 3153 3252 3251
3281 3153 3154 3253 3252
3282 3154 3155 3254 3253
3283 3155 3156 3255 3254
3284 3156 3157 3256 3255
3285 3157 3158 3257 3256
3286 3158 3159 3258 3257
3287 3159 3160 3259 3258
3288 3160 3161 3260 3259
3289 3161 3162 3261 3260
3290 3162 3163 3262 3261
3291 3163 3164 3263 3262
3292 3164 3165 3264 3263
3293 3165 3166 3265 3264
3294 3166 3167 3266 3265
3295 3167 3168 3267 3266
3296 3168 3169 3268 3267
3297 3169 3170 3269 3268
3298 3170 3171 3270 3269
3299 3171 3172 3271 3270
3300 3172 132 133 3271
3301 372 3173 3272 371
3302 3173 3174 3273 3272
3303 3174 3175 3274 3273
3304 3175 3176 3275 3274
3305 3176 3177 3276 3275
3306 3177 3178 3277 3276
3307 3178 3179 3278 3277
3308 3179 3180 3279 3278
3309 3180 3181 3280 3279
3310 3181 3182 3281 3280
3311 3182 3183 3282 3281
3312 3183 3184 3283 3282
3313 3184 3185 3284 3283
3314 3185 3186 3285 3284
3315 3186 3187 3286 3285
3316 3187 3188 3287 3286
3317 3188 3189 3288 3287
3318 3189 3190 3289 3288
3319 3190 3191 3290 3289
3320 3191 3192 3291 3290
3321 3192 3193 3292 3291
3322 3193 3194 3293 3292
3323 3194 3195 3294 3293
3324 3195 3196 3295 3294
3325 3196 3197 3296 3295
3326 3197 3198 3297 3296
3327 3198 3199 3298 3297
3328 3199 3200 3299 3298
3329 3200 3201 3300 3299
3330 3201 3202 3301 3300
3331 3202 3203 3302 3301
3332 3203 3204 3303 3302
3333 3204 3205 3304 3303
3334 3205 3206 3305 3304
3335 3206 3207 3306 3305
3336 3207 3208 3307 3306
3337 3208 3209 3308 3307
3338 3209 3210 3309 3308
3339 3210 3211 3310 3309
3340 3211 3212 3311 3310
3341 3212 3213 3312 3311
3342 3213 3214 3313 3312
3343 3214 3215 3314 3313
3344 3215 3216 3315 3314
3345 3216 3217 3316 3315
3346 3217 3218 3317 3316
3347 3218 3219 3318 3317
3348 3219 3220 3319 3318
3349 3220 3221 3320 3319
3350 3221 3222 3321 3320
3351 3222 3223 3322 3321
3352 3223 3224 3323 3322
3353 3224 3225 3324 3323
3354 3225 3226 3325 3324
3355 3226 3227 3326 3325
3356 3227 3228 3327 3326
3357 3228 3229 3328 3327
3358 3229 3230 3329 3328
3359 3230 3231 3330 3329
3360 3231 3232 3331 3330
3361 3232 3233 3332 3331
3362 3233 3234 3333 3332
3363 3234 3235 3334 3333
3364 3235 3236 3335 3334
3365 3236 3237 3336 3335
3366 3237 3238 3337 3336
3367 3238 3239 3338 3337
3368 3239 3240 3339 3338
3369 3240 3241 3340 3339
3370 3241 3242 3341 3340
3371 3242 3243 3342 3341
3372 3243 3244 3343 3342
3373 3244 3245 3344 3343
3374 3245 3246 3345 3344
3375 3246 3247 3346 3345
3376 3247 3248 3347 3346
3377 3248 3249 3348 3347
3378 3249 3250 3349 3348
3379 3250 3251 3350 3349
3380 3251 3252 3351 3350
3381 3252 3253 3352 3351
3382 3253 3254 3353 3352
3383 3254 3255 3354 3353
3384 3255 3256 3355 3354
3385 3256 3257 3356 3355
3386 3257 3258 3357 3356
3387 3258 3259 3358 3357
3388 3259 3260 3359 3358
3389 3260 3261 3360 3359
3390 3261 3262 3361 3360
3391 3262 3263 3362 3361
3392 3263 3264 3363 3362
3393 3264 3265 3364 3363
3394 3265 3266 3365 3364
3395 3266 3267 3366 3365
3396 3267 3268 3367 3366
3397 3268 3269 3368 3367
3398 3269 3270 3369 3368
3399 3270 3271 3370 3369
3400 3271 133 134 3370
3401 371 3272 3371 370
3402 3272 3273 3372 3371
3403 3273 3274 3373 3372
3404 3274 3275 3374 3373
3405 3275 3276 3375 3374
3406 3276 3277 3376 3375
3407 3277 3278 3377 3376
3408 3278 3279 3378 3377
3409 3279 3280 3379 3378
3410 3280 3281 3380 3379
3411 3281 3282 3381 3380
3412 3282 3283 3382 3381
3413 3283 3284 3383 3382
3414 3284 3285 3384 3383
3415 3285 3286 3385 3384
3416 3286 3287 3386 3385
3417 3287 3288 3387 3386
3418 3288 3289 3388 3387
3419 3289 3290 3389 3388
3420 3290 3291 3390 3389
3421 3291 3292 3391 3390
3422 3292 3293 3392 3391
3423 3293 3294 3393 3392
3424 3294 3295 3394 3393
3425 3295 3296 3395 3394
3426 3296 3297 3396 3395
3427 3297 3298 3397 3396
3428 3298 3299 3398 3397
3429 3299 3300 3399 3398
3430 3300 3301 3400 3399
3431 3301 3302 3401 3400
3432 3302 3303 3402 3401
3433 3303 3304 3403 3402
3434 3304 3305 3404 3403
3435 3305 3306 3405 3404
3436 3306 3307 3406 3405
3437 3307 3308 3407 3406
3438 3308 3309 3408 3407
3439 3309 3310 3409 3408
3440 3310 3311 3410 3409
3441 3311 3312 3411 3410
3442 3312 3313 3412 3411
3443 3313 3314 3413 3412
3444 3314 3315 3414 3413
3445 3315 3316 3415 3414
3446 3316 3317 3416 3415
3447 3317 3318 3417 3416
3448 3318 3319 3418 3417
3449 3319 3320 3419 3418
3450 3320 3321 3420 3419
3451 3321 3322 3421 3420
3452 3322 3323 3422 3421
3453 3323 3324 3423 3422
3454 3324 3325 3424 3423
3455 3325 3326 3425 3424
3456 3326 3327 3426 3425
3457 3327 3328 3427 3426
3458 3328 3329 3428 3427
3459 3329 3330 3429 3428
3460 3330 3331 3430 3429
3461 3331 3332 3431 3430
3462 3332 3333 3432 3431
3463 3333 3334 3433 3432
3464 3334 3335 3434 3433
3465 3335 3336 3435 3434
3466 3336 3337 3436 3435
3467 3337 3338 3437 3436
3468 3338 3339 3438 3437
3469 3339 3340 3439 3438
3470 3340 3341 3440 3439
3471 3341 3342 3441 3440
3472 3342 3343 3442 3441
3473 3343 3344 3443 3442
3474 3344 3345 3444 3443
3475 3345 3346 3445 3444
3476 3346 3347 3446 3445
3477 3347 3348 3447 3446
3478 3348 3349 3448 3447
3479 3349 3350 3449 3448
3480 3350 3351 3450 3449
3481 3351 3352 3451 3450
3482 3352 3353 3452 3451
3483 3353 3354 3453 3452
3484 3354 3355 3454 3453
3485 3355 3356 3455 3454
3486 3356 3357 3456 3455
3487 3357 3358 3457 3456
3488 3358 3359 3458 3457
3489 3359 3360 3459 3458
3490 3360 3361 3460 3459
3491 3361 3362 3461 3460
3492 3362 3363 3462 3461
3493 3363 3364 3463 3462
3494 3364 3365 3464 3463
3495 3365 3366 3465 3464
3496 3366 3367 3466 3465
3497 3367 3368 3467 3466
3498 3368 3369 3468 3467
3499 3369 3370 3469 3468
3500 3370 134 135 3469
3501 370 3371 3470 369
3502 3371 3372 3471 3470
3503 3372 3373 3472 3471
3504 3373 3374 3473 3472
3505 3374 3375 3474 3473
3506 3375 3376 3475 3474
3507 3376 3377 3476 3475
3508 3377 3378 3477 3476
3509 3378 3379 3478 3477
3510 3379 3380 3479 3478
3511 3380 3381 3480 3479
3512 3381 3382 3481 3480
3513 3382 3383 3482 3481
3514 3383 3384 3483 3482
3515 3384 3385 3484 3483
3516 3385 3386 3485 3484
3517 3386 3387 3486 3485
3518 3387 3388 3487 3486
3519 3388 3389 3488 3487
3520 3389 3390 3489 3488
3521 3390 3391 3490 3489
3522 3391 3392 3491 3490
3523 3392 3393 3492 3491
3524 3393 3394 3493 3492
3525 3394 3395 3494 3493
3526 3395 3396 3495 3494
3527 3396 3397 3496 3495
3528 3397 3398 3497 3496
3529 3398 3399 3498 3497
3530 3399 3400 3499 3498
3531 3400 3401 3500 3499
3532 3401 3402 3501 3500
3533 3402 3403 3502 3501
3534 3403 3404 3503 3502
3535 3404 3405 3504 3503
3536 3405 3406 3505 3504
3537 3406 3407 3506 3505
3538 3407 3408 3507 3506
3539 3408 3409 3508 3507
3540 3409 3410 3509 3508
3541 3410 3411 3510 3509
3542 3411 3412 3511 3510
3543 3412 3413 3512 3511
3544 3413 3414 3513 3512
3545 3414 3415 3514 3513
3546 3415 3416 3515 3514
3547 3416 3417 3516 3515
3548 3417 3418 3517 3516
3549 3418 3419 3518 3517
3550 3419 3420 3519 3518
3551 3420 3421 3520 3519
3552 3421 3422 3521 3520
3553 3422 3423 3522 3521
3554 3423 3424 3523 3522
3555 3424 3425 3524 3523
3556 3425 3426 3525 3524
3557 3426 3427 3526 3525
3558 3427 3428 3527 3526
3559 3428 3429 3528 3527
3560 3429 3430 3529 3528
3561 3430 3431 3530 3529
3562 3431 3432 3531 3530
3563 3432 3433 3532 3531
3564 3433 3434 3533 3532
3565 3434 3435 3534 3533
3566 3435 3436 3535 3534
3567 3436 3437 3536 3535
3568 3437 3438 3537 3536
3569 3438 3439 3538 3537
3570 3439 3440 3539 3538
3571 3440 3441 3540 3539
3572 3441 3442 3541 3540
3573 3442 3443 3542 3541
3574 3443 3444 3543 3542
3575 3444 3445 3544 3543
3576 3445 3446 3545 3544
3577 3446 3447 3546 3545
3578 3447 3448 3547 3546
3579 3448 3449 3548 3547
3580 3449 3450 3549 3548
3581 3450 3451 3550 3549
3582 3451 3452 3551 3550
3583 3452 3453 3552 3551
3584 3453 3454 3553 3552
3585 3454 3455 3554 3553
3586 3455 3456 3555 3554
3587 3456 3457 3556 3555
3588 3457 3458 3557 3556
3589 3458 3459 3558 3557
3590 3459 3460 3559 3558
3591 3460 3461 3560 3559
3592 3461 3462 3561 3560
3593 3462 3463 3562 3561
3594 3463 3464 3563 3562
3595 3464 3465 3564 3563
3596 3465 3466 3565 3564
3597 3466 3467 3566 3565
3598 3467 3468 3567 3566
3599 3468 3469 3568 3567
3600 3469 135 136 3568
3601 369 3470 3569 368
3602 3470 3471 3570 3569
3603 3471 3472 3571 3570
3604 3472 3473 3572 3571
3605 3473 3474 3573 3572
3606 3474 3475 3574 3573
3607 3475 3476 3575 3574
3608 3476 3477 3576 3575
3609 3477 3478 3577 3576
3610 3478 3479 3578 3577
3611 3479 3480 3579 3578
3612 3480 3481 3580 3579
3613 3481 3482 3581 3580
3614 3482 3483 3582 3581
3615 3483 3484 3583 3582
3616 3484 3485 3584 3583
3617 3485 3486 3585 3584
3618 3486 3487 3586 3585
3619 3487 3488 3587 3586
3620 3488 3489 3588 3587
3621 3489 3490 3589 3588
3622 3490 3491 3590 3589
3623 3491 3492 3591 3590
3624 3492 3493 3592 3591
3625 3493 3494 3593 3592
3626 3494 3495 3594 3593
3627 3495 3496 3595 3594
3628 3496 3497 3596 3595
3629 3497 3498 3597 3596
3630 3498 3499 3598 3597
3631 3499 3500 3599 3598
3632 3500 3501 3600 3599
3633 3501 3502 3601 3600
3634 3502 3503 3602 3601
3635 3503 3504 3603 3602
3636 3504 3505 3604 3603
3637 3505 3506 3605 3604
3638 3506 3507 3606 3605
3639 3507 3508 3607 3606
3640 3508 3509 3608 3607
3641 3509 3510 3609 3608
3642 3510 3511 3610 3609
3643 3511 3512 3611 3610
3644 3512 3513 3612 3611
3645 3513 3514 3613 3612
3646 3514 3515 3614 3613
3647 3515 3516 3615 3614
3648 3516 3517 3616 3615
3649 3517 3518 3617 3616
3650 3518 3519 3618 3617
3651 3519 3520 3619 3618
3652 3520 3521 3620 3619
3653 3521 3522 3621 3620
3654 3522 3523 3622 3621
3655 3523 3524 3623 3622
3656 3524 3525 3624 3623
3657 3525 3526 3625 3624
3658 3526 3527 3626 3625
3659 3527 3528 3627 3626
3660 3528 3529 3628 3627
3661 3529 3530 3629 3628
3662 3530 3531 3630 3629
3663 3531 3532 3631 3630
3664 3532 3533 3632 3631
3665 3533 3534 3633 3632
3666 3534 3535 3634 3633
3667 3535 3536 3635 3634
3668 3536 3537 3636 3635
3669 3537 3538 3637 3636
3670 3538 3539 3638 3637
3671 3539 3540 3639 3638
3672 3540 3541 3640 3639
3673 3541 3542 3641 3640
3674 3542 3543 3642 3641
3675 3543 3544 3643 3642
3676 3544 3545 3644 3643
3677 3545 3546 3645 3644
3678 3546 3547 3646 3645
3679 3547 3548 3647 3646
3680 3548 3549 3648 3647
3681 3549 3550 3649 3648
3682 3550 3551 3650 3649
3683 3551 3552 3651 3650
3684 3552 3553 3652 3651
3685 3553 3554 3653 3652
3686 3554 3555 3654 3653
3687 3555 3556 3655 3654
3688 3556 3557 3656 3655
3689 3557 3558 3657 3656
3690 3558 3559 3658 3657
3691 3559 3560 3659 3658
3692 3560 3561 3660 3659
3693 3561 3562 3661 3660
3694 3562 3563 3662 3661
3695 3563 3564 3663 3662
3696 3564 3565 3664 3663
3697 3565 3566 3665 3664
3698 3566 3567 3666 3665
3699 3567 3568 3667 3666
3700 3568 136 137 3667
3701 368 3569 3668 367
3702 3569 3570 3669 3668
3703 3570 3571 3670 3669
3704 3571 3572 3671 3670
3705 3572 3573 3672 3671
3706 3573 3574 3673 3672
3707 3574 3575 3674 3673
3708 3575 3576 3675 3674
3709 3576 3577 3676 3675
3710 3577 3578 3677 3676
3711 3578 3579 3678 3677
3712 3579 3580 3679 3678
3713 3580 3581 3680 3679
3714 3581 3582 3681 3680
3715 3582 3583 3682 3681
3716 3583 3584 3683 3682
3717 3584 3585 3684 3683
3718 3585 3586 3685 3684
3719 3586 3587 3686 3685
3720 3587 3588 3687 3686
3721 3588 3589 3688 3687
3722 3589 3590 3689 3688
3723 3590 3591 3690 3689
3724 3591 3592 3691 3690
3725 3592 3593 3692 3691
3726 3593 3594 3693 3692
3727 3594 3595 3694 3693
3728 3595 3596 3695 3694
3729 3596 3597 3696 3695
3730 3597 3598 3697 3696
3731 3598 3599 3698 3697
3732 3599 3600 3699 3698
3733 3600 3601 3700 3699
3734 3601 3602 3701 3700
3735 3602 3603 3702 3701
3736 3603 3604 3703 3702
3737 3604 3605 3704 3703
3738 3605 3606 3705 3704
3739 3606 3607 3706 3705
3740 3607 3608 3707 3706
3741 3608 3609 3708 3707
3742 3609 3610 3709 3708
3743 3610 3611 3710 3709
3744 3611 3612 3711 3710
3745 3612 3613 3712 3711
3746 3613 3614 3713 3712
3747 3614 3615 3714 3713
3748 3615 3616 3715 3714
3749 3616 3617 3716 3715
3750 3617 3618 3717 3716
3751 3618 3619 3718 3717
3752 3619 3620 3719 3718
3753 3620 3621 3720 3719
3754 3621 3622 3721 3720
3755 3622 3623 3722 3721
3756 3623 3624 3723 3722
3757 3624 3625 3724 3723
3758 3625 3626 3725 3724
3759 3626 3627 3726 3725
3760 3627 3628 3727 3726
3761 3628 3629 3728 3727
3762 3629 3630 3729 3728
3763 3630 3631 3730 3729
3764 3631 3632 3731 3730
3765 3632 3633 3732 3731
3766 3633 3634 3733 3732
3767 3634 3635 3734 3733
3768 3635 3636 3735 3734
3769 3636 3637 3736 3735
3770 3637 3638 3737 3736
3771 3638 3639 3738 3737
3772 3639 3640 3739 3738
3773 3640 3641 3740 3739
3774 3641 3642 3741 3740
3775 3642 3643 3742 3741
3776 3643 3644 3743 3742
3777 3644 3645 3744 3743
3778 3645 3646 3745 3744
3779 3646 3647 3746 3745
3780 3647 3648 3747 3746
3781 3648 3649 3748 3747
3782 3649 3650 3749 3748
3783 3650 3651 3750 3749
3784 3651 3652 3751 3750
3785 3652 3653 3752 3751
3786 3653 3654 3753 3752
3787 3654 3655 3754 3753
3788 3655 3656 3755 3754
3789 3656 3657 3756 3755
3790 3657 3658 3757 3756
3791 3658 3659 3758 3757
3792 3659 3660 3759 3758
3793 3660 3661 3760 3759
3794 3661 3662 3761 3760
3795 3662 3663 3762 3761
3796 3663 3664 3763 3762
3797 3664 3665 3764 3763
3798 3665 3666 3765 3764
3799 3666 3667 3766 3765
3800 3667 137 138 3766
3801 367 3668 3767 366
3802 3668 3669 3768 3767
3803 3669 3670 3769 3768
3804 3670 3671 3770 3769
3805 3671 3672 3771 3770
3806 3672 3673 3772 3771
3807 3673 3674 3773 3772
3808 3674 3675 3774 3773
3809 3675 3676 3775 3774
3810 3676 3677 3776 3775
3811 3677 3678 3777 3776
3812 3678 3679 3778 3777
3813 3679 3680 3779 3778
3814 3680 3681 3780 3779
3815 3681 3682 3781 3780
3816 3682 3683 3782 3781
3817 3683 3684 3783 3782
3818 3684 3685 3784 3783
3819 3685 3686 3785 3784
3820 3686 3687 3786 3785
3821 3687 3688 3787 3786
3822 3688 3689 3788 3787
3823 3689 3690 3789 3788
3824 3690 3691 3790 3789
3825 3691 3692 3791 3790
3826 3692 3693 3792 3791
3827 3693 3694 3793 3792
3828 3694 3695 3794 3793
3829 3695 3696 3795 3794
3830 3696 3697 3796 3795
3831 3697 3698 3797 3796
3832 3698 3699 3798 3797
3833 3699 3700 3799 3798
3834 3700 3701 3800 3799
3835 3701 3702 3801 3800
3836 3702 3703 3802 3801
3837 3703 3704 3803 3802
3838 3704 3705 3804 3803
3839 3705 3706 3805 3804
3840 3706 3707 3806 3805
3841 3707 3708 3807 3806
3842 3708 3709 3808 3807
3843 3709 3710 3809 3808
3844 3710 3711 3810 3809
3845 3711 3712 3811 3810
3846 3712 3713 3812 3811
3847 3713 3714 3813 3812
3848 3714 3715 3814 3813
3849 3715 3716 3815 3814
3850 3716 3717 3816 3815
3851 3717 3718 3817 3816
3852 3718 3719 3818 3817
3853 3719 3720 3819 3818
3854 3720 3721 3820 3819
3855 3721 3722 3821 3820
3856 3722 3723 3822 3821
3857 3723 3724 3823 3822
3858 3724 3725 3824 3823
3859 3725 3726 3825 3824
3860 3726 3727 3826 3825
3861 3727 3728 3827 3826
3862 3728 3729 3828 3827
3863 3729 3730 3829 3828
3864 3730 3731 3830 3829
3865 3731 3732 3831 3830
3866 3732 3733 3832 3831
3867 3733 3734 3833 3832
3868 3734 3735 3834 3833
3869 3735 3736 3835 3834
3870 3736 3737 3836 3835
3871 3737 3738 3837 3836
3872 3738 3739 3838 3837
3873 3739 3740 3839 3838
3874 3740 3741 3840 3839
3875 3741 3742 3841 3840
3876 3742 3743 3842 3841
3877 3743 3744 3843 3842
3878 3744 3745 3844 3843
3879 3745 3746 3845 3844
3880 3746 3747 3846 3845
3881 3747 3748 3847 3846
3882 3748 3749 3848 3847
3883 3749 3750 3849 3848
3884 3750 3751 3850 3849
3885 3751 3752 3851 3850
3886 3752 3753 3852 3851
3887 3753 3754 3853 3852
3888 3754 3755 3854 3853
3889 3755 3756 3855 3854
3890 3756 3757 3856 3855
3891 3757 3758 3857 3856
3892 3758 3759 3858 3857
3893 3759 3760 3859 3858
3894 3760 3761 3860 3859
3895 3761 3762 3861 3860
3896 3762 3763 3862 3861
3897 3763 3764 3863 3862
3898 3764 3765 3864 3863
3899 3765 3766 3865 3864
3900 3766 138 139 3865
3901 366 3767 3866 365
3902 3767 3768 3867 3866
3903 3768 3769 3868 3867
3904 3769 3770 3869 3868
3905 3770 3771 3870 3869
3906 3771 3772 3871 3870
3907 3772 3773 3872 3871
3908 3773 3774 3873 3872
3909 3774 3775 3874 3873
3910 3775 3776 3875 3874
3911 3776 3777 3876 3875
3912 3777 3778 3877 3876
3913 3778 3779 3878 3877
3914 3779 3780 3879 3878
3915 3780 3781 3880 3879
3916 3781 3782 3881 3880
3917 3782 3783 3882 3881
3918 3783 3784 3883 3882
3919 3784 3785 3884 3883
3920 3785 3786 3885 3884
3921 3786 3787 3886 3885
3922 3787 3788 3887 3886
3923 3788 3789 3888 3887
3924 3789 3790 3889 3888
3925 3790 3791 3890 3889
3926 3791 3792 3891 3890
3927 3792 3793 3892 3891
3928 3793 3794 3893 3892
3929 3794 3795 3894 3893
3930 3795 3796 3895 3894
3931 3796 3797 3896 3895
3932 3797 3798 3897 3896
3933 3798 3799 3898 3897
3934 3799 3800 3899 3898
3935 3800 3801 3900 3899
3936 3801 3802 3901 3900
3937 3802 3803 3902 3901
3938 3803 3804 3903 3902
3939 3804 3805 3904 3903
3940 3805 3806 3905 3904
3941 3806 3807 3906 3905
3942 3807 3808 3907 3906
3943 3808 3809 3908 3907
3944 3809 3810 3909 3908
3945 3810 3811 3910 3909
3946 3811 3812 3911 3910
3947 3812 3813 3912 3911
3948 3813 3814 3913 3912
3949 3814 3815 3914 3913
3950 3815 3816 3915 3914
3951 3816 3817 3916 3915
3952 3817 3818 3917 3916
3953 3818 3819 3918 3917
3954 3819 3820 3919 3918
3955 3820 3821 3920 3919
3956 3821 3822 3921 3920
3957 3822 3823 3922 3921
3958 3823 3824 3923 3922
3959 3824 3825 3924 3923
3960 3825 3826 3925 3924
3961 3826 3827 3926 3925
3962 3827 3828 3927 3926
3963 3828 3829 3928 3927
3964 3829 3830 3929 3928
3965 3830 3831 3930 3929
3966 3831 3832 3931 3930
3967 3832 3833 3932 3931
3968 3833 3834 3933 3932
3969 3834 3835 3934 3933
3970 3835 3836 3935 3934
3971 3836 3837 3936 3935
3972 3837 3838 3937 3936
3973 3838 3839 3938 3937
3974 3839 3840 3939 3938
3975 3840 3841 3940 3939
3976 3841 3842 3941 3940
3977 3842 3843 3942 3941
3978 3843 3844 3943 3942
3979 3844 3845 3944 3943
3980 3845 3846 3945 3944
3981 3846 3847 3946 3945
3982 3847 3848 3947 3946
3983 3848 3849 3948 3947
3984 3849 3850 3949 3948
3985 3850 3851 3950 3949
3986 3851 3852 3951 3950
3987 3852 3853 3952 3951
3988 3853 3854 3953 3952
3989 3854 3855 3954 3953
3990 3855 3856 3955 3954
3991 3856 3857 3956 3955
3992 3857 3858 3957 3956
3993 3858 3859 3958 3957
3994 3859 3860 3959 3958
3995 3860 3861 3960 3959
3996 3861 3862 3961 3960
3997 3862 3863 3962 3961
3998 3863 3864 3963 3962
3999 3864 3865 3964 3963
4000 3865 139 140 3964
4001 365 3866 3965 364
4002 3866 3867 3966 3965
4003 3867 3868 3967 3966
4004 3868 3869 3968 3967
4005 3869 3870 3969 3968
4006 3870 3871 3970 3969
4007 3871 3872 3971 3970
4008 3872 3873 3972 3971
4009 3873 3874 3973 3972
4010 3874 3875 3974 3973
4011 3875 3876 3975 3974
4012 3876 3877 3976 3975
4013 3877 3878 3977 3976
4014 3878 3879 3978 3977
4015 3879 3880 3979 3978
4016 3880 3881 3980 3979
4017 3881 3882 3981 3980
4018 3882 3883 3982 3981
4019 3883 3884 3983 3982
4020 3884 3885 3984 3983
4021 3885 3886 3985 3984
4022 3886 3887 3986 3985
4023 3887 3888 3987 3986
4024 3888 3889 3988 3987
4025 3889 3890 3989 3988
4026 3890 3891 3990 3989
4027 3891 3892 3991 3990
4028 3892 3893 3992 3991
4029 3893 3894 3993 3992
4030 3894 3895 3994 3993
4031 3895 3896 3995 3994
4032 3896 3897 3996 3995
4033 3897 3898 3997 3996
4034 3898 3899 3998 3997
4035 3899 3900 3999 3998
4036 3900 3901 4000 3999
4037 3901 3902 4001 4000
4038 3902 3903 4002 4001
4039 3903 3904 4003 4002
4040 3904 3905 4004 4003
4041 3905 3906 4005 4004
4042 3906 3907 4006 4005
4043 3907 3908 4007 4006
4044 3908 3909 4008 4007
4045 3909 3910 4009 4008
4046 3910 3911 4010 4009
4047 3911 3912 4011 4010
4048 3912 3913 4012 4011
4049 3913 3914 4013 4012
4050 3914 3915 4014 4013
4051 3915 3916 4015 4014
4052 3916 3917 4016 4015
4053 3917 3918 4017 4016
4054 3918 3919 4018 4017
4055 3919 3920 4019 4018
4056 3920 3921 4020 4019
4057 3921 3922 4021 4020
4058 3922 3923 4022 4021
4059 3923 3924 4023 4022
4060 3924 3925 4024 4023
4061 3925 3926 4025 4024
4062 3926 3927 4026 4025
4063 3927 3928 4027 4026
4064 3928 3929 4028 4027
4065 3929 3930 4029 4028
4066 3930 3931 4030 4029
4067 3931 3932 4031 4030
4068 3932 3933 4032 4031
4069 3933 3934 4033 4032
4070 3934 3935 4034 4033
4071 3935 3936 4035 4034
4072 3936 3937 4036 4035
4073 3937 3938 4037 4036
4074 3938 3939 4038 4037
4075 3939 3940 4039 4038
4076 3940 3941 4040 4039
4077 3941 3942 4041 4040
4078 3942 3943 4042 4041
4079 3943 3944 4043 4042
4080 3944 3945 4044 4043
4081 3945 3946 4045 4044
4082 3946 3947 4046 4045
4083 3947 3948 4047 4046
4084 3948 3949 4048 4047
4085 3949 3950 4049 4048
4086 3950 3951 4050 4049
4087 3951 3952 4051 4050
4088 3952 3953 4052 4051
4089 3953 3954 4053 4052
4090 3954 3955 4054 4053
4091 3955 3956 4055 4054
4092 3956 3957 4056 4055
4093 3957 3958 4057 4056
4094 3958 3959 4058 4057
4095 3959 3960 4059 4058
4096 3960 3961 4060 4059
4097 3961 3962 4061 4060
4098 3962 3963 4062 4061
4099 3963 3964 4063 4062
4100 3964 140 141 4063
4101 364 3965 4064 363
4102 3965 3966 4065 4064
4103 3966 3967 4066 4065
4104 3967 3968 4067 4066
4105 3968 3969 4068 4067
4106 3969 3970 4069 4068
4107 3970 3971 4070 4069
4108 3971 3972 4071 4070
4109 3972 3973 4072 4071
4110 3973 3974 4073 4072
4111 3974 3975 4074 4073
4112 3975 3976 4075 4074
4113 3976 3977 4076 4075
4114 3977 3978 4077 4076
4115 3978 3979 4078 4077
4116 3979 3980 4079 4078
4117 3980 3981 4080 4079
4118 3981 3982 4081 4080
4119 3982 3983 4082 4081
4120 3983 3984 4083 4082
4121 3984 3985 4084 4083
4122 3985 3986 4085 4084
4123 3986 3987 4086 4085
4124 3987 3988 4087 4086
4125 3988 3989 4088 4087
4126 3989 3990 4089 4088
4127 3990 3991 4090 4089
4128 3991 3992 4091 4090
4129 3992 3993 4092 4091
4130 3993 3994 4093 4092
4131 3994 3995 4094 4093
4132 3995 3996 4095 4094
4133 3996 3997 4096 4095
4134 3997 3998 4097 4096
4135 3998 3999 4098 4097
4136 3999 4000 4099 4098
4137 4000 4001 4100 4099
4138 4001 4002 4101 4100
4139 4002 4003 4102 4101
4140 4003 4004 4103 4102
4141 4004 4005 4104 4103
4142 4005 4006 4105 4104
4143 4006 4007 4106 4105
4144 4007 4008 4107 4106
4145 4008 4009 4108 4107
4146 4009 4010 4109 4108
4147 4010 4011 4110 4109
4148 4011 4012 4111 4110
4149 4012 4013 4112 4111
4150 4013 4014 4113 4112
4151 4014 4015 4114 4113
4152 4015 4016 4115 4114
4153 4016 4017 4116 4115
4154 4017 4018 4117 4116
4155 4018 4019 4118 4117
4156 4019 4020 4119 4118
4157 4020 4021 4120 4119
4158 4021 4022 4121 4120
4159 4022 4023 4122 4121
4160 4023 4024 4123 4122
4161 4024 4025 4124 4123
4162 4025 4026 4125 4124
4163 4026 4027 4126 4125
4164 4027 4028 4127 4126
4165 4028 4029 4128 4127
4166 4029 4030 4129 4128
4167 4030 4031 4130 4129
4168 4031 4032 4131 4130
4169 4032 4033 4132 4131
4170 4033 4034 4133 4132
4171 4034 4035 4134 4133
4172 4035 4036 4135 4134
4173 4036 4037 4136 4135
4174 4037 4038 4137 4136
4175 4038 4039 4138 4137
4176 4039 4040 4139 4138
4177 4040 4041 4140 4139
4178 4041 4042 4141 4140
4179 4042 4043 4142 4141
4180 4043 4044 4143 4142
4181 4044 4045 4144 4143
4182 4045 4046 4145 4144
4183 4046 4047 4146 4145
4184 4047 4048 4147 4146
4185 4048 4049 4148 4147
4186 4049 4050 4149 4148
4187 4050 4051 4150 4149
4188 4051 4052 4151 4150
4189 4052 4053 4152 4151
4190 4053 4054 4153 4152
4191 4054 4055 4154 4153
4192 4055 4056 4155 4154
4193 4056 4057 4156 4155
4194 4057 4058 4157 4156
4195 4058 4059 4158 4157
4196 4059 4060 4159 4158
4197 4060 4061 4160 4159
4198 4061 4062 4161 4160
4199 4062 4063 4162 4161
4200 4063 141 142 4162
4201 363 4064 4163 362
4202 4064 4065 4164 4163
4203 4065 4066 4165 4164
4204 4066 4067 4166 4165
4205 4067 4068 4167 4166
4206 4068 4069 4168 4167
4207 4069 4070 4169 4168
4208 4070 4071 4170 4169
4209 4071 4072 4171 4170
4210 4072 4073 4172 4171
4211 4073 4074 4173 4172
4212 4074 4075 4174 4173
4213 4075 4076 4175 4174
4214 4076 4077 4176 4175
4215 4077 4078 4177 4176
4216 4078 4079 4178 4177
4217 4079 4080 4179 4178
4218 4080 4081 4180 4179
4219 4081 4082 4181 4180
4220 4082 4083 4182 4181
4221 4083 4084 4183 4182
4222 4084 4085 4184 4183
4223 4085 4086 4185 4184
4224 4086 4087 4186 4185
4225 4087 4088 4187 4186
4226 4088 4089 4188 4187
4227 4089 4090 4189 4188
4228 4090 4091 4190 4189
4229 4091 4092 4191 4190
4230 4092 4093 4192 4191
4231 4093 4094 4193 4192
4232 4094 4095 4194 4193
4233 4095 4096 4195 4194
4234 4096 4097 4196 4195
4235 4097 4098 4197 4196
4236 4098 4099 4198 4197
4237 4099 4100 4199 4198
4238 4100 4101 4200 4199
4239 4101 4102 4201 4200
4240 4102 4103 4202 4201
4241 4103 4104 4203 4202
4242 4104 4105 4204 4203
4243 4105 4106 4205 4204
4244 4106 4107 4206 4205
4245 4107 4108 4207 4206
4246 4108 4109 4208 4207
4247 4109 4110 4209 4208
4248 4110 4111 4210 4209
4249 4111 4112 4211 4210
4250 4112 4113 4212 4211
4251 4113 4114 4213 4212
4252 4114 4115 4214 4213
4253 4115 4116 4215 4214
4254 4116 4117 4216 4215
4255 4117 4118 4217 4216
4256 4118 4119 4218 4217
4257 4119 4120 4219 4218
4258 4120 4121 4220 4219
4259 4121 4122 4221 4220
4260 4122 4123 4222 4221
4261 4123 4124 4223 4222
4262 4124 4125 4224 4223
4263 4125 4126 4225 4224
4264 4126 4127 4226 4225
4265 4127 4128 4227 4226
4266 4128 4129 4228 4227
4267 4129 4130 4229 4228
4268 4130 4131 4230 4229
4269 4131 4132 4231 4230
4270 4132 4133 4232 4231
4271 4133 4134 4233 4232
4272 4134 4135 4234 4233
4273 4135 4136 4235 4234
4274 4136 4137 4236 4235
4275 4137 4138 4237 4236
4276 4138 4139 4238 4237
4277 4139 4140 4239 4238
4278 4140 4141 4240 4239
4279 4141 4142 4241 4240
4280 4142 4143 4242 4241
4281 4143 4144 4243 4242
4282 4144 4145 4244 4243
4283 4145 4146 4245 4244
4284 4146 4147 4246 4245
4285 4147 4148 4247 4246
4286 4148 4149 4248 4247
4287 4149 4150 4249 4248
4288 4150 4151 4250 4249
4289 4151 4152 4251 4250
4290 4152 4153 4252 4251
4291 4153 4154 4253 4252
4292 4154 4155 4254 4253
4293 4155 4156 4255 4254
4294 4156 4157 4256 4255
4295 4157 4158 4257 4256
4296 4158 4159 4258 4257
4297 4159 4160 4259 4258
4298 4160 4161 4260 4259
4299 4161 4162 4261 4260
4300 4162 142 143 4261
4301 362 4163 4262 5
4302 4163 4164 4263 4262
4303 4164 4165 4264 4263
4304 4165 4166 4265 4264
4305 4166 4167 4266 4265
4306 4167 4168 4267 4266
4307 4168 4169 4268 4267
4308 4169 4170 4269 4268
4309 4170 4171 4270 4269
4310 4171 4172 4271 4270
4311 4172 4173 4272 4271
4312 4173 4174 4273 4272
4313 4174 4175 4274 4273
4314 4175 4176 4275 4274
4315 4176 4177 4276 4275
4316 4177 4178 4277 4276
4317 4178 4179 4278 4277
4318 4179 4180 4279 4278
4319 4180 4181 4280 4279
4320 4181 4182 4281 4280
4321 4182 4183 4282 4281
4322 4183 4184 4283 4282
4323 4184 4185 4284 4283
4324 4185 4186 4285 4284
4325 4186 4187 4286 4285
4326 4187 4188 4287 4286
4327 4188 4189 4288 4287
4328 4189 4190 4289 4288
4329 4190 4191 4290 4289
4330 4191 4192 4291 4290
4331 4192 4193 4292 4291
4332 4193 4194 4293 4292
4333 4194 4195 4294 4293
4334 4195 4196 4295 4294
4335 4196 4197 4296 4295
4336 4197 4198 4297 4296
4337 4198 4199 4298 4297
4338 4199 4200 4299 4298
4339 4200 4201 4300 4299
4340 4201 4202 4301 4300
4341 4202 4203 4302 4301
4342 4203 4204 4303 4302
4343 4204 4205 4304 4303
4344 4205 4206 4305 4304
4345 4206 4207 4306 4305
4346 4207 4208 4307 4306
4347 4208 4209 4308 4307
4348 4209 4210 4309 4308
4349 4210 4211 4310 4309
4350 4211 4212 4311 4310
4351 4212 4213 4312 4311
4352 4213 4214 4313 4312
4353 4214 4215 4314 4313
4354 4215 4216 4315 4314
4355 4216 4217 4316 4315
4356 4217 4218 4317 4316
4357 4218 4219 4318 4317
4358 4219 4220 4319 4318
4359 4220 4221 4320 4319
4360 4221 4222 4321 4320
4361 4222 4223 4322 4321
4362 4223 4224 4323 4322
4363 4224 4225 4324 4323
4364 4225 4226 4325 4324
4365 4226 4227 4326 4325
4366 4227 4228 4327 4326
4367 4228 4229 4328 4327
4368 4229 4230 4329 4328
4369 4230 4231 4330 4329
4370 4231 4232 4331 4330
4371 4232 4233 4332 4331
4372 4233 4234 4333 4332
4373 4234 4235 4334 4333
4374 4235 4236 4335 4334
4375 4236 4237 4336 4335
4376 4237 4238 4337 4336
4377 4238 4239 4338 4337
4378 4239 4240 4339 4338
4379 4240 4241 4340 4339
4380 4241 4242 4341 4340
4381 4242 4243 4342 4341
4382 4243 4244 4343 4342
4383 4244 4245 4344 4343
4384 4245 4246 4345 4344
4385 4246 4247 4346 4345
4386 4247 4248 4347 4346
4387 4248 4249 4348 4347
4388 4249 4250 4349 4348
4389 4250 4251 4350 4349
4390 4251 4252 4351 4350
4391 4252 4253 4352 4351
4392 4253 4254 4353 4352
4393 4254 4255 4354 4353
4394 4255 4256 4355 4354
4395 4256 4257 4356 4355
4396 4257 4258 4357 4356
4397 4258 4259 4358 4357
4398 4259 4260 4359 4358
4399 4260 4261 4360 4359
4400 4261 143 144 4360
4401 5 4262 4361 361
4402 4262 4263 4362 4361
4403 4263 4264 4363 4362
4404 4264 4265 4364 4363
4405 4265 4266 4365 4364
4406 4266 4267 4366 4365
4407 4267 4268 4367 4366
4408 4268 4269 4368 4367
4409 4269 4270 4369 4368
4410 4270 4271 4370 4369
4411 4271 4272 4371 4370
4412 4272 4273 4372 4371
4413 4273 4274 4373 4372
4414 4274 4275 4374 4373
4415 4275 4276 4375 4374
4416 4276 4277 4376 4375
4417 4277 4278 4377 4376
4418 4278 4279 4378 4377
4419 4279 4280 4379 4378
4420 4280 4281 4380 4379
4421 4281 4282 4381 4380
4422 4282 4283 4382 4381
4423 4283 4284 4383 4382
4424 4284 4285 4384 4383
4425 4285 4286 4385 4384
4426 4286 4287 4386 4385
4427 4287 4288 4387 4386
4428 4288 4289 4388 4387
4429 4289 4290 4389 4388
4430 4290 4291 4390 4389
4431 4291 4292 4391 4390
4432 4292 4293 4392 4391
4433 4293 4294 4393 4392
4434 4294 4295 4394 4393
4435 4295 4296 4395 4394
4436 4296 4297 4396 4395
4437 4297 4298 4397 4396
4438 4298 4299 4398 4397
4439 4299 4300 4399 4398
4440 4300 4301 4400 4399
4441 4301 4302 4401 4400
4442 4302 4303 4402 4401
4443 4303 4304 4403 4402
4444 4304 4305 4404 4403
4445 4305 4306 4405 4404
4446 4306 4307 4406 4405
4447 4307 4308 4407 4406
4448 4308 4309 4408 4407
4449 4309 4310 4409 4408
4450 4310 4311 4410 4409
4451 4311 4312 4411 4410
4452 4312 4313 4412 4411
4453 4313 4314 4413 4412
4454 4314 4315 4414 4413
4455 4315 4316 4415 4414
4456 4316 4317 4416 4415
4457 4317 4318 4417 4416
4458 4318 4319 4418 4417
4459 4319 4320 4419 4418
4460 4320 4321 4420 4419
4461 4321 4322 4421 4420
4462 4322 4323 4422 4421
4463 4323 4324 4423 4422
4464 4324 4325 4424 4423
4465 4325 4326 4425 4424
4466 4326 4327 4426 4425
4467 4327 4328 4427 4426
4468 4328 4329 4428 4427
4469 4329 4330 4429 4428
4470 4330 4331 4430 4429
4471 4331 4332 4431 4430
4472 4332 4333 4432 4431
4473 4333 4334 4433 4432
4474 4334 4335 4434 4433
4475 4335 4336 4435 4434
4476 4336 4337 4436 4435
4477 4337 4338 4437 4436
4478 4338 4339 4438 4437
4479 4339 4340 4439 4438
4480 4340 4341 4440 4439
4481 4341 4342 4441 4440
4482 4342 4343 4442 4441
4483 4343 4344 4443 4442
4484 4344 4345 4444 4443
4485 4345 4346 4445 4444
4486 4346 4347 4446 4445
4487 4347 4348 4447 4446
4488 4348 4349 4448 4447
4489 4349 4350 4449 4448
4490 4350 4351 4450 4449
4491 4351 4352 4451 4450
4492 4352 4353 4452 4451
4493 4353 4354 4453 4452
4494 4354 4355 4454 4453
4495 4355 4356 4455 4454
4496 4356 4357 4456 4455
4497 4357 4358 4457 4456
4498 4358 4359 4458 4457
4499 4359 4360 4459 4458
4500 4360 144 145 4459
4501 361 4361 4460 360
4502 4361 4362 4461 4460
4503 4362 4363 4462 4461
4504 4363 4364 4463 4462
4505 4364 4365 4464 4463
4506 4365 4366 4465 4464
4507 4366 4367 4466 4465
4508 4367 4368 4467 4466
4509 4368 4369 4468 4467
4510 4369 4370 4469 4468
4511 4370 4371 4470 4469
4512 4371 4372 4471 4470
4513 4372 4373 4472 4471
4514 4373 4374 4473 4472
4515 4374 4375 4474 4473
4516 4375 4376 4475 4474
4517 4376 4377 4476 4475
4518 4377 4378 4477 4476
4519 4378 4379 4478 4477
4520 4379 4380 4479 4478
4521 4380 4381 4480 4479
4522 4381 4382 4481 4480
4523 4382 4383 4482 4481
4524 4383 4384 4483 4482
4525 4384 4385 4484 4483
4526 4385 4386 4485 4484
4527 4386 4387 4486 4485
4528 4387 4388 4487 4486
4529 4388 4389 4488 4487
4530 4389 4390 4489 4488
4531 4390 4391 4490 4489
4532 4391 4392 4491 4490
4533 4392 4393 4492 4491
4534 4393 4394 4493 4492
4535 4394 4395 4494 4493
4536 4395 4396 4495 4494
4537 4396 4397 4496 4495
4538 4397 4398 4497 4496
4539 4398 4399 4498 4497
4540 4399 4400 4499 4498
4541 4400 4401 4500 4499
4542 4401 4402 4501 4500
4543 4402 4403 4502 4501
4544 4403 4404 4503 4502
4545 4404 4405 4504 4503
4546 4405 4406 4505 4504
4547 4406 4407 4506 4505
4548 4407 4408 4507 4506
4549 4408 4409 4508 4507
4550 4409 4410 4509 4508
4551 4410 4411 4510 4509
4552 4411 4412 4511 4510
4553 4412 4413 4512 4511
4554 4413 4414 4513 4512
4555 4414 4415 4514 4513
4556 4415 4416 4515 4514
4557 4416 4417 4516 4515
4558 4417 4418 4517 4516
4559 4418 4419 4518 4517
4560 4419 4420 4519 4518
4561 4420 4421 4520 4519
4562 4421 4422 4521 4520
4563 4422 4423 4522 4521
4564 4423 4424 4523 4522
4565 4424 4425 4524 4523
4566 4425 4426 4525 4524
4567 4426 4427 4526 4525
4568 4427 4428 4527 4526
4569 4428 4429 4528 4527
4570 4429 4430 4529 4528
4571 4430 4431 4530 4529
4572 4431 4432 4531 4530
4573 4432 4433 4532 4531
4574 4433 4434 4533 4532
4575 4434 4435 4534 4533
4576 4435 4436 4535 4534
4577 4436 4437 4536 4535
4578 4437 4438 4537 4536
4579 4438 4439 4538 4537
4580 4439 4440 4539 4538
4581 4440 4441 4540 4539
4582 4441 4442 4541 4540
4583 4442 4443 4542 4541
4584 4443 4444 4543 4542
4585 4444 4445 4544 4543
4586 4445 4446 4545 4544
4587 4446 4447 4546 4545
4588 4447 4448 4547 4546
4589 4448 4449 4548 4547
4590 4449 4450 4549 4548
4591 4450 4451 4550 4549
4592 4451 4452 4551 4550
4593 4452 4453 4552 4551
4594 4453 4454 4553 4552
4595 4454 4455 4554 4553
4596 4455 4456 4555 4554
4597 4456 4457 4556 4555
4598 4457 4458 4557 4556
4599 4458 4459 4558 4557
4600 4459 145 146 4558
4601 360 4460 4559 359
4602 4460 4461 4560 4559
4603 4461 4462 4561 4560
4604 4462 4463 4562 4561
4605 4463 4464 4563 4562
4606 4464 4465 4564 4563
4607 4465 4466 4565 4564
4608 4466 4467 4566 4565
4609 4467 4468 4567 4566
4610 4468 4469 4568 4567
4611 4469 4470 4569 4568
4612 4470 4471 4570 4569
4613 4471 4472 4571 4570
4614 4472 4473 4572 4571
4615 4473 4474 4573 4572
4616 4474 4475 4574 4573
4617 4475 4476 4575 4574
4618 4476 4477 4576 4575
4619 4477 4478 4577 4576
4620 4478 4479 4578 4577
4621 4479 4480 4579 4578
4622 4480 4481 4580 4579
4623 4481 4482 4581 4580
4624 4482 4483 4582 4581
4625 4483 4484 4583 4582
4626 4484 4485 4584 4583
4627 4485 4486 4585 4584
4628 4486 4487 4586 4585
4629 4487 4488 4587 4586
4630 4488 4489 4588 4587
4631 4489 4490 4589 4588
4632 4490 4491 4590 4589
4633 4491 4492 4591 4590
4634 4492 4493 4592 4591
4635 4493 4494 4593 4592
4636 4494 4495 4594 4593
4637 4495 4496 4595 4594
4638 4496 4497 4596 4595
4639 4497 4498 4597 4596
4640 4498 4499 4598 4597
4641 4499 4500 4599 4598
4642 4500 4501 4600 4599
4643 4501 4502 4601 4600
4644 4502 4503 4602 4601
4645 4503 4504 4603 4602
4646 4504 4505 4604 4603
4647 4505 4506 4605 4604
4648 4506 4507 4606 4605
4649 4507 4508 4607 4606
4650 4508 4509 4608 4607
4651 4509 4510 4609 4608
4652 4510 4511 4610 4609
4653 4511 4512 4611 4610
4654 4512 4513 4612 4611
4655 4513 4514 4613 4612
4656 4514 4515 4614 4613
4657 4515 4516 4615 4614
4658 4516 4517 4616 4615
4659 4517 4518 4617 4616
4660 4518 4519 4618 4617
4661 4519 4520 4619 4618
4662 4520 4521 4620 4619
4663 4521 4522 4621 4620
4664 4522 4523 4622 4621
4665 4523 4524 4623 4622
4666 4524 4525 4624 4623
4667 4525 4526 4625 4624
4668 4526 4527 4626 4625
4669 4527 4528 4627 4626
4670 4528 4529 4628 4627
4671 4529 4530 4629 4628
4672 4530 4531 4630 4629
4673 4531 4532 4631 4630
4674 4532 4533 4632 4631
4675 4533 4534 4633 4632
4676 4534 4535 4634 4633
4677 4535 4536 4635 4634
4678 4536 4537 4636 4635
4679 4537 4538 4637 4636
4680 4538 4539 4638 4637
4681 4539 4540 4639 4638
4682 4540 4541 4640 4639
4683 4541 4542 4641 4640
4684 4542 4543 4642 4641
4685 4543 4544 4643 4642
4686 4544 4545 4644 4643
4687 4545 4546 4645 4644
4688 4546 4547 4646 4645
4689 4547 4548 4647 4646
4690 4548 4549 4648 4647
4691 4549 4550 4649 4648
4692 4550 4551 4650 4649
4693 4551 4552 4651 4650
4694 4552 4553 4652 4651
4695 4553 4554 4653 4652
4696 4554 4555 4654 4653
4697 4555 4556 4655 4654
4698 4556 4557 4656 4655
4699 4557 4558 4657 4656
4700 4558 146 147 4657
4701 359 4559 4658 358
4702 4559 4560 4659 4658
4703 4560 4561 4660 4659
4704 4561 4562 4661 4660
4705 4562 4563 4662 4661
4706 4563 4564 4663 4662
4707 4564 4565 4664 4663
4708 4565 4566 4665 4664
4709 4566 4567 4666 4665
4710 4567 4568 4667 4666
4711 4568 4569 4668 4667
4712 4569 4570 4669 4668
4713 4570 4571 4670 4669
4714 4571 4572 4671 4670
4715 4572 4573 4672 4671
4716 4573 4574 4673 4672
4717 4574 4575 4674 4673
4718 4575 4576 4675 4674
4719 4576 4577 4676 4675
4720 4577 4578 4677 4676
4721 4578 4579 4678 4677
4722 4579 4580 4679 4678
4723 4580 4581 4680 4679
4724 4581 4582 4681 4680
4725 4582 4583 4682 4681
4726 4583 4584 4683 4682
4727 4584 4585 4684 4683
4728 4585 4586 4685 4684
4729 4586 4587 4686 4685
4730 4587 4588 4687 4686
4731 4588 4589 4688 4687
4732 4589 4590 4689 4688
4733 4590 4591 4690 4689
4734 4591 4592 4691 4690
4735 4592 4593 4692 4691
4736 4593 4594 4693 4692
4737 4594 4595 4694 4693
4738 4595 4596 4695 4694
4739 4596 4597 4696 4695
4740 4597 4598 4697 4696
4741 4598 4599 4698 4697
4742 4599 4600 4699 4698
4743 4600 4601 4700 4699
4744 4601 4602 4701 4700
4745 4602 4603 4702 4701
4746 4603 4604 4703 4702
4747 4604 4605 4704 4703
4748 4605 4606 4705 4704
4749 4606 4607 4706 4705
4750 4607 4608 4707 4706
4751 4608 4609 4708 4707
4752 4609 4610 4709 4708
4753 4610 4611 4710 4709
4754 4611 4612 4711 4710
4755 4612 4613 4712 4711
4756 4613 4614 4713 4712
4757 4614 4615 4714 4713
4758 4615 4616 4715 4714
4759 4616 4617 4716 4715
4760 4617 4618 4717 4716
4761 4618 4619 4718 4717
4762 4619 4620 4719 4718
4763 4620 4621 4720 4719
4764 4621 4622 4721 4720
4765 4622 4623 4722 4721
4766 4623 4624 4723 4722
4767 4624 4625 4724 4723
4768 4625 4626 4725 4724
4769 4626 4627 4726 4725
4770 4627 4628 4727 4726
4771 4628 4629 4728 4727
4772 4629 4630 4729 4728
4773 4630 4631 4730 4729
4774 4631 4632 4731 4730
4775 4632 4633 4732 4731
4776 4633 4634 4733 4732
4777 4634 4635 4734 4733
4778 4635 4636 4735 4734
4779 4636 4637 4736 4735
4780 4637 4638 4737 4736
4781 4638 4639 4738 4737
4782 4639 4640 4739 4738
4783 4640 4641 4740 4739
4784 4641 4642 4741 4740
4785 4642 4643 4742 4741
4786 4643 4644 4743 4742
4787 4644 4645 4744 4743
4788 4645 4646 4745 4744
4789 4646 4647 4746 4745
4790 4647 4648 4747 4746
4791 4648 4649 4748 4747
4792 4649 4650 4749 4748
4793 4650 4651 4750 4749
4794 4651 4652 4751 4750
4795 4652 4653 4752 4751
4796 4653 4654 4753 4752
4797 4654 4655 4754 4753
4798 4655 4656 4755 4754
4799 4656 4657 4756 4755
4800 4657 147 148 4756
4801 358 4658 4757 357
4802 4658 4659 4758 4757
4803 4659 4660 4759 4758
4804 4660 4661 4760 4759
4805 4661 4662 4761 4760
4806 4662 4663 4762 4761
4807 4663 4664 4763 4762
4808 4664 4665 4764 4763
4809 4665 4666 4765 4764
4810 4666 4667 4766 4765
4811 4667 4668 4767 4766
4812 4668 4669 4768 4767
4813 4669 4670 4769 4768
4814 4670 4671 4770 4769
4815 4671 4672 4771 4770
4816 4672 4673 4772 4771
4817 4673 4674 4773 4772
4818 4674 4675 4774 4773
4819 4675 4676 4775 4774
4820 4676 4677 4776 4775
4821 4677 4678 4777 4776
4822 4678 4679 4778 4777
4823 4679 4680 4779 4778
4824 4680 4681 4780 4779
4825 4681 4682 4781 4780
4826 4682 4683 4782 4781
4827 4683 4684 4783 4782
4828 4684 4685 4784 4783
4829 4685 4686 4785 4784
4830 4686 4687 4786 4785
4831 4687 4688 4787 4786
4832 4688 4689 4788 4787
4833 4689 4690 4789 4788
4834 4690 4691 4790 4789
4835 4691 4692 4791 4790
4836 4692 4693 4792 4791
4837 4693 4694 4793 4792
4838 4694 4695 4794 4793
4839 4695 4696 4795 4794
4840 4696 4697 4796 4795
4841 4697 4698 4797 4796
4842 4698 4699 4798 4797
4843 4699 4700 4799 4798
4844 4700 4701 4800 4799
4845 4701 4702 4801 4800
4846 4702 4703 4802 4801
4847 4703 4704 4803 4802
4848 4704 4705 4804 4803
4849 4705 4706 4805 4804
4850 4706 4707 4806 4805
4851 4707 4708 4807 4806
4852 4708 4709 4808 4807
4853 4709 4710 4809 4808
4854 4710 4711 4810 4809
4855 4711 4712 4811 4810
4856 4712 4713 4812 4811
4857 4713 4714 4813 4812
4858 4714 4715 4814 4813
4859 4715 4716 4815 4814
4860 4716 4717 4816 4815
4861 4717 4718 4817 4816
4862 4718 4719 4818 4817
4863 4719 4720 4819 4818
4864 4720 4721 4820 4819
4865 4721 4722 4821 4820
4866 4722 4723 4822 4821
4867 4723 4724 4823 4822
4868 4724 4725 4824 4823
4869 4725 4726 4825 4824
4870 4726 4727 4826 4825
4871 4727 4728 4827 4826
4872 4728 4729 4828 4827
4873 4729 4730 4829 4828
4874 4730 4731 4830 4829
4875 4731 4732 4831 4830
4876 4732 4733 4832 4831
4877 4733 4734 4833 4832
4878 4734 4735 4834 4833
4879 4735 4736 4835 4834
4880 4736 4737 4836 4835
4881 4737 4738 4837 4836
4882 4738 4739 4838 4837
4883 4739 4740 4839 4838
4884 4740 4741 4840 4839
4885 4741 4742 4841 4840
4886 4742 4743 4842 4841
4887 4743 4744 4843 4842
4888 4744 4745 4844 4843
4889 4745 4746 4845 4844
4890 4746 4747 4846 4845
4891 4747 4748 4847 4846
4892 4748 4749 4848 4847
4893 4749 4750 4849 4848
4894 4750 4751 4850 4849
4895 4751 4752 4851 4850
4896 4752 4753 4852 4851
4897 4753 4754 4853 4852
4898 4754 4755 4854 4853
4899 4755 4756 4855 4854
4900 4756 148 149 4855
4901 357 4757 4856 356
4902 4757 4758 4857 4856
4903 4758 4759 4858 4857
4904 4759 4760 4859 4858
4905 4760 4761 4860 4859
4906 4761 4762 4861 4860
4907 4762 4763 4862 4861
4908 4763 4764 4863 4862
4909 4764 4765 4864 4863
4910 4765 4766 4865 4864
4911 4766 4767 4866 4865
4912 4767 4768 4867 4866
4913 4768 4769 4868 4867
4914 4769 4770 4869 4868
4915 4770 4771 4870 4869
4916 4771 4772 4871 4870
4917 4772 4773 4872 4871
4918 4773 4774 4873 4872
4919 4774 4775 4874 4873
4920 4775 4776 4875 4874
4921 4776 4777 4876 4875
4922 4777 4778 4877 4876
4923 4778 4779 4878 4877
4924 4779 4780 4879 4878
4925 4780 4781 4880 4879
4926 4781 4782 4881 4880
4927 4782 4783 4882 4881
4928 4783 4784 4883 4882
4929 4784 4785 4884 4883
4930 4785 4786 4885 4884
4931 4786 4787 4886 4885
4932 4787 4788 4887 4886
4933 4788 4789 4888 4887
4934 4789 4790 4889 4888
4935 4790 4791 4890 4889
4936 4791 4792 4891 4890
4937 4792 4793 4892 4891
4938 4793 4794 4893 4892
4939 4794 4795 4894 4893
4940 4795 4796 4895 4894
4941 4796 4797 4896 4895
4942 4797 4798 4897 4896
4943 4798 4799 4898 4897
4944 4799 4800 4899 4898
4945 4800 4801 4900 4899
4946 4801 4802 4901 4900
4947 4802 4803 4902 4901
4948 4803 4804 4903 4902
4949 4804 4805 4904 4903
4950 4805 4806 4905 4904
4951 4806 4807 4906 4905
4952 4807 4808 4907 4906
4953 4808 4809 4908 4907
4954 4809 4810 4909 4908
4955 4810 4811 4910 4909
4956 4811 4812 4911 4910
4957 4812 4813 4912 4911
4958 4813 4814 4913 4912
4959 4814 4815 4914 4913
4960 4815 4816 4915 4914
4961 4816 4817 4916 4915
4962 4817 4818 4917 4916
4963 4818 4819 4918 4917
4964 4819 4820 4919 4918
4965 4820 4821 4920 4919
4966 4821 4822 4921 4920
4967 4822 4823 4922 4921
4968 4823 4824 4923 4922
4969 4824 4825 4924 4923
4970 4825 4826 4925 4924
4971 4826 4827 4926 4925
4972 4827 4828 4927 4926
4973 4828 4829 4928 4927
4974 4829 4830 4929 4928
4975 4830 4831 4930 4929
4976 4831 4832 4931 4930
4977 4832 4833 4932 4931
4978 4833 4834 4933 4932
4979 4834 4835 4934 4933
4980 4835 4836 4935 4934
4981 4836 4837 4936 4935
4982 4837 4838 4937 4936
4983 4838 4839 4938 4937
4984 4839 4840 4939 4938
4985 4840 4841 4940 4939
4986 4841 4842 4941 4940
4987 4842 4843 4942 4941
4988 4843 4844 4943 4942
4989 4844 4845 4944 4943
4990 4845 4846 4945 4944
4991 4846 4847 4946 4945
4992 4847 4848 4947 4946
4993 4848 4849 4948 4947
4994 4849 4850 4949 4948
4995 4850 4851 4950 4949
4996 4851 4852 4951 4950
4997 4852 4853 4952 4951
4998 4853 4854 4953 4952
4999 4854 4855 4954 4953
5000 4855 149 150 4954
5001 356 4856 4955 355
5002 4856 4857 4956 4955
5003 4857 4858 4957 4956
5004 4858 4859 4958 4957
5005 4859 4860 4959 4958
5006 4860 4861 4960 4959
5007 4861 4862 4961 4960
5008 4862 4863 4962 4961
5009 4863 4864 4963 4962
5010 4864 4865 4964 4963
5011 4865 4866 4965 4964
5012 4866 4867 4966 4965
5013 4867 4868 4967 4966
5014 4868 4869 4968 4967
5015 4869 4870 4969 4968
5016 4870 4871 4970 4969
5017 4871 4872 4971 4970
5018 4872 4873 4972 4971
5019 4873 4874 4973 4972
5020 4874 4875 4974 4973
5021 4875 4876 4975 4974
5022 4876 4877 4976 4975
5023 4877 4878 4977 4976
5024 4878 4879 4978 4977
5025 4879 4880 4979 4978
5026 4880 4881 4980 4979
5027 4881 4882 4981 4980
5028 4882 4883 4982 4981
5029 4883 4884 4983 4982
5030 4884 4885 4984 4983
5031 4885 4886 4985 4984
5032 4886 4887 4986 4985
5033 4887 4888 4987 4986
5034 4888 4889 4988 4987
5035 4889 4890 4989 4988
5036 4890 4891 4990 4989
5037 4891 4892 4991 4990
5038 4892 4893 4992 4991
5039 4893 4894 4993 4992
5040 4894 4895 4994 4993
5041 4895 4896 4995 4994
5042 4896 4897 4996 4995
5043 4897 4898 4997 4996
5044 4898 4899 4998 4997
5045 4899 4900 4999 4998
5046 4900 4901 5000 4999
5047 4901 4902 5001 5000
5048 4902 4903 5002 5001
5049 4903 4904 5003 5002
5050 4904 4905 5004 5003
5051 4905 4906 5005 5004
5052 4906 4907 5006 5005
5053 4907 4908 5007 5006
5054 4908 4909 5008 5007
5055 4909 4910 5009 5008
5056 4910 4911 5010 5009
5057 4911 4912 5011 5010
5058 4912 4913 5012 5011
5059 4913 4914 5013 5012
5060 4914 4915 5014 5013
5061 4915 4916 5015 5014
5062 4916 4917 5016 5015
5063 4917 4918 5017 5016
5064 4918 4919 5018 5017
5065 4919 4920 5019 5018
5066 4920 4921 5020 5019
5067 4921 4922 5021 5020
5068 4922 4923 5022 5021
5069 4923 4924 5023 5022
5070 4924 4925 5024 5023
5071 4925 4926 5025 5024
5072 4926 4927 5026 5025
5073 4927 4928 5027 5026
5074 4928 4929 5028 5027
5075 4929 4930 5029 5028
5076 4930 4931 5030 5029
5077 4931 4932 5031 5030
5078 4932 4933 5032 5031
5079 4933 4934 5033 5032
5080 4934 4935 5034 5033
5081 4935 4936 5035 5034
5082 4936 4937 5036 5035
5083 4937 4938 5037 5036
5084 4938 4939 5038 5037
5085 4939 4940 5039 5038
5086 4940 4941 5040 5039
5087 4941 4942 5041 5040
5088 4942 4943 5042 5041
5089 4943 4944 5043 5042
5090 4944 4945 5044 5043
5091 4945 4946 5045 5044
5092 4946 4947 5046 5045
5093 4947 4948 5047 5046
5094 4948 4949 5048 5047
5095 4949 4950 5049 5048
5096 4950 4951 5050 5049
5097 4951 4952 5051 5050
5098 4952 4953 5052 5051
5099 4953 4954 5053 5052
5100 4954 150 151 5053
5101 355 4955 5054 354
5102 4955 4956 5055 5054
5103 4956 4957 5056 5055
5104 4957 4958 5057 5056
5105 4958 4959 5058 5057
5106 4959 4960 5059 5058
5107 4960 4961 5060 5059
5108 4961 4962 5061 5060
5109 4962 4963 5062 5061
5110 4963 4964 5063 5062
5111 4964 4965 5064 5063
5112 4965 4966 5065 5064
5113 4966 4967 5066 5065
5114 4967 4968 5067 5066
5115 4968 4969 5068 5067
5116 4969 4970 5069 5068
5117 4970 4971 5070 5069
5118 4971 4972 5071 5070
5119 4972 4973 5072 5071
5120 4973 4974 5073 5072
5121 4974 4975 5074 5073
5122 4975 4976 5075 5074
5123 4976 4977 5076 5075
5124 4977 4978 5077 5076
5125 4978 4979 5078 5077
5126 4979 4980 5079 5078
5127 4980 4981 5080 5079
5128 4981 4982 5081 5080
5129 4982 4983 5082 5081
5130 4983 4984 5083 5082
5131 4984 4985 5084 5083
5132 4985 4986 5085 5084
5133 4986 4987 5086 5085
5134 4987 4988 5087 5086
5135 4988 4989 5088 5087
5136 4989 4990 5089 5088
5137 4990 4991 5090 5089
5138 4991 4992 5091 5090
5139 4992 4993 5092 5091
5140 4993 4994 5093 5092
5141 4994 4995 5094 5093
5142 4995 4996 5095 5094
5143 4996 4997 5096 5095
5144 4997 4998 5097 5096
5145 4998 4999 5098 5097
5146 4999 5000 5099 5098
5147 5000 5001 5100 5099
5148 5001 5002 5101 5100
5149 5002 5003 5102 5101
5150 5003 5004 5103 5102
5151 5004 5005 5104 5103
5152 5005 5006 5105 5104
5153 5006 5007 5106 5105
5154 5007 5008 5107 5106
5155 5008 5009 5108 5107
5156 5009 5010 5109 5108
5157 5010 5011 5110 5109
5158 5011 5012 5111 5110
5159 5012 5013 5112 5111
5160 5013 5014 5113 5112
5161 5014 5015 5114 5113
5162 5015 5016 5115 5114
5163 5016 5017 5116 5115
5164 5017 5018 5117 5116
5165 5018 5019 5118 5117
5166 5019 5020 5119 5118
5167 5020 5021 5120 5119
5168 5021 5022 5121 5120
5169 5022 5023 5122 5121
5170 5023 5024 5123 5122
5171 5024 5025 5124 5123
5172 5025 5026 5125 5124
5173 5026 5027 5126 5125
5174 5027 5028 5127 5126
5175 5028 5029 5128 5127
5176 5029 5030 5129 5128
5177 5030 5031 5130 5129
5178 5031 5032 5131 5130
5179 5032 5033 5132 5131
5180 5033 5034 5133 5132
5181 5034 5035 5134 5133
5182 5035 5036 5135 5134
5183 5036 5037 5136 5135
5184 5037 5038 5137 5136
5185 5038 5039 5138 5137
5186 5039 5040 5139 5138
5187 5040 5041 5140 5139
5188 5041 5042 5141 5140
5189 5042 5043 5142 5141
5190 5043 5044 5143 5142
5191 5044 5045 5144 5143
5192 5045 5046 5145 5144
5193 5046 5047 5146 5145
5194 5047 5048 5147 5146
5195 5048 5049 5148 5147
5196 5049 5050 5149 5148
5197 5050 5051 5150 5149
5198 5051 5052 5151 5150
5199 5052 5053 5152 5151
5200 5053 151 152 5152
5201 354 5054 5153 353
5202 5054 5055 5154 5153
5203 5055 5056 5155 5154
5204 5056 5057 5156 5155
5205 5057 5058 5157 5156
5206 5058 5059 5158 5157
5207 5059 5060 5159 5158
5208 5060 5061 5160 5159
5209 5061 5062 5161 5160
5210 5062 5063 5162 5161
5211 5063 5064 5163 5162
5212 5064 5065 5164 5163
5213 5065 5066 5165 5164
5214 5066 5067 5166 5165
5215 5067 5068 5167 5166
5216 5068 5069 5168 5167
5217 5069 5070 5169 5168
5218 5070 5071 5170 5169
5219 5071 5072 5171 5170
5220 5072 5073 5172 5171
5221 5073 5074 5173 5172
5222 5074 5075 5174 5173
5223 5075 5076 5175 5174
5224 5076 5077 5176 5175
5225 5077 5078 5177 5176
5226 5078 5079 5178 5177
5227 5079 5080 5179 5178
5228 5080 5081 5180 5179
5229 5081 5082 5181 5180
5230 5082 5083 5182 5181
5231 5083 5084 5183 5182
5232 5084 5085 5184 5183
5233 5085 5086 5185 5184
5234 5086 5087 5186 5185
5235 5087 5088 5187 5186
5236 5088 5089 5188 5187
5237 5089 5090 5189 5188
5238 5090 5091 5190 5189
5239 5091 5092 5191 5190
5240 5092 5093 5192 5191
5241 5093 5094 5193 5192
5242 5094 5095 5194 5193
5243 5095 5096 5195 5194
5244 5096 5097 5196 5195
5245 5097 5098 5197 5196
5246 5098 5099 5198 5197
5247 5099 5100 5199 5198
5248 5100 5101 5200 5199
5249 5101 5102 5201 5200
5250 5102 5103 5202 5201
5251 5103 5104 5203 5202
5252 5104 5105 5204 5203
5253 5105 5106 5205 5204
5254 5106 5107 5206 5205
5255 5107 5108 5207 5206
5256 5108 5109 5208 5207
5257 5109 5110 5209 5208
5258 5110 5111 5210 5209
5259 5111 5112 5211 5210
5260 5112 5113 5212 5211
5261 5113 5114 5213 5212
5262 5114 5115 5214 5213
5263 5115 5116 5215 5214
5264 5116 5117 5216 5215
5265 5117 5118 5217 5216
5266 5118 5119 5218 5217
5267 5119 5120 5219 5218
5268 5120 5121 5220 5219
5269 5121 5122 5221 5220
5270 5122 5123 5222 5221
5271 5123 5124 5223 5222
5272 5124 5125 5224 5223
5273 5125 5126 5225 5224
5274 5126 5127 5226 5225
5275 5127 5128 5227 5226
5276 5128 5129 5228 5227
5277 5129 5130 5229 5228
5278 5130 5131 5230 5229
5279 5131 5132 5231 5230
5280 5132 5133 5232 5231
5281 5133 5134 5233 5232
5282 5134 5135 5234 5233
5283 5135 5136 5235 5234
5284 5136 5137 5236 5235
5285 5137 5138 5237 5236
5286 5138 5139 5238 5237
5287 5139 5140 5239 5238
5288 5140 5141 5240 5239
5289 5141 5142 5241 5240
5290 5142 5143 5242 5241
5291 5143 5144 5243 5242
5292 5144 5145 5244 5243
5293 5145 5146 5245 5244
5294 5146 5147 5246 5245
5295 5147 5148 5247 5246
5296 5148 5149 5248 5247
5297 5149 5150 5249 5248
5298 5150 5151 5250 5249
5299 5151 5152 5251 5250
5300 5152 152 153 5251
5301 353 5153 5252 352
5302 5153 5154 5253 5252
5303 5154 5155 5254 5253
5304 5155 5156 5255 5254
5305 5156 5157 5256 5255
5306 5157 5158 5257 5256
5307 5158 5159 5258 5257
5308 5159 5160 5259 5258
5309 5160 5161 5260 5259
5310 5161 5162 5261 5260
5311 5162 5163 5262 5261
5312 5163 5164 5263 5262
5313 5164 5165 5264 5263
5314 5165 5166 5265 5264
5315 5166 5167 5266 5265
5316 5167 5168 5267 5266
5317 5168 5169 5268 5267
5318 5169 5170 5269 5268
5319 5170 5171 5270 5269
5320 5171 5172 5271 5270
5321 5172 5173 5272 5271
5322 5173 5174 5273 5272
5323 5174 5175 5274 5273
5324 5175 5176 5275 5274
5325 5176 5177 5276 5275
5326 5177 5178 5277 5276
5327 5178 5179 5278 5277
5328 5179 5180 5279 5278
5329 5180 5181 5280 5279
5330 5181 5182 5281 5280
5331 5182 5183 5282 5281
5332 5183 5184 5283 5282
5333 5184 5185 5284 5283
5334 5185 5186 5285 5284
5335 5186 5187 5286 5285
5336 5187 5188 5287 5286
5337 5188 5189 5288 5287
5338 5189 5190 5289 5288
5339 5190 5191 5290 5289
5340 5191 5192 5291 5290
5341 5192 5193 5292 5291
5342 5193 5194 5293 5292
5343 5194 5195 5294 5293
5344 5195 5196 5295 5294
5345 5196 5197 5296 5295
5346 5197 5198 5297 5296
5347 5198 5199 5298 5297
5348 5199 5200 5299 5298
5349 5200 5201 5300 5299
5350 5201 5202 5301 5300
5351 5202 5203 5302 5301
5352 5203 5204 5303 5302
5353 5204 5205 5304 5303
5354 5205 5206 5305 5304
5355 5206 5207 5306 5305
5356 5207 5208 5307 5306
5357 5208 5209 5308 5307
5358 5209 5210 5309 5308
5359 5210 5211 5310 5309
5360 5211 5212 5311 5310
5361 5212 5213 5312 5311
5362 5213 5214 5313 5312
5363 5214 5215 5314 5313
5364 5215 5216 5315 5314
5365 5216 5217 5316 5315
5366 5217 5218 5317 5316
5367 5218 5219 5318 5317
5368 5219 5220 5319 5318
5369 5220 5221 5320 5319
5370 5221 5222 5321 5320
5371 5222 5223 5322 5321
5372 5223 5224 5323 5322
5373 5224 5225 5324 5323
5374 5225 5226 5325 5324
5375 5226 5227 5326 5325
5376 5227 5228 5327 5326
5377 5228 5229 5328 5327
5378 5229 5230 5329 5328
5379 5230 5231 5330 5329
5380 5231 5232 5331 5330
5381 5232 5233 5332 5331
5382 5233 5234 5333 5332
5383 5234 5235 5334 5333
5384 5235 5236 5335 5334
5385 5236 5237 5336 5335
5386 5237 5238 5337 5336
5387 5238 5239 5338 5337
5388 5239 5240 5339 5338
5389 5240 5241 5340 5339
5390 5241 5242 5341 5340
5391 5242 5243 5342 5341
5392 5243 5244 5343 5342
5393 5244 5245 5344 5343
5394 5245 5246 5345 5344
5395 5246 5247 5346 5345
5396 5247 5248 5347 5346
5397 5248 5249 5348 5347
5398 5249 5250 5349 5348
5399 5250 5251 5350 5349
5400 5251 153 154 5350
5401 352 5252 5351 351
5402 5252 5253 5352 5351
5403 5253 5254 5353 5352
5404 5254 5255 5354 5353
5405 5255 5256 5355 5354
5406 5256 5257 5356 5355
5407 5257 5258 5357 5356
5408 5258 5259 5358 5357
5409 5259 5260 5359 5358
5410 5260 5261 5360 5359
5411 5261 5262 5361 5360
5412 5262 5263 5362 5361
5413 5263 5264 5363 5362
5414 5264 5265 5364 5363
5415 5265 5266 5365 5364
5416 5266 5267 5366 5365
5417 5267 5268 5367 5366
5418 5268 5269 5368 5367
5419 5269 5270 5369 5368
5420 5270 5271 5370 5369
5421 5271 5272 5371 5370
5422 5272 5273 5372 5371
5423 5273 5274 5373 5372
5424 5274 5275 5374 5373
5425 5275 5276 5375 5374
5426 5276 5277 5376 5375
5427 5277 5278 5377 5376
5428 5278 5279 5378 5377
5429 5279 5280 5379 5378
5430 5280 5281 5380 5379
5431 5281 5282 5381 5380
5432 5282 5283 5382 5381
5433 5283 5284 5383 5382
5434 5284 5285 5384 5383
5435 5285 5286 5385 5384
5436 5286 5287 5386 5385
5437 5287 5288 5387 5386
5438 5288 5289 5388 5387
5439 5289 5290 5389 5388
5440 5290 5291 5390 5389
5441 5291 5292 5391 5390
5442 5292 5293 5392 5391
5443 5293 5294 5393 5392
5444 5294 5295 5394 5393
5445 5295 5296 5395 5394
5446 5296 5297 5396 5395
5447 5297 5298 5397 5396
5448 5298 5299 5398 5397
5449 5299 5300 5399 5398
5450 5300 5301 5400 5399
5451 5301 5302 5401 5400
5452 5302 5303 5402 5401
5453 5303 5304 5403 5402
5454 5304 5305 5404 5403
5455 5305 5306 5405 5404
5456 5306 5307 5406 5405
5457 5307 5308 5407 5406
5458 5308 5309 5408 5407
5459 5309 5310 5409 5408
5460 5310 5311 5410 5409
5461 5311 5312 5411 5410
5462 5312 5313 5412 5411
5463 5313 5314 5413 5412
5464 5314 5315 5414 5413
5465 5315 5316 5415 5414
5466 5316 5317 5416 5415
5467 5317 5318 5417 5416
5468 5318 5319 5418 5417
5469 5319 5320 5419 5418
5470 5320 5321 5420 5419
5471 5321 5322 5421 5420
5472 5322 5323 5422 5421
5473 5323 5324 5423 5422
5474 5324 5325 5424 5423
5475 5325 5326 5425 5424
5476 5326 5327 5426 5425
5477 5327 5328 5427 5426
5478 5328 5329 5428 5427
5479 5329 5330 5429 5428
5480 5330 5331 5430 5429
5481 5331 5332 5431 5430
5482 5332 5333 5432 5431
5483 5333 5334 5433 5432
5484 5334 5335 5434 5433
5485 5335 5336 5435 5434
5486 5336 5337 5436 5435
5487 5337 5338 5437 5436
5488 5338 5339 5438 5437
5489 5339 5340 5439 5438
5490 5340 5341 5440 5439
5491 5341 5342 5441 5440
5492 5342 5343 5442 5441
5493 5343 5344 5443 5442
5494 5344 5345 5444 5443
5495 5345 5346 5445 5444
5496 5346 5347 5446 5445
5497 5347 5348 5447 5446
5498 5348 5349 5448 5447
5499 5349 5350 5449 5448
5500 5350 154 155 5449
5501 351 5351 5450 350
5502 5351 5352 5451 5450
5503 5352 5353 5452 5451
5504 5353 5354 5453 5452
5505 5354 5355 5454 5453
5506 5355 5356 5455 5454
5507 5356 5357 5456 5455
5508 5357 5358 5457 5456
5509 5358 5359 5458 5457
5510 5359 5360 5459 5458
5511 5360 5361 5460 5459
5512 5361 5362 5461 5460
5513 5362 5363 5462 5461
5514 5363 5364 5463 5462
5515 5364 5365 5464 5463
5516 5365 5366 5465 5464
5517 5366 5367 5466 5465
5518 5367 5368 5467 5466
5519 5368 5369 5468 5467
5520 5369 5370 5469 5468
5521 5370 5371 5470 5469
5522 5371 5372 5471 5470
5523 5372 5373 5472 5471
5524 5373 5374 5473 5472
5525 5374 5375 5474 5473
5526 5375 5376 5475 5474
5527 5376 5377 5476 5475
5528 5377 5378 5477 5476
5529 5378 5379 5478 5477
5530 5379 5380 5479 5478
5531 5380 5381 5480 5479
5532 5381 5382 5481 5480
5533 5382 5383 5482 5481
5534 5383 5384 5483 5482
5535 5384 5385 5484 5483
5536 5385 5386 5485 5484
5537 5386 5387 5486 5485
5538 5387 5388 5487 5486
5539 5388 5389 5488 5487
5540 5389 5390 5489 5488
5541 5390 5391 5490 5489
5542 5391 5392 5491 5490
5543 5392 5393 5492 5491
5544 5393 5394 5493 5492
5545 5394 5395 5494 5493
5546 5395 5396 5495 5494
5547 5396 5397 5496 5495
5548 5397 5398 5497 5496
5549 5398 5399 5498 5497
5550 5399 5400 5499 5498
5551 5400 5401 5500 5499
5552 5401 5402 5501 5500
5553 5402 5403 5502 5501
5554 5403 5404 5503 5502
5555 5404 5405 5504 5503
5556 5405 5406 5505 5504
5557 5406 5407 5506 5505
5558 5407 5408 5507 5506
5559 5408 5409 5508 5507
5560 5409 5410 5509 5508
5561 5410 5411 5510 5509
5562 5411 5412 5511 5510
5563 5412 5413 5512 5511
5564 5413 5414 5513 5512
5565 5414 5415 5514 5513
5566 5415 5416 5515 5514
5567 5416 5417 5516 5515
5568 5417 5418 5517 5516
5569 5418 5419 5518 5517
5570 5419 5420 5519 5518
5571 5420 5421 5520 5519
5572 5421 5422 5521 5520
5573 5422 5423 5522 5521
5574 5423 5424 5523 5522
5575 5424 5425 5524 5523
5576 5425 5426 5525 5524
5577 5426 5427 5526 5525
5578 5427 5428 5527 5526
5579 5428 5429 5528 5527
5580 5429 5430 5529 5528
5581 5430 5431 5530 5529
5582 5431 5432 5531 5530
5583 5432 5433 5532 5531
5584 5433 5434 5533 5532
5585 5434 5435 5534 5533
5586 5435 5436 5535 5534
5587 5436 5437 5536 5535
5588 5437 5438 5537 5536
5589 5438 5439 5538 5537
5590 5439 5440 5539 5538
5591 5440 5441 5540 5539
5592 5441 5442 5541 5540
5593 5442 5443 5542 5541
5594 5443 5444 5543 5542
5595 5444 5445 5544 5543
5596 5445 5446 5545 5544
5597 5446 5447 5546 5545
5598 5447 5448 5547 5546
5599 5448 5449 5548 5547
5600 5449 155 156 5548
5601 350 5450 5549 349
5602 5450 5451 5550 5549
5603 5451 5452 5551 5550
5604 5452 5453 5552 5551
5605 5453 5454 5553 5552
5606 5454 5455 5554 5553
5607 5455 5456 5555 5554
5608 5456 5457 5556 5555
5609 5457 5458 5557 5556
5610 5458 5459 5558 5557
5611 5459 5460 5559 5558
5612 5460 5461 5560 5559
5613 5461 5462 5561 5560
5614 5462 5463 5562 5561
5615 5463 5464 5563 5562
5616 5464 5465 5564 5563
5617 5465 5466 5565 5564
5618 5466 5467 5566 5565
5619 5467 5468 5567 5566
5620 5468 5469 5568 5567
5621 5469 5470 5569 5568
5622 5470 5471 5570 5569
5623 5471 5472 5571 5570
5624 5472 5473 5572 5571
5625 5473 5474 5573 5572
5626 5474 5475 5574 5573
5627 5475 5476 5575 5574
5628 5476 5477 5576 5575
5629 5477 5478 5577 5576
5630 5478 5479 5578 5577
5631 5479 5480 5579 5578
5632 5480 5481 5580 5579
5633 5481 5482 5581 5580
5634 5482 5483 5582 5581
5635 5483 5484 5583 5582
5636 5484 5485 5584 5583
5637 5485 5486 5585 5584
5638 5486 5487 5586 5585
5639 5487 5488 5587 5586
5640 5488 5489 5588 5587
5641 5489 5490 5589 5588
5642 5490 5491 5590 5589
5643 5491 5492 5591 5590
5644 5492 5493 5592 5591
5645 5493 5494 5593 5592
5646 5494 5495 5594 5593
5647 5495 5496 5595 5594
5648 5496 5497 5596 5595
5649 5497 5498 5597 5596
5650 5498 5499 5598 5597
5651 5499 5500 5599 5598
5652 5500 5501 5600 5599
5653 5501 5502 5601 5600
5654 5502 5503 5602 5601
5655 5503 5504 5603 5602
5656 5504 5505 5604 5603
5657 5505 5506 5605 5604
5658 5506 5507 5606 5605
5659 5507 5508 5607 5606
5660 5508 5509 5608 5607
5661 5509 5510 5609 5608
5662 5510 5511 5610 5609
5663 5511 5512 5611 5610
5664 5512 5513 5612 5611
5665 5513 5514 5613 5612
5666 5514 5515 5614 5613
5667 5515 5516 5615 5614
5668 5516 5517 5616 5615
5669 5517 5518 5617 5616
5670 5518 5519 5618 5617
5671 5519 5520 5619 5618
5672 5520 5521 5620 5619
5673 5521 5522 5621 5620
5674 5522 5523 5622 5621
5675 5523 5524 5623 5622
5676 5524 5525 5624 5623
5677 5525 5526 5625 5624
5678 5526 5527 5626 5625
5679 5527 5528 5627 5626
5680 5528 5529 5628 5627
5681 5529 5530 5629 5628
5682 5530 5531 5630 5629
5683 5531 5532 5631 5630
5684 5532 5533 5632 5631
5685 5533 5534 5633 5632
5686 5534 5535 5634 5633
5687 5535 5536 5635 5634
5688 5536 5537 5636 5635
5689 5537 5538 5637 5636
5690 5538 5539 5638 5637
5691 5539 5540 5639 5638
5692 5540 5541 5640 5639
5693 5541 5542 5641 5640
5694 5542 5543 5642 5641
5695 5543 5544 5643 5642
5696 5544 5545 5644 5643
5697 5545 5546 5645 5644
5698 5546 5547 5646 5645
5699 5547 5548 5647 5646
5700 5548 156 157 5647
5701 349 5549 5648 348
5702 5549 5550 5649 5648
5703 5550 5551 5650 5649
5704 5551 5552 5651 5650
5705 5552 5553 5652 5651
5706 5553 5554 5653 5652
5707 5554 5555 5654 5653
5708 5555 5556 5655 5654
5709 5556 5557 5656 5655
5710 5557 5558 5657 5656
5711 5558 5559 5658 5657
5712 5559 5560 5659 5658
5713 5560 5561 5660 5659
5714 5561 5562 5661 5660
5715 5562 5563 5662 5661
5716 5563 5564 5663 5662
5717 5564 5565 5664 5663
5718 5565 5566 5665 5664
5719 5566 5567 5666 5665
5720 5567 5568 5667 5666
5721 5568 5569 5668 5667
5722 5569 5570 5669 5668
5723 5570 5571 5670 5669
5724 5571 5572 5671 5670
5725 5572 5573 5672 5671
5726 5573 5574 5673 5672
5727 5574 5575 5674 5673
5728 5575 5576 5675 5674
5729 5576 5577 5676 5675
5730 5577 5578 5677 5676
5731 5578 5579 5678 5677
5732 5579 5580 5679 5678
5733 5580 5581 5680 5679
5734 5581 5582 5681 5680
5735 5582 5583 5682 5681
5736 5583 5584 5683 5682
5737 5584 5585 5684 5683
5738 5585 5586 5685 5684
5739 5586 5587 5686 5685
5740 5587 5588 5687 5686
5741 5588 5589 5688 5687
5742 5589 5590 5689 5688
5743 5590 5591 5690 5689
5744 5591 5592 5691 5690
5745 5592 5593 5692 5691
5746 5593 5594 5693 5692
5747 5594 5595 5694 5693
5748 5595 5596 5695 5694
5749 5596 5597 5696 5695
5750 5597 5598 5697 5696
5751 5598 5599 5698 5697
5752 5599 5600 5699 5698
5753 5600 5601 5700 5699
5754 5601 5602 5701 5700
5755 5602 5603 5702 5701
5756 5603 5604 5703 5702
5757 5604 5605 5704 5703
5758 5605 5606 5705 5704
5759 5606 5607 5706 5705
5760 5607 5608 5707 5706
5761 5608 5609 5708 5707
5762 5609 5610 5709 5708
5763 5610 5611 5710 5709
5764 5611 5612 5711 5710
5765 5612 5613 5712 5711
5766 5613 5614 5713 5712
5767 5614 5615 5714 5713
5768 5615 5616 5715 5714
5769 5616 5617 5716 5715
5770 5617 5618 5717 5716
5771 5618 5619 5718 5717
5772 5619 5620 5719 5718
5773 5620 5621 5720 5719
5774 5621 5622 5721 5720
5775 5622 5623 5722 5721
5776 5623 5624 5723 5722
5777 5624 5625 5724 5723
5778 5625 5626 5725 5724
5779 5626 5627 5726 5725
5780 5627 5628 5727 5726
5781 5628 5629 5728 5727
5782 5629 5630 5729 5728
5783 5630 5631 5730 5729
5784 5631 5632 5731 5730
5785 5632 5633 5732 5731
5786 5633 5634 5733 5732
5787 5634 5635 5734 5733
5788 5635 5636 5735 5734
5789 5636 5637 5736 5735
5790 5637 5638 5737 5736
5791 5638 5639 5738 5737
5792 5639 5640 5739 5738
5793 5640 5641 5740 5739
5794 5641 5642 5741 5740
5795 5642 5643 5742 5741
5796 5643 5644 5743 5742
5797 5644 5645 5744 5743
5798 5645 5646 5745 5744
5799 5646 5647 5746 5745
5800 5647 157 158 5746
5801 348 5648 5747 347
5802 5648 5649 5748 5747
5803 5649 5650 5749 5748
5804 5650 5651 5750 5749
5805 5651 5652 5751 5750
5806 5652 5653 5752 5751
5807 5653 5654 5753 5752
5808 5654 5655 5754 5753
5809 5655 5656 5755 5754
5810 5656 5657 5756 5755
5811 5657 5658 5757 5756
5812 5658 5659 5758 5757
5813 5659 5660 5759 5758
5814 5660 5661 5760 5759
5815 5661 5662 5761 5760
5816 5662 5663 5762 5761
5817 5663 5664 5763 5762
5818 5664 5665 5764 5763
5819 5665 5666 5765 5764
5820 5666 5667 5766 5765
5821 5667 5668 5767 5766
5822 5668 5669 5768 5767
5823 5669 5670 5769 5768
5824 5670 5671 5770 5769
5825 5671 5672 5771 5770
5826 5672 5673 5772 5771
5827 5673 5674 5773 5772
5828 5674 5675 5774 5773
5829 5675 5676 5775 5774
5830 5676 5677 5776 5775
5831 5677 5678 5777 5776
5832 5678 5679 5778 5777
5833 5679 5680 5779 5778
5834 5680 5681 5780 5779
5835 5681 5682 5781 5780
5836 5682 5683 5782 5781
5837 5683 5684 5783 5782
5838 5684 5685 5784 5783
5839 5685 5686 5785 5784
5840 5686 5687 5786 5785
5841 5687 5688 5787 5786
5842 5688 5689 5788 5787
5843 5689 5690 5789 5788
5844 5690 5691 5790 5789
5845 5691 5692 5791 5790
5846 5692 5693 5792 5791
5847 5693 5694 5793 5792
5848 5694 5695 5794 5793
5849 5695 5696 5795 5794
5850 5696 5697 5796 5795
5851 5697 5698 5797 5796
5852 5698 5699 5798 5797
5853 5699 5700 5799 5798
5854 5700 5701 5800 5799
5855 5701 5702 5801 5800
5856 5702 5703 5802 5801
5857 5703 5704 5803 5802
5858 5704 5705 5804 5803
5859 5705 5706 5805 5804
5860 5706 5707 5806 5805
5861 5707 5708 5807 5806
5862 5708 5709 5808 5807
5863 5709 5710 5809 5808
5864 5710 5711 5810 5809
5865 5711 5712 5811 5810
5866 5712 5713 5812 5811
5867 5713 5714 5813 5812
5868 5714 5715 5814 5813
5869 5715 5716 5815 5814
5870 5716 5717 5816 5815
5871 5717 5718 5817 5816
5872 5718 5719 5818 5817
5873 5719 5720 5819 5818
5874 5720 5721 5820 5819
5875 5721 5722 5821 5820
5876 5722 5723 5822 5821
5877 5723 5724 5823 5822
5878 5724 5725 5824 5823
5879 5725 5726 5825 5824
5880 5726 5727 5826 5825
5881 5727 5728 5827 5826
5882 5728 5729 5828 5827
5883 5729 5730 5829 5828
5884 5730 5731 5830 5829
5885 5731 5732 5831 5830
5886 5732 5733 5832 5831
5887 5733 5734 5833 5832
5888 5734 5735 5834 5833
5889 5735 5736 5835 5834
5890 5736 5737 5836 5835
5891 5737 5738 5837 5836
5892 5738 5739 5838 5837
5893 5739 5740 5839 5838
5894 5740 5741 5840 5839
5895 5741 5742 5841 5840
5896 5742 5743 5842 5841
5897 5743 5744 5843 5842
5898 5744 5745 5844 5843
5899 5745 5746 5845 5844
5900 5746 158 159 5845
5901 347 5747 5846 346
5902 5747 5748 5847 5846
5903 5748 5749 5848 5847
5904 5749 5750 5849 5848
5905 5750 5751 5850 5849
5906 5751 5752 5851 5850
5907 5752 5753 5852 5851
5908 5753 5754 5853 5852
5909 5754 5755 5854 5853
5910 5755 5756 5855 5854
5911 5756 5757 5856 5855
5912 5757 5758 5857 5856
5913 5758 5759 5858 5857
5914 5759 5760 5859 5858
5915 5760 5761 5860 5859
5916 5761 5762 5861 5860
5917 5762 5763 5862 5861
5918 5763 5764 5863 5862
5919 5764 5765 5864 5863
5920 5765 5766 5865 5864
5921 5766 5767 5866 5865
5922 5767 5768 5867 5866
5923 5768 5769 5868 5867
5924 5769 5770 5869 5868
5925 5770 5771 5870 5869
5926 5771 5772 5871 5870
5927 5772 5773 5872 5871
5928 5773 5774 5873 5872
5929 5774 5775 5874 5873
5930 5775 5776 5875 5874
5931 5776 5777 5876 5875
5932 5777 5778 5877 5876
5933 5778 5779 5878 5877
5934 5779 5780 5879 5878
5935 5780 5781 5880 5879
5936 5781 5782 5881 5880
5937 5782 5783 5882 5881
5938 5783 5784 5883 5882
5939 5784 5785 5884 5883
5940 5785 5786 5885 5884
5941 5786 5787 5886 5885
5942 5787 5788 5887 5886
5943 5788 5789 5888 5887
5944 5789 5790 5889 5888
5945 5790 5791 5890 5889
5946 5791 5792 5891 5890
5947 5792 5793 5892 5891
5948 5793 5794 5893 5892
5949 5794 5795 5894 5893
5950 5795 5796 5895 5894
5951 5796 5797 5896 5895
5952 5797 5798 5897 5896
5953 5798 5799 5898 5897
5954 5799 5800 5899 5898
5955 5800 5801 5900 5899
5956 5801 5802 5901 5900
5957 5802 5803 5902 5901
5958 5803 5804 5903 5902
5959 5804 5805 5904 5903
5960 5805 5806 5905 5904
5961 5806 5807 5906 5905
5962 5807 5808 5907 5906
5963 5808 5809 5908 5907
5964 5809 5810 5909 5908
5965 5810 5811 5910 5909
5966 5811 5812 5911 5910
5967 5812 5813 5912 5911
5968 5813 5814 5913 5912
5969 5814 5815 5914 5913
5970 5815 5816 5915 5914
5971 5816 5817 5916 5915
5972 5817 5818 5917 5916
5973 5818 5819 5918 5917
5974 5819 5820 5919 5918
5975 5820 5821 5920 5919
5976 5821 5822 5921 5920
5977 5822 5823 5922 5921
5978 5823 5824 5923 5922
5979 5824 5825 5924 5923
5980 5825 5826 5925 5924
5981 5826 5827 5926 5925
5982 5827 5828 5927 5926
5983 5828 5829 5928 5927
5984 5829 5830 5929 5928
5985 5830 5831 5930 5929
5986 5831 5832 5931 5930
5987 5832 5833 5932 5931
5988 5833 5834 5933 5932
5989 5834 5835 5934 5933
5990 5835 5836 5935 5934
5991 5836 5837 5936 5935
5992 5837 5838 5937 5936
5993 5838 5839 5938 5937
5994 5839 5840 5939 5938
5995 5840 5841 5940 5939
5996 5841 5842 5941 5940
5997 5842 5843 5942 5941
5998 5843 5844 5943 5942
5999 5844 5845 5944 5943
6000 5845 159 160 5944
6001 346 5846 5945 345
6002 5846 5847 5946 5945
6003 5847 5848 5947 5946
6004 5848 5849 5948 5947
6005 5849 5850 5949 5948
6006 5850 5851 5950 5949
6007 5851 5852 5951 5950
6008 5852 5853 5952 5951
6009 5853 5854 5953 5952
6010 5854 5855 5954 5953
6011 5855 5856 5955 5954
6012 5856 5857 5956 5955
6013 5857 5858 5957 5956
6014 5858 5859 5958 5957
6015 5859 5860 5959 5958
6016 5860 5861 5960 5959
6017 5861 5862 5961 5960
6018 5862 5863 5962 5961
6019 5863 5864 5963 5962
6020 5864 5865 5964 5963
6021 5865 5866 5965 5964
6022 5866 5867 5966 5965
6023 5867 5868 5967 5966
6024 5868 5869 5968 5967
6025 5869 5870 5969 5968
6026 5870 5871 5970 5969
6027 5871 5872 5971 5970
6028 5872 5873 5972 5971
6029 5873 5874 5973 5972
6030 5874 5875 5974 5973
6031 5875 5876 5975 5974
6032 5876 5877 5976 5975
6033 5877 5878 5977 5976
6034 5878 5879 5978 5977
6035 5879 5880 5979 5978
6036 5880 5881 5980 5979
6037 5881 5882 5981 5980
6038 5882 5883 5982 5981
6039 5883 5884 5983 5982
6040 5884 5885 5984 5983
6041 5885 5886 5985 5984
6042 5886 5887 5986 5985
6043 5887 5888 5987 5986
6044 5888 5889 5988 5987
6045 5889 5890 5989 5988
6046 5890 5891 5990 5989
6047 5891 5892 5991 5990
6048 5892 5893 5992 5991
6049 5893 5894 5993 5992
6050 5894 5895 5994 5993
6051 5895 5896 5995 5994
6052 5896 5897 5996 5995
6053 5897 5898 5997 5996
6054 5898 5899 5998 5997
6055 5899 5900 5999 5998
6056 5900 5901 6000 5999
6057 5901 5902 6001 6000
6058 5902 5903 6002 6001
6059 5903 5904 6003 6002
6060 5904 5905 6004 6003
6061 5905 5906 6005 6004
6062 5906 5907 6006 6005
6063 5907 5908 6007 6006
6064 5908 5909 6008 6007
6065 5909 5910 6009 6008
6066 5910 5911 6010 6009
6067 5911 5912 6011 6010
6068 5912 5913 6012 6011
6069 5913 5914 6013 6012
6070 5914 5915 6014 6013
6071 5915 5916 6015 6014
6072 5916 5917 6016 6015
6073 5917 5918 6017 6016
6074 5918 5919 6018 6017
6075 5919 5920 6019 6018
6076 5920 5921 6020 6019
6077 5921 5922 6021 6020
6078 5922 5923 6022 6021
6079 5923 5924 6023 6022
6080 5924 5925 6024 6023
6081 5925 5926 6025 6024
6082 5926 5927 6026 6025
6083 5927 5928 6027 6026
6084 5928 5929 6028 6027
6085 5929 5930 6029 6028
6086 5930 5931 6030 6029
6087 5931 5932 6031 6030
6088 5932 5933 6032 6031
6089 5933 5934 6033 6032
6090 5934 5935 6034 6033
6091 5935 5936 6035 6034
6092 5936 5937 6036 6035
6093 5937 5938 6037 6036
6094 5938 5939 6038 6037
6095 5939 5940 6039 6038
6096 5940 5941 6040 6039
6097 5941 5942 6041 6040
6098 5942 5943 6042 6041
6099 5943 5944 6043 6042
6100 5944 160 161 6043
6101 345 5945 6044 344
6102 5945 5946 6045 6044
6103 5946 5947 6046 6045
6104 5947 5948 6047 6046
6105 5948 5949 6048 6047
6106 5949 5950 6049 6048
6107 5950 5951 6050 6049
6108 5951 5952 6051 6050
6109 5952 5953 6052 6051
6110 5953 5954 6053 6052
6111 5954 5955 6054 6053
6112 5955 5956 6055 6054
6113 5956 5957 6056 6055
6114 5957 5958 6057 6056
6115 5958 5959 6058 6057
6116 5959 5960 6059 6058
6117 5960 5961 6060 6059
6118 5961 5962 6061 6060
6119 5962 5963 6062 6061
6120 5963 5964 6063 6062
6121 5964 5965 6064 6063
6122 5965 5966 6065 6064
6123 5966 5967 6066 6065
6124 5967 5968 6067 6066
6125 5968 5969 6068 6067
6126 5969 5970 6069 6068
6127 5970 5971 6070 6069
6128 5971 5972 6071 6070
6129 5972 5973 6072 6071
6130 5973 5974 6073 6072
6131 5974 5975 6074 6073
6132 5975 5976 6075 6074
6133 5976 5977 6076 6075
6134 5977 5978 6077 6076
6135 5978 5979 6078 6077
6136 5979 5980 6079 6078
6137 5980 5981 6080 6079
6138 5981 5982 6081 6080
6139 5982 5983 6082 6081
6140 5983 5984 6083 6082
6141 5984 5985 6084 6083
6142 5985 5986 6085 6084
6143 5986 5987 6086 6085
6144 5987 5988 6087 6086
6145 5988 5989 6088 6087
6146 5989 5990 6089 6088
6147 5990 5991 6090 6089
6148 5991 5992 6091 6090
6149 5992 5993 6092 6091
6150 5993 5994 6093 6092
6151 5994 5995 6094 6093
6152 5995 5996 6095 6094
6153 5996 5997 6096 6095
6154 5997 5998 6097 6096
6155 5998 5999 6098 6097
6156 5999 6000 6099 6098
6157 6000 6001 6100 6099
6158 6001 6002 6101 6100
6159 6002 6003 6102 6101
6160 6003 6004 6103 6102
6161 6004 6005 6104 6103
6162 6005 6006 6105 6104
6163 6006 6007 6106 6105
6164 6007 6008 6107 6106
6165 6008 6009 6108 6107
6166 6009 6010 6109 6108
6167 6010 6011 6110 6109
6168 6011 6012 6111 6110
6169 6012 6013 6112 6111
6170 6013 6014 6113 6112
6171 6014 6015 6114 6113
6172 6015 6016 6115 6114
6173 6016 6017 6116 6115
6174 6017 6018 6117 6116
6175 6018 6019 6118 6117
6176 6019 6020 6119 6118
6177 6020 6021 6120 6119
6178 6021 6022 6121 6120
6179 6022 6023 6122 6121
6180 6023 6024 6123 6122
6181 6024 6025 6124 6123
6182 6025 6026 6125 6124
6183 6026 6027 6126 6125
6184 6027 6028 6127 6126
6185 6028 6029 6128 6127
6186 6029 6030 6129 6128
6187 6030 6031 6130 6129
6188 6031 6032 6131 6130
6189 6032 6033 6132 6131
6190 6033 6034 6133 6132
6191 6034 6035 6134 6133
6192 6035 6036 6135 6134
6193 6036 6037 6136 6135
6194 6037 6038 6137 6136
6195 6038 6039 6138 6137
6196 6039 6040 6139 6138
6197 6040 6041 6140 6139
6198 6041 6042 6141 6140
6199 6042 6043 6142 6141
6200 6043 161 162 6142
6201 344 6044 6143 343
6202 6044 6045 6144 6143
6203 6045 6046 6145 6144
6204 6046 6047 6146 6145
6205 6047 6048 6147 6146
6206 6048 6049 6148 6147
6207 6049 6050 6149 6148
6208 6050 6051 6150 6149
6209 6051 6052 6151 6150
6210 6052 6053 6152 6151
6211 6053 6054 6153 6152
6212 6054 6055 6154 6153
6213 6055 6056 6155 6154
6214 6056 6057 6156 6155
6215 6057 6058 6157 6156
6216 6058 6059 6158 6157
6217 6059 6060 6159 6158
6218 6060 6061 6160 6159
6219 6061 6062 6161 6160
6220 6062 6063 6162 6161
6221 6063 6064 6163 6162
6222 6064 6065 6164 6163
6223 6065 6066 6165 6164
6224 6066 6067 6166 6165
6225 6067 6068 6167 6166
6226 6068 6069 6168 6167
6227 6069 6070 6169 6168
6228 6070 6071 6170 6169
6229 6071 6072 6171 6170
6230 6072 6073 6172 6171
6231 6073 6074 6173 6172
6232 6074 6075 6174 6173
6233 6075 6076 6175 6174
6234 6076 6077 6176 6175
6235 6077 6078 6177 6176
6236 6078 6079 6178 6177
6237 6079 6080 6179 6178
6238 6080 6081 6180 6179
6239 6081 6082 6181 6180
6240 6082 6083 6182 6181
6241 6083 6084 6183 6182
6242 6084 6085 6184 6183
6243 6085 6086 6185 6184
6244 6086 6087 6186 6185
6245 6087 6088 6187 6186
6246 6088 6089 6188 6187
6247 6089 6090 6189 6188
6248 6090 6091 6190 6189
6249 6091 6092 6191 6190
6250 6092 6093 6192 6191
6251 6093 6094 6193 6192
6252 6094 6095 6194 6193
6253 6095 6096 6195 6194
6254 6096 6097 6196 6195
6255 6097 6098 6197 6196
6256 6098 6099 6198 6197
6257 6099 6100 6199 6198
6258 6100 6101 6200 6199
6259 6101 6102 6201 6200
6260 6102 6103 6202 6201
6261 6103 6104 6203 6202
6262 6104 6105 6204 6203
6263 6105 6106 6205 6204
6264 6106 6107 6206 6205
6265 6107 6108 6207 6206
6266 6108 6109 6208 6207
6267 6109 6110 6209 6208
6268 6110 6111 6210 6209
6269 6111 6112 6211 6210
6270 6112 6113 6212 6211
6271 6113 6114 6213 6212
6272 6114 6115 6214 6213
6273 6115 6116 6215 6214
6274 6116 6117 6216 6215
6275 6117 6118 6217 6216
6276 6118 6119 6218 6217
6277 6119 6120 6219 6218
6278 6120 6121 6220 6219
6279 6121 6122 6221 6220
6280 6122 6123 6222 6221
6281 6123 6124 6223 6222
6282 6124 6125 6224 6223
6283 6125 6126 6225 6224
6284 6126 6127 6226 6225
6285 6127 6128 6227 6226
6286 6128 6129 6228 6227
6287 6129 6130 6229 6228
6288 6130 6131 6230 6229
6289 6131 6132 6231 6230
6290 6132 6133 6232 6231
6291 6133 6134 6233 6232
6292 6134 6135 6234 6233
6293 6135 6136 6235 6234
6294 6136 6137 6236 6235
6295 6137 6138 6237 6236
6296 6138 6139 6238 6237
6297 6139 6140 6239 6238
6298 6140 6141 6240 6239
6299 6141 6142 6241 6240
6300 6142 162 163 6241
6301 343 6143 6242 342
6302 6143 6144 6243 6242
6303 6144 6145 6244 6243
6304 6145 6146 6245 6244
6305 6146 6147 6246 6245
6306 6147 6148 6247 6246
6307 6148 6149 6248 6247
6308 6149 6150 6249 6248
6309 6150 6151 6250 6249
6310 6151 6152 6251 6250
6311 6152 6153 6252 6251
6312 6153 6154 6253 6252
6313 6154 6155 6254 6253
6314 6155 6156 6255 6254
6315 6156 6157 6256 6255
6316 6157 6158 6257 6256
6317 6158 6159 6258 6257
6318 6159 6160 6259 6258
6319 6160 6161 6260 6259
6320 6161 6162 6261 6260
6321 6162 6163 6262 6261
6322 6163 6164 6263 6262
6323 6164 6165 6264 6263
6324 6165 6166 6265 6264
6325 6166 6167 6266 6265
6326 6167 6168 6267 6266
6327 6168 6169 6268 6267
6328 6169 6170 6269 6268
6329 6170 6171 6270 6269
6330 6171 6172 6271 6270
6331 6172 6173 6272 6271
6332 6173 6174 6273 6272
6333 6174 6175 6274 6273
6334 6175 6176 6275 6274
6335 6176 6177 6276 6275
6336 6177 6178 6277 6276
6337 6178 6179 6278 6277
6338 6179 6180 6279 6278
6339 6180 6181 6280 6279
6340 6181 6182 6281 6280
6341 6182 6183 6282 6281
6342 6183 6184 6283 6282
6343 6184 6185 6284 6283
6344 6185 6186 6285 6284
6345 6186 6187 6286 6285
6346 6187 6188 6287 6286
6347 6188 6189 6288 6287
6348 6189 6190 6289 6288
6349 6190 6191 6290 6289
6350 6191 6192 6291 6290
6351 6192 6193 6292 6291
6352 6193 6194 6293 6292
6353 6194 6195 6294 6293
6354 6195 6196 6295 6294
6355 6196 6197 6296 6295
6356 6197 6198 6297 6296
6357 6198 6199 6298 6297
6358 6199 6200 6299 6298
6359 6200 6201 6300 6299
6360 6201 6202 6301 6300
6361 6202 6203 6302 6301
6362 6203 6204 6303 6302
6363 6204 6205 6304 6303
6364 6205 6206 6305 6304
6365 6206 6207 6306 6305
6366 6207 6208 6307 6306
6367 6208 6209 6308 6307
6368 6209 6210 6309 6308
6369 6210 6211 6310 6309
6370 6211 6212 6311 6310
6371 6212 6213 6312 6311
6372 6213 6214 6313 6312
6373 6214 6215 6314 6313
6374 6215 6216 6315 6314
6375 6216 6217 6316 6315
6376 6217 6218 6317 6316
6377 6218 6219 6318 6317
6378 6219 6220 6319 6318
6379 6220 6221 6320 6319
6380 6221 6222 6321 6320
6381 6222 6223 6322 6321
6382 6223 6224 6323 6322
6383 6224 6225 6324 6323
6384 6225 6226 6325 6324
6385 6226 6227 6326 6325
6386 6227 6228 6327 6326
6387 6228 6229 6328 6327
6388 6229 6230 6329 6328
6389 6230 6231 6330 6329
6390 6231 6232 6331 6330
6391 6232 6233 6332 6331
6392 6233 6234 6333 6332
6393 6234 6235 6334 6333
6394 6235 6236 6335 6334
6395 6236 6237 6336 6335
6396 6237 6238 6337 6336
6397 6238 6239 6338 6337
6398 6239 6240 6339 6338
6399 6240 6241 6340 6339
6400 6241 163 164 6340
6401 342 6242 6341 341
6402 6242 6243 6342 6341
6403 6243 6244 6343 6342
6404 6244 6245 6344 6343
6405 6245 6246 6345 6344
6406 6246 6247 6346 6345
6407 6247 6248 6347 6346
6408 6248 6249 6348 6347
6409 6249 6250 6349 6348
6410 6250 6251 6350 6349
6411 6251 6252 6351 6350
6412 6252 6253 6352 6351
6413 6253 6254 6353 6352
6414 6254 6255 6354 6353
6415 6255 6256 6355 6354
6416 6256 6257 6356 6355
6417 6257 6258 6357 6356
6418 6258 6259 6358 6357
6419 6259 6260 6359 6358
6420 6260 6261 6360 6359
6421 6261 6262 6361 6360
6422 6262 6263 6362 6361
6423 6263 6264 6363 6362
6424 6264 6265 6364 6363
6425 6265 6266 6365 6364
6426 6266 6267 6366 6365
6427 6267 6268 6367 6366
6428 6268 6269 6368 6367
6429 6269 6270 6369 6368
6430 6270 6271 6370 6369
6431 6271 6272 6371 6370
6432 6272 6273 6372 6371
6433 6273 6274 6373 6372
6434 6274 6275 6374 6373
6435 6275 6276 6375 6374
6436 6276 6277 6376 6375
6437 6277 6278 6377 6376
6438 6278 6279 6378 6377
6439 6279 6280 6379 6378
6440 6280 6281 6380 6379
6441 6281 6282 6381 6380
6442 6282 6283 6382 6381
6443 6283 6284 6383 6382
6444 6284 6285 6384 6383
6445 6285 6286 6385 6384
6446 6286 6287 6386 6385
6447 6287 6288 6387 6386
6448 6288 6289 6388 6387
6449 6289 6290 6389 6388
6450 6290 6291 6390 6389
6451 6291 6292 6391 6390
6452 6292 6293 6392 6391
6453 6293 6294 6393 6392
6454 6294 6295 6394 6393
6455 6295 6296 6395 6394
6456 6296 6297 6396 6395
6457 6297 6298 6397 6396
6458 6298 6299 6398 6397
6459 6299 6300 6399 6398
6460 6300 6301 6400 6399
6461 6301 6302 6401 6400
6462 6302 6303 6402 6401
6463 6303 6304 6403 6402
6464 6304 6305 6404 6403
6465 6305 6306 6405 6404
6466 6306 6307 6406 6405
6467 6307 6308 6407 6406
6468 6308 6309 6408 6407
6469 6309 6310 6409 6408
6470 6310 6311 6410 6409
6471 6311 6312 6411 6410
6472 6312 6313 6412 6411
6473 6313 6314 6413 6412
6474 6314 6315 6414 6413
6475 6315 6316 6415 6414
6476 6316 6317 6416 6415
6477 6317 6318 6417 6416
6478 6318 6319 6418 6417
6479 6319 6320 6419 6418
6480 6320 6321 6420 6419
6481 6321 6322 6421 6420
6482 6322 6323 6422 6421
6483 6323 6324 6423 6422
6484 6324 6325 6424 6423
6485 6325 6326 6425 6424
6486 6326 6327 6426 6425
6487 6327 6328 6427 6426
6488 6328 6329 6428 6427
6489 6329 6330 6429 6428
6490 6330 6331 6430 6429
6491 6331 6332 6431 6430
6492 6332 6333 6432 6431
6493 6333 6334 6433 6432
6494 6334 6335 6434 6433
6495 6335 6336 6435 6434
6496 6336 6337 6436 6435
6497 6337 6338 6437 6436
6498 6338 6339 6438 6437
6499 6339 6340 6439 6438
6500 6340 164 165 6439
6501 341 6341 6440 340
6502 6341 6342 6441 6440
6503 6342 6343 6442 6441
6504 6343 6344 6443 6442
6505 6344 6345 6444 6443
6506 6345 6346 6445 6444
6507 6346 6347 6446 6445
6508 6347 6348 6447 6446
6509 6348 6349 6448 6447
6510 6349 6350 6449 6448
6511 6350 6351 6450 6449
6512 6351 6352 6451 6450
6513 6352 6353 6452 6451
6514 6353 6354 6453 6452
6515 6354 6355 6454 6453
6516 6355 6356 6455 6454
6517 6356 6357 6456 6455
6518 6357 6358 6457 6456
6519 6358 6359 6458 6457
6520 6359 6360 6459 6458
6521 6360 6361 6460 6459
6522 6361 6362 6461 6460
6523 6362 6363 6462 6461
6524 6363 6364 6463 6462
6525 6364 6365 6464 6463
6526 6365 6366 6465 6464
6527 6366 6367 6466 6465
6528 6367 6368 6467 6466
6529 6368 6369 6468 6467
6530 6369 6370 6469 6468
6531 6370 6371 6470 6469
6532 6371 6372 6471 6470
6533 6372 6373 6472 6471
6534 6373 6374 6473 6472
6535 6374 6375 6474 6473
6536 6375 6376 6475 6474
6537 6376 6377 6476 6475
6538 6377 6378 6477 6476
6539 6378 6379 6478 6477
6540 6379 6380 6479 6478
6541 6380 6381 6480 6479
6542 6381 6382 6481 6480
6543 6382 6383 6482 6481
6544 6383 6384 6483 6482
6545 6384 6385 6484 6483
6546 6385 6386 6485 6484
6547 6386 6387 6486 6485
6548 6387 6388 6487 6486
6549 6388 6389 6488 6487
6550 6389 6390 6489 6488
6551 6390 6391 6490 6489
6552 6391 6392 6491 6490
6553 6392 6393 6492 6491
6554 6393 6394 6493 6492
6555 6394 6395 6494 6493
6556 6395 6396 6495 6494
6557 6396 6397 6496 6495
6558 6397 6398 6497 6496
6559 6398 6399 6498 6497
6560 6399 6400 6499 6498
6561 6400 6401 6500 6499
6562 6401 6402 6501 6500
6563 6402 6403 6502 6501
6564 6403 6404 6503 6502
6565 6404 6405 6504 6503
6566 6405 6406 6505 6504
6567 6406 6407 6506 6505
6568 6407 6408 6507 6506
6569 6408 6409 6508 6507
6570 6409 6410 6509 6508
6571 6410 6411 6510 6509
6572 6411 6412 6511 6510
6573 6412 6413 6512 6511
6574 6413 6414 6513 6512
6575 6414 6415 6514 6513
6576 6415 6416 6515 6514
6577 6416 6417 6516 6515
6578 6417 6418 6517 6516
6579 6418 6419 6518 6517
6580 6419 6420 6519 6518
6581 6420 6421 6520 6519
6582 6421 6422 6521 6520
6583 6422 6423 6522 6521
6584 6423 6424 6523 6522
6585 6424 6425 6524 6523
6586 6425 6426 6525 6524
6587 6426 6427 6526 6525
6588 6427 6428 6527 6526
6589 6428 6429 6528 6527
6590 6429 6430 6529 6528
6591 6430 6431 6530 6529
6592 6431 6432 6531 6530
6593 6432 6433 6532 6531
6594 6433 6434 6533 6532
6595 6434 6435 6534 6533
6596 6435 6436 6535 6534
6597 6436 6437 6536 6535
6598 6437 6438 6537 6536
6599 6438 6439 6538 6537
6600 6439 165 166 6538
6601 340 6440 6539 339
6602 6440 6441 6540 6539
6603 6441 6442 6541 6540
6604 6442 6443 6542 6541
6605 6443 6444 6543 6542
6606 6444 6445 6544 6543
6607 6445 6446 6545 6544
6608 6446 6447 6546 6545
6609 6447 6448 6547 6546
6610 6448 6449 6548 6547
6611 6449 6450 6549 6548
6612 6450 6451 6550 6549
6613 6451 6452 6551 6550
6614 6452 6453 6552 6551
6615 6453 6454 6553 6552
6616 6454 6455 6554 6553
6617 6455 6456 6555 6554
6618 6456 6457 6556 6555
6619 6457 6458 6557 6556
6620 6458 6459 6558 6557
6621 6459 6460 6559 6558
6622 6460 6461 6560 6559
6623 6461 6462 6561 6560
6624 6462 6463 6562 6561
6625 6463 6464 6563 6562
6626 6464 6465 6564 6563
6627 6465 6466 6565 6564
6628 6466 6467 6566 6565
6629 6467 6468 6567 6566
6630 6468 6469 6568 6567
6631 6469 6470 6569 6568
6632 6470 6471 6570 6569
6633 6471 6472 6571 6570
6634 6472 6473 6572 6571
6635 6473 6474 6573 6572
6636 6474 6475 6574 6573
6637 6475 6476 6575 6574
6638 6476 6477 6576 6575
6639 6477 6478 6577 6576
6640 6478 6479 6578 6577
6641 6479 6480 6579 6578
6642 6480 6481 6580 6579
6643 6481 6482 6581 6580
6644 6482 6483 6582 6581
6645 6483 6484 6583 6582
6646 6484 6485 6584 6583
6647 6485 6486 6585 6584
6648 6486 6487 6586 6585
6649 6487 6488 6587 6586
6650 6488 6489 6588 6587
6651 6489 6490 6589 6588
6652 6490 6491 6590 6589
6653 6491 6492 6591 6590
6654 6492 6493 6592 6591
6655 6493 6494 6593 6592
6656 6494 6495 6594 6593
6657 6495 6496 6595 6594
6658 6496 6497 6596 6595
6659 6497 6498 6597 6596
6660 6498 6499 6598 6597
6661 6499 6500 6599 6598
6662 6500 6501 6600 6599
6663 6501 6502 6601 6600
6664 6502 6503 6602 6601
6665 6503 6504 6603 6602
6666 6504 6505 6604 6603
6667 6505 6506 6605 6604
6668 6506 6507 6606 6605
6669 6507 6508 6607 6606
6670 6508 6509 6608 6607
6671 6509 6510 6609 6608
6672 6510 6511 6610 6609
6673 6511 6512 6611 6610
6674 6512 6513 6612 6611
6675 6513 6514 6613 6612
6676 6514 6515 6614 6613
6677 6515 6516 6615 6614
6678 6516 6517 6616 6615
6679 6517 6518 6617 6616
6680 6518 6519 6618 6617
6681 6519 6520 6619 6618
6682 6520 6521 6620 6619
6683 6521 6522 6621 6620
6684 6522 6523 6622 6621
6685 6523 6524 6623 6622
6686 6524 6525 6624 6623
6687 6525 6526 6625 6624
6688 6526 6527 6626 6625
6689 6527 6528 6627 6626
6690 6528 6529 6628 6627
6691 6529 6530 6629 6628
6692 6530 6531 6630 6629
6693 6531 6532 6631 6630
6694 6532 6533 6632 6631
6695 6533 6534 6633 6632
6696 6534 6535 6634 6633
6697 6535 6536 6635 6634
6698 6536 6537 6636 6635
6699 6537 6538 6637 6636
6700 6538 166 167 6637
6701 339 6539 6638 338
6702 6539 6540 6639 6638
6703 6540 6541 6640 6639
6704 6541 6542 6641 6640
6705 6542 6543 6642 6641
6706 6543 6544 6643 6642
6707 6544 6545 6644 6643
6708 6545 6546 6645 6644
6709 6546 6547 6646 6645
6710 6547 6548 6647 6646
6711 6548 6549 6648 6647
6712 6549 6550 6649 6648
6713 6550 6551 6650 6649
6714 6551 6552 6651 6650
6715 6552 6553 6652 6651
6716 6553 6554 6653 6652
6717 6554 6555 6654 6653
6718 6555 6556 6655 6654
6719 6556 6557 6656 6655
6720 6557 6558 6657 6656
6721 6558 6559 6658 6657
6722 6559 6560 6659 6658
6723 6560 6561 6660 6659
6724 6561 6562 6661 6660
6725 6562 6563 6662 6661
6726 6563 6564 6663 6662
6727 6564 6565 6664 6663
6728 6565 6566 6665 6664
6729 6566 6567 6666 6665
6730 6567 6568 6667 6666
6731 6568 6569 6668 6667
6732 6569 6570 6669 6668
6733 6570 6571 6670 6669
6734 6571 6572 6671 6670
6735 6572 6573 6672 6671
6736 6573 6574 6673 6672
6737 6574 6575 6674 6673
6738 6575 6576 6675 6674
6739 6576 6577 6676 6675
6740 6577 6578 6677 6676
6741 6578 6579 6678 6677
6742 6579 6580 6679 6678
6743 6580 6581 6680 6679
6744 6581 6582 6681 6680
6745 6582 6583 6682 6681
6746 6583 6584 6683 6682
6747 6584 6585 6684 6683
6748 6585 6586 6685 6684
6749 6586 6587 6686 6685
6750 6587 6588 6687 6686
6751 6588 6589 6688 6687
6752 6589 6590 6689 6688
6753 6590 6591 6690 6689
6754 6591 6592 6691 6690
6755 6592 6593 6692 6691
6756 6593 6594 6693 6692
6757 6594 6595 6694 6693
6758 6595 6596 6695 6694
6759 6596 6597 6696 6695
6760 6597 6598 6697 6696
6761 6598 6599 6698 6697
6762 6599 6600 6699 6698
6763 6600 6601 6700 6699
6764 6601 6602 6701 6700
6765 6602 6603 6702 6701
6766 6603 6604 6703 6702
6767 6604 6605 6704 6703
6768 6605 6606 6705 6704
6769 6606 6607 6706 6705
6770 6607 6608 6707 6706
6771 6608 6609 6708 6707
6772 6609 6610 6709 6708
6773 6610 6611 6710 6709
6774 6611 6612 6711 6710
6775 6612 6613 6712 6711
6776 6613 6614 6713 6712
6777 6614 6615 6714 6713
6778 6615 6616 6715 6714
6779 6616 6617 6716 6715
6780 6617 6618 6717 6716
6781 6618 6619 6718 6717
6782 6619 6620 6719 6718
6783 6620 6621 6720 6719
6784 6621 6622 6721 6720
6785 6622 6623 6722 6721
6786 6623 6624 6723 6722
6787 6624 6625 6724 6723
6788 6625 6626 6725 6724
6789 6626 6627 6726 6725
6790 6627 6628 6727 6726
6791 6628 6629 6728 6727
6792 6629 6630 6729 6728
6793 6630 6631 6730 6729
6794 6631 6632 6731 6730
6795 6632 6633 6732 6731
6796 6633 6634 6733 6732
6797 6634 6635 6734 6733
6798 6635 6636 6735 6734
6799 6636 6637 6736 6735
6800 6637 167 168 6736
6801 338 6638 6737 337
6802 6638 6639 6738 6737
6803 6639 6640 6739 6738
6804 6640 6641 6740 6739
6805 6641 6642 6741 6740
6806 6642 6643 6742 6741
6807 6643 6644 6743 6742
6808 6644 6645 6744 6743
6809 6645 6646 6745 6744
6810 6646 6647 6746 6745
6811 6647 6648 6747 6746
6812 6648 6649 6748 6747
6813 6649 6650 6749 6748
6814 6650 6651 6750 6749
6815 6651 6652 6751 6750
6816 6652 6653 6752 6751
6817 6653 6654 6753 6752
6818 6654 6655 6754 6753
6819 6655 6656 6755 6754
6820 6656 6657 6756 6755
6821 6657 6658 6757 6756
6822 6658 6659 6758 6757
6823 6659 6660 6759 6758
6824 6660 6661 6760 6759
6825 6661 6662 6761 6760
6826 6662 6663 6762 6761
6827 6663 6664 6763 6762
6828 6664 6665 6764 6763
6829 6665 6666 6765 6764
6830 6666 6667 6766 6765
6831 6667 6668 6767 6766
6832 6668 6669 6768 6767
6833 6669 6670 6769 6768
6834 6670 6671 6770 6769
6835 6671 6672 6771 6770
6836 6672 6673 6772 6771
6837 6673 6674 6773 6772
6838 6674 6675 6774 6773
6839 6675 6676 6775 6774
6840 6676 6677 6776 6775
6841 6677 6678 6777 6776
6842 6678 6679 6778 6777
6843 6679 6680 6779 6778
6844 6680 6681 6780 6779
6845 6681 6682 6781 6780
6846 6682 6683 6782 6781
6847 6683 6684 6783 6782
6848 6684 6685 6784 6783
6849 6685 6686 6785 6784
6850 6686 6687 6786 6785
6851 6687 6688 6787 6786
6852 6688 6689 6788 6787
6853 6689 6690 6789 6788
6854 6690 6691 6790 6789
6855 6691 6692 6791 6790
6856 6692 6693 6792 6791
6857 6693 6694 6793 6792
6858 6694 6695 6794 6793
6859 6695 6696 6795 6794
6860 6696 6697 6796 6795
6861 6697 6698 6797 6796
6862 6698 6699 6798 6797
6863 6699 6700 6799 6798
6864 6700 6701 6800 6799
6865 6701 6702 6801 6800
6866 6702 6703 6802 6801
6867 6703 6704 6803 6802
6868 6704 6705 6804 6803
6869 6705 6706 6805 6804
6870 6706 6707 6806 6805
6871 6707 6708 6807 6806
6872 6708 6709 6808 6807
6873 6709 6710 6809 6808
6874 6710 6711 6810 6809
6875 6711 6712 6811 6810
6876 6712 6713 6812 6811
6877 6713 6714 6813 6812
6878 6714 6715 6814 6813
6879 6715 6716 6815 6814
6880 6716 6717 6816 6815
6881 6717 6718 6817 6816
6882 6718 6719 6818 6817
6883 6719 6720 6819 6818
6884 6720 6721 6820 6819
6885 6721 6722 6821 6820
6886 6722 6723 6822 6821
6887 6723 6724 6823 6822
6888 6724 6725 6824 6823
6889 6725 6726 6825 6824
6890 6726 6727 6826 6825
6891 6727 6728 6827 6826
6892 6728 6729 6828 6827
6893 6729 6730 6829 6828
6894 6730 6731 6830 6829
6895 6731 6732 6831 6830
6896 6732 6733 6832 6831
6897 6733 6734 6833 6832
6898 6734 6735 6834 6833
6899 6735 6736 6835 6834
6900 6736 168 169 6835
6901 337 6737 6836 336
6902 6737 6738 6837 6836
6903 6738 6739 6838 6837
6904 6739 6740 6839 6838
6905 6740 6741 6840 6839
6906 6741 6742 6841 6840
6907 6742 6743 6842 6841
6908 6743 6744 6843 6842
6909 6744 6745 6844 6843
6910 6745 6746 6845 6844
6911 6746 6747 6846 6845
6912 6747 6748 6847 6846
6913 6748 6749 6848 6847
6914 6749 6750 6849 6848
6915 6750 6751 6850 6849
6916 6751 6752 6851 6850
6917 6752 6753 6852 6851
6918 6753 6754 6853 6852
6919 6754 6755 6854 6853
6920 6755 6756 6855 6854
6921 6756 6757 6856 6855
6922 6757 6758 6857 6856
6923 6758 6759 6858 6857
6924 6759 6760 6859 6858
6925 6760 6761 6860 6859
6926 6761 6762 6861 6860
6927 6762 6763 6862 6861
6928 6763 6764 6863 6862
6929 6764 6765 6864 6863
6930 6765 6766 6865 6864
6931 6766 6767 6866 6865
6932 6767 6768 6867 6866
6933 6768 6769 6868 6867
6934 6769 6770 6869 6868
6935 6770 6771 6870 6869
6936 6771 6772 6871 6870
6937 6772 6773 6872 6871
6938 6773 6774 6873 6872
6939 6774 6775 6874 6873
6940 6775 6776 6875 6874
6941 6776 6777 6876 6875
6942 6777 6778 6877 6876
6943 6778 6779 6878 6877
6944 6779 6780 6879 6878
6945 6780 6781 6880 6879
6946 6781 6782 6881 6880
6947 6782 6783 6882 6881
6948 6783 6784 6883 6882
6949 6784 6785 6884 6883
6950 6785 6786 6885 6884
6951 6786 6787 6886 6885
6952 6787 6788 6887 6886
6953 6788 6789 6888 6887
6954 6789 6790 6889 6888
6955 6790 6791 6890 6889
6956 6791 6792 6891 6890
6957 6792 6793 6892 6891
6958 6793 6794 6893 6892
6959 6794 6795 6894 6893
6960 6795 6796 6895 6894
6961 6796 6797 6896 6895
6962 6797 6798 6897 6896
6963 6798 6799 6898 6897
6964 6799 6800 6899 6898
6965 6800 6801 6900 6899
6966 6801 6802 6901 6900
6967 6802 6803 6902 6901
6968 6803 6804 6903 6902
6969 6804 6805 6904 6903
6970 6805 6806 6905 6904
6971 6806 6807 6906 6905
6972 6807 6808 6907 6906
6973 6808 6809 6908 6907
6974 6809 6810 6909 6908
6975 6810 6811 6910 6909
6976 6811 6812 6911 6910
6977 6812 6813 6912 6911
6978 6813 6814 6913 6912
6979 6814 6815 6914 6913
6980 6815 6816 6915 6914
6981 6816 6817 6916 6915
6982 6817 6818 6917 6916
6983 6818 6819 6918 6917
6984 6819 6820 6919 6918
6985 6820 6821 6920 6919
6986 6821 6822 6921 6920
6987 6822 6823 6922 6921
6988 6823 6824 6923 6922
6989 6824 6825 6924 6923
6990 6825 6826 6925 6924
6991 6826 6827 6926 6925
6992 6827 6828 6927 6926
6993 6828 6829 6928 6927
6994 6829 6830 6929 6928
6995 6830 6831 6930 6929
6996 6831 6832 6931 6930
6997 6832 6833 6932 6931
6998 6833 6834 6933 6932
6999 6834 6835 6934 6933
7000 6835 169 170 6934
7001 336 6836 6935 335
7002 6836 6837 6936 6935
7003 6837 6838 6937 6936
7004 6838 6839 6938 6937
7005 6839 6840 6939 6938
7006 6840 6841 6940 6939
7007 6841 6842 6941 6940
7008 6842 6843 6942 6941
7009 6843 6844 6943 6942
7010 6844 6845 6944 6943
7011 6845 6846 6945 6944
7012 6846 6847 6946 6945
7013 6847 6848 6947 6946
7014 6848 6849 6948 6947
7015 6849 6850 6949 6948
7016 6850 6851 6950 6949
7017 6851 6852 6951 6950
7018 6852 6853 6952 6951
7019 6853 6854 6953 6952
7020 6854 6855 6954 6953
7021 6855 6856 6955 6954
7022 6856 6857 6956 6955
7023 6857 6858 6957 6956
7024 6858 6859 6958 6957
7025 6859 6860 6959 6958
7026 6860 6861 6960 6959
7027 6861 6862 6961 6960
7028 6862 6863 6962 6961
7029 6863 6864 6963 6962
7030 6864 6865 6964 6963
7031 6865 6866 6965 6964
7032 6866 6867 6966 6965
7033 6867 6868 6967 6966
7034 6868 6869 6968 6967
7035 6869 6870 6969 6968
7036 6870 6871 6970 6969
7037 6871 6872 6971 6970
7038 6872 6873 6972 6971
7039 6873 6874 6973 6972
7040 6874 6875 6974 6973
7041 6875 6876 6975 6974
7042 6876 6877 6976 6975
7043 6877 6878 6977 6976
7044 6878 6879 6978 6977
7045 6879 6880 6979 6978
7046 6880 6881 6980 6979
7047 6881 6882 6981 6980
7048 6882 6883 6982 6981
7049 6883 6884 6983 6982
7050 6884 6885 6984 6983
7051 6885 6886 6985 6984
7052 6886 6887 6986 6985
7053 6887 6888 6987 6986
7054 6888 6889 6988 6987
7055 6889 6890 6989 6988
7056 6890 6891 6990 6989
7057 6891 6892 6991 6990
7058 6892 6893 6992 6991
7059 6893 6894 6993 6992
7060 6894 6895 6994 6993
7061 6895 6896 6995 6994
7062 6896 6897 6996 6995
7063 6897 6898 6997 6996
7064 6898 6899 6998 6997
7065 6899 6900 6999 6998
7066 6900 6901 7000 6999
7067 6901 6902 7001 7000
7068 6902 6903 7002 7001
7069 6903 6904 7003 7002
7070 6904 6905 7004 7003
7071 6905 6906 7005 7004
7072 6906 6907 7006 7005
7073 6907 6908 7007 7006
7074 6908 6909 7008 7007
7075 6909 6910 7009 7008
7076 6910 6911 7010 7009
7077 6911 6912 7011 7010
7078 6912 6913 7012 7011
7079 6913 6914 7013 7012
7080 6914 6915 7014 7013
7081 6915 6916 7015 7014
7082 6916 6917 7016 7015
7083 6917 6918 7017 7016
7084 6918 6919 7018 7017
7085 6919 6920 7019 7018
7086 6920 6921 7020 7019
7087 6921 6922 7021 7020
7088 6922 6923 7022 7021
7089 6923 6924 7023 7022
7090 6924 6925 7024 7023
7091 6925 6926 7025 7024
7092 6926 6927 7026 7025
7093 6927 6928 7027 7026
7094 6928 6929 7028 7027
7095 6929 6930 7029 7028
7096 6930 6931 7030 7029
7097 6931 6932 7031 7030
7098 6932 6933 7032 7031
7099 6933 6934 7033 7032
7100 6934 170 171 7033
7101 335 6935 7034 334
7102 6935 6936 7035 7034
7103 6936 6937 7036 7035
7104 6937 6938 7037 7036
7105 6938 6939 7038 7037
7106 6939 6940 7039 7038
7107 6940 6941 7040 7039
7108 6941 6942 7041 7040
7109 6942 6943 7042 7041
7110 6943 6944 7043 7042
7111 6944 6945 7044 7043
7112 6945 6946 7045 7044
7113 6946 6947 7046 7045
7114 6947 6948 7047 7046
7115 6948 6949 7048 7047
7116 6949 6950 7049 7048
7117 6950 6951 7050 7049
7118 6951 6952 7051 7050
7119 6952 6953 7052 7051
7120 6953 6954 7053 7052
7121 6954 6955 7054 7053
7122 6955 6956 7055 7054
7123 6956 6957 7056 7055
7124 6957 6958 7057 7056
7125 6958 6959 7058 7057
7126 6959 6960 7059 7058
7127 6960 6961 7060 7059
7128 6961 6962 7061 7060
7129 6962 6963 7062 7061
7130 6963 6964 7063 7062
7131 6964 6965 7064 7063
7132 6965 6966 7065 7064
7133 6966 6967 7066 7065
7134 6967 6968 7067 7066
7135 6968 6969 7068 7067
7136 6969 6970 7069 7068
7137 6970 6971 7070 7069
7138 6971 6972 7071 7070
7139 6972 6973 7072 7071
7140 6973 6974 7073 7072
7141 6974 6975 7074 7073
7142 6975 6976 7075 7074
7143 6976 6977 7076 7075
7144 6977 6978 7077 7076
7145 6978 6979 7078 7077
7146 6979 6980 7079 7078
7147 6980 6981 7080 7079
7148 6981 6982 7081 7080
7149 6982 6983 7082 7081
7150 6983 6984 7083 7082
7151 6984 6985 7084 7083
7152 6985 6986 7085 7084
7153 6986 6987 7086 7085
7154 6987 6988 7087 7086
7155 6988 6989 7088 7087
7156 6989 6990 7089 7088
7157 6990 6991 7090 7089
7158 6991 6992 7091 7090
7159 6992 6993 7092 7091
7160 6993 6994 7093 7092
7161 6994 6995 7094 7093
7162 6995 6996 7095 7094
7163 6996 6997 7096 7095
7164 6997 6998 7097 7096
7165 6998 6999 7098 7097
7166 6999 7000 7099 7098
7167 7000 7001 7100 7099
7168 7001 7002 7101 7100
7169 7002 7003 7102 7101
7170 7003 7004 7103 7102
7171 7004 7005 7104 7103
7172 7005 7006 7105 7104
7173 7006 7007 7106 7105
7174 7007 7008 7107 7106
7175 7008 7009 7108 7107
7176 7009 7010 7109 7108
7177 7010 7011 7110 7109
7178 7011 7012 7111 7110
7179 7012 7013 7112 7111
7180 7013 7014 7113 7112
7181 7014 7015 7114 7113
7182 7015 7016 7115 7114
7183 7016 7017 7116 7115
7184 7017 7018 7117 7116
7185 7018 7019 7118 7117
7186 7019 7020 7119 7118
7187 7020 7021 7120 7119
7188 7021 7022 7121 7120
7189 7022 7023 7122 7121
7190 7023 7024 7123 7122
7191 7024 7025 7124 7123
7192 7025 7026 7125 7124
7193 7026 7027 7126 7125
7194 7027 7028 7127 7126
7195 7028 7029 7128 7127
7196 7029 7030 7129 7128
7197 7030 7031 7130 7129
7198 7031 7032 7131 7130
7199 7032 7033 7132 7131
7200 7033 171 172 7132
7201 334 7034 7133 333
7202 7034 7035 7134 7133
7203 7035 7036 7135 7134
7204 7036 7037 7136 7135
7205 7037 7038 7137 7136
7206 7038 7039 7138 7137
7207 7039 7040 7139 7138
7208 7040 7041 7140 7139
7209 7041 7042 7141 7140
7210 7042 7043 7142 7141
7211 7043 7044 7143 7142
7212 7044 7045 7144 7143
7213 7045 7046 7145 7144
7214 7046 7047 7146 7145
7215 7047 7048 7147 7146
7216 7048 7049 7148 7147
7217 7049 7050 7149 7148
7218 7050 7051 7150 7149
7219 7051 7052 7151 7150
7220 7052 7053 7152 7151
7221 7053 7054 7153 7152
7222 7054 7055 7154 7153
7223 7055 7056 7155 7154
7224 7056 7057 7156 7155
7225 7057 7058 7157 7156
7226 7058 7059 7158 7157
7227 7059 7060 7159 7158
7228 7060 7061 7160 7159
7229 7061 7062 7161 7160
7230 7062 7063 7162 7161
7231 7063 7064 7163 7162
7232 7064 7065 7164 7163
7233 7065 7066 7165 7164
7234 7066 7067 7166 7165
7235 7067 7068 7167 7166
7236 7068 7069 7168 7167
7237 7069 7070 7169 7168
7238 7070 7071 7170 7169
7239 7071 7072 7171 7170
7240 7072 7073 7172 7171
7241 7073 7074 7173 7172
7242 7074 7075 7174 7173
7243 7075 7076 7175 7174
7244 7076 7077 7176 7175
7245 7077 7078 7177 7176
7246 7078 7079 7178 7177
7247 7079 7080 7179 7178
7248 7080 7081 7180 7179
7249 7081 7082 7181 7180
7250 7082 7083 7182 7181
7251 7083 7084 7183 7182
7252 7084 7085 7184 7183
7253 7085 7086 7185 7184
7254 7086 7087 7186 7185
7255 7087 7088 7187 7186
7256 7088 7089 7188 7187
7257 7089 7090 7189 7188
7258 7090 7091 7190 7189
7259 7091 7092 7191 7190
7260 7092 7093 7192 7191
7261 7093 7094 7193 7192
7262 7094 7095 7194 7193
7263 7095 7096 7195 7194
7264 7096 7097 7196 7195
7265 7097 7098 7197 7196
7266 7098 7099 7198 7197
7267 7099 7100 7199 7198
7268 7100 7101 7200 7199
7269 7101 7102 7201 7200
7270 7102 7103 7202 7201
7271 7103 7104 7203 7202
7272 7104 7105 7204 7203
7273 7105 7106 7205 7204
7274 7106 7107 7206 7205
7275 7107 7108 7207 7206
7276 7108 7109 7208 7207
7277 7109 7110 7209 7208
7278 7110 7111 7210 7209
7279 7111 7112 7211 7210
7280 7112 7113 7212 7211
7281 7113 7114 7213 7212
7282 7114 7115 7214 7213
7283 7115 7116 7215 7214
7284 7116 7117 7216 7215
7285 7117 7118 7217 7216
7286 7118 7119 7218 7217
7287 7119 7120 7219 7218
7288 7120 7121 7220 7219
7289 7121 7122 7221 7220
7290 7122 7123 7222 7221
7291 7123 7124 7223 7222
7292 7124 7125 7224 7223
7293 7125 7126 7225 7224
7294 7126 7127 7226 7225
7295 7127 7128 7227 7226
7296 7128 7129 7228 7227
7297 7129 7130 7229 7228
7298 7130 7131 7230 7229
7299 7131 7132 7231 7230
7300 7132 172 173 7231
7301 333 7133 7232 332
7302 7133 7134 7233 7232
7303 7134 7135 7234 7233
7304 7135 7136 7235 7234
7305 7136 7137 7236 7235
7306 7137 7138 7237 7236
7307 7138 7139 7238 7237
7308 7139 7140 7239 7238
7309 7140 7141 7240 7239
7310 7141 7142 7241 7240
7311 7142 7143 7242 7241
7312 7143 7144 7243 7242
7313 7144 7145 7244 7243
7314 7145 7146 7245 7244
7315 7146 7147 7246 7245
7316 7147 7148 7247 7246
7317 7148 7149 7248 7247
7318 7149 7150 7249 7248
7319 7150 7151 7250 7249
7320 7151 7152 7251 7250
7321 7152 7153 7252 7251
7322 7153 7154 7253 7252
7323 7154 7155 7254 7253
7324 7155 7156 7255 7254
7325 7156 7157 7256 7255
7326 7157 7158 7257 7256
7327 7158 7159 7258 7257
7328 7159 7160 7259 7258
7329 7160 7161 7260 7259
7330 7161 7162 7261 7260
7331 7162 7163 7262 7261
7332 7163 7164 7263 7262
7333 7164 7165 7264 7263
7334 7165 7166 7265 7264
7335 7166 7167 7266 7265
7336 7167 7168 7267 7266
7337 7168 7169 7268 7267
7338 7169 7170 7269 7268
7339 7170 7171 7270 7269
7340 7171 7172 7271 7270
7341 7172 7173 7272 7271
7342 7173 7174 7273 7272
7343 7174 7175 7274 7273
7344 7175 7176 7275 7274
7345 7176 7177 7276 7275
7346 7177 7178 7277 7276
7347 7178 7179 7278 7277
7348 7179 7180 7279 7278
7349 7180 7181 7280 7279
7350 7181 7182 7281 7280
7351 7182 7183 7282 7281
7352 7183 7184 7283 7282
7353 7184 7185 7284 7283
7354 7185 7186 7285 7284
7355 7186 7187 7286 7285
7356 7187 7188 7287 7286
7357 7188 7189 7288 7287
7358 7189 7190 7289 7288
7359 7190 7191 7290 7289
7360 7191 7192 7291 7290
7361 7192 7193 7292 7291
7362 7193 7194 7293 7292
7363 7194 7195 7294 7293
7364 7195 7196 7295 7294
7365 7196 7197 7296 7295
7366 7197 7198 7297 7296
7367 7198 7199 7298 7297
7368 7199 7200 7299 7298
7369 7200 7201 7300 7299
7370 7201 7202 7301 7300
7371 7202 7203 7302 7301
7372 7203 7204 7303 7302
7373 7204 7205 7304 7303
7374 7205 7206 7305 7304
7375 7206 7207 7306 7305
7376 7207 7208 7307 7306
7377 7208 7209 7308 7307
7378 7209 7210 7309 7308
7379 7210 7211 7310 7309
7380 7211 7212 7311 7310
7381 7212 7213 7312 7311
7382 7213 7214 7313 7312
7383 7214 7215 7314 7313
7384 7215 7216 7315 7314
7385 7216 7217 7316 7315
7386 7217 7218 7317 7316
7387 7218 7219 7318 7317
7388 7219 7220 7319 7318
7389 7220 7221 7320 7319
7390 7221 7222 7321 7320
7391 7222 7223 7322 7321
7392 7223 7224 7323 7322
7393 7224 7225 7324 7323
7394 7225 7226 7325 7324
7395 7226 7227 7326 7325
7396 7227 7228 7327 7326
7397 7228 7229 7328 7327
7398 7229 7230 7329 7328
7399 7230 7231 7330 7329
7400 7231 173 174 7330
7401 332 7232 7331 331
7402 7232 7233 7332 7331
7403 7233 7234 7333 7332
7404 7234 7235 7334 7333
7405 7235 7236 7335 7334
7406 7236 7237 7336 7335
7407 7237 7238 7337 7336
7408 7238 7239 7338 7337
7409 7239 7240 7339 7338
7410 7240 7241 7340 7339
7411 7241 7242 7341 7340
7412 7242 7243 7342 7341
7413 7243 7244 7343 7342
7414 7244 7245 7344 7343
7415 7245 7246 7345 7344
7416 7246 7247 7346 7345
7417 7247 7248 7347 7346
7418 7248 7249 7348 7347
7419 7249 7250 7349 7348
7420 7250 7251 7350 7349
7421 7251 7252 7351 7350
7422 7252 7253 7352 7351
7423 7253 7254 7353 7352
7424 7254 7255 7354 7353
7425 7255 7256 7355 7354
7426 7256 7257 7356 7355
7427 7257 7258 7357 7356
7428 7258 7259 7358 7357
7429 7259 7260 7359 7358
7430 7260 7261 7360 7359
7431 7261 7262 7361 7360
7432 7262 7263 7362 7361
7433 7263 7264 7363 7362
7434 7264 7265 7364 7363
7435 7265 7266 7365 7364
7436 7266 7267 7366 7365
7437 7267 7268 7367 7366
7438 7268 7269 7368 7367
7439 7269 7270 7369 7368
7440 7270 7271 7370 7369
7441 7271 7272 7371 7370
7442 7272 7273 7372 7371
7443 7273 7274 7373 7372
7444 7274 7275 7374 7373
7445 7275 7276 7375 7374
7446 7276 7277 7376 7375
7447 7277 7278 7377 7376
7448 7278 7279 7378 7377
7449 7279 7280 7379 7378
7450 7280 7281 7380 7379
7451 7281 7282 7381 7380
7452 7282 7283 7382 7381
7453 7283 7284 7383 7382
7454 7284 7285 7384 7383
7455 7285 7286 7385 7384
7456 7286 7287 7386 7385
7457 7287 7288 7387 7386
7458 7288 7289 7388 7387
7459 7289 7290 7389 7388
7460 7290 7291 7390 7389
7461 7291 7292 7391 7390
7462 7292 7293 7392 7391
7463 7293 7294 7393 7392
7464 7294 7295 7394 7393
7465 7295 7296 7395 7394
7466 7296 7297 7396 7395
7467 7297 7298 7397 7396
7468 7298 7299 7398 7397
7469 7299 7300 7399 7398
7470 7300 7301 7400 7399
7471 7301 7302 7401 7400
7472 7302 7303 7402 7401
7473 7303 7304 7403 7402
7474 7304 7305 7404 7403
7475 7305 7306 7405 7404
7476 7306 7307 7406 7405
7477 7307 7308 7407 7406
7478 7308 7309 7408 7407
7479 7309 7310 7409 7408
7480 7310 7311 7410 7409
7481 7311 7312 7411 7410
7482 7312 7313 7412 7411
7483 7313 7314 7413 7412
7484 7314 7315 7414 7413
7485 7315 7316 7415 7414
7486 7316 7317 7416 7415
7487 7317 7318 7417 7416
7488 7318 7319 7418 7417
7489 7319 7320 7419 7418
7490 7320 7321 7420 7419
7491 7321 7322 7421 7420
7492 7322 7323 7422 7421
7493 7323 7324 7423 7422
7494 7324 7325 7424 7423
7495 7325 7326 7425 7424
7496 7326 7327 7426 7425
7497 7327 7328 7427 7426
7498 7328 7329 7428 7427
7499 7329 7330 7429 7428
7500 7330 174 175 7429
7501 331 7331 7430 330
7502 7331 7332 7431 7430
7503 7332 7333 7432 7431
7504 7333 7334 7433 7432
7505 7334 7335 7434 7433
7506 7335 7336 7435 7434
7507 7336 7337 7436 7435
7508 7337 7338 7437 7436
7509 7338 7339 7438 7437
7510 7339 7340 7439 7438
7511 7340 7341 7440 7439
7512 7341 7342 7441 7440
7513 7342 7343 7442 7441
7514 7343 7344 7443 7442
7515 7344 7345 7444 7443
7516 7345 7346 7445 7444
7517 7346 7347 7446 7445
7518 7347 7348 7447 7446
7519 7348 7349 7448 7447
7520 7349 7350 7449 7448
7521 7350 7351 7450 7449
7522 7351 7352 7451 7450
7523 7352 7353 7452 7451
7524 7353 7354 7453 7452
7525 7354 7355 7454 7453
7526 7355 7356 7455 7454
7527 7356 7357 7456 7455
7528 7357 7358 7457 7456
7529 7358 7359 7458 7457
7530 7359 7360 7459 7458
7531 7360 7361 7460 7459
7532 7361 7362 7461 7460
7533 7362 7363 7462 7461
7534 7363 7364 7463 7462
7535 7364 7365 7464 7463
7536 7365 7366 7465 7464
7537 7366 7367 7466 7465
7538 7367 7368 7467 7466
7539 7368 7369 7468 7467
7540 7369 7370 7469 7468
7541 7370 7371 7470 7469
7542 7371 7372 7471 7470
7543 7372 7373 7472 7471
7544 7373 7374 7473 7472
7545 7374 7375 7474 7473
7546 7375 7376 7475 7474
7547 7376 7377 7476 7475
7548 7377 7378 7477 7476
7549 7378 7379 7478 7477
7550 7379 7380 7479 7478
7551 7380 7381 7480 7479
7552 7381 7382 7481 7480
7553 7382 7383 7482 7481
7554 7383 7384 7483 7482
7555 7384 7385 7484 7483
7556 7385 7386 7485 7484
7557 7386 7387 7486 7485
7558 7387 7388 7487 7486
7559 7388 7389 7488 7487
7560 7389 7390 7489 7488
7561 7390 7391 7490 7489
7562 7391 7392 7491 7490
7563 7392 7393 7492 7491
7564 7393 7394 7493 7492
7565 7394 7395 7494 7493
7566 7395 7396 7495 7494
7567 7396 7397 7496 7495
7568 7397 7398 7497 7496
7569 7398 7399 7498 7497
7570 7399 7400 7499 7498
7571 7400 7401 7500 7499
7572 7401 7402 7501 7500
7573 7402 7403 7502 7501
7574 7403 7404 7503 7502
7575 7404 7405 7504 7503
7576 7405 7406 7505 7504
7577 7406 7407 7506 7505
7578 7407 7408 7507 7506
7579 7408 7409 7508 7507
7580 7409 7410 7509 7508
7581 7410 7411 7510 7509
7582 7411 7412 7511 7510
7583 7412 7413 7512 7511
7584 7413 7414 7513 7512
7585 7414 7415 7514 7513
7586 7415 7416 7515 7514
7587 7416 7417 7516 7515
7588 7417 7418 7517 7516
7589 7418 7419 7518 7517
7590 7419 7420 7519 7518
7591 7420 7421 7520 7519
7592 7421 7422 7521 7520
7593 7422 7423 7522 7521
7594 7423 7424 7523 7522
7595 7424 7425 7524 7523
7596 7425 7426 7525 7524
7597 7426 7427 7526 7525
7598 7427 7428 7527 7526
7599 7428 7429 7528 7527
7600 7429 175 176 7528
7601 330 7430 7529 329
7602 7430 7431 7530 7529
7603 7431 7432 7531 7530
7604 7432 7433 7532 7531
7605 7433 7434 7533 7532
7606 7434 7435 7534 7533
7607 7435 7436 7535 7534
7608 7436 7437 7536 7535
7609 7437 7438 7537 7536
7610 7438 7439 7538 7537
7611 7439 7440 7539 7538
7612 7440 7441 7540 7539
7613 7441 7442 7541 7540
7614 7442 7443 7542 7541
7615 7443 7444 7543 7542
7616 7444 7445 7544 7543
7617 7445 7446 7545 7544
7618 7446 7447 7546 7545
7619 7447 7448 7547 7546
7620 7448 7449 7548 7547
7621 7449 7450 7549 7548
7622 7450 7451 7550 7549
7623 7451 7452 7551 7550
7624 7452 7453 7552 7551
7625 7453 7454 7553 7552
7626 7454 7455 7554 7553
7627 7455 7456 7555 7554
7628 7456 7457 7556 7555
7629 7457 7458 7557 7556
7630 7458 7459 7558 7557
7631 7459 7460 7559 7558
7632 7460 7461 7560 7559
7633 7461 7462 7561 7560
7634 7462 7463 7562 7561
7635 7463 7464 7563 7562
7636 7464 7465 7564 7563
7637 7465 7466 7565 7564
7638 7466 7467 7566 7565
7639 7467 7468 7567 7566
7640 7468 7469 7568 7567
7641 7469 7470 7569 7568
7642 7470 7471 7570 7569
7643 7471 7472 7571 7570
7644 7472 7473 7572 7571
7645 7473 7474 7573 7572
7646 7474 7475 7574 7573
7647 7475 7476 7575 7574
7648 7476 7477 7576 7575
7649 7477 7478 7577 7576
7650 7478 7479 7578 7577
7651 7479 7480 7579 7578
7652 7480 7481 7580 7579
7653 7481 7482 7581 7580
7654 7482 7483 7582 7581
7655 7483 7484 7583 7582
7656 7484 7485 7584 7583
7657 7485 7486 7585 7584
7658 7486 7487 7586 7585
7659 7487 7488 7587 7586
7660 7488 7489 7588 7587
7661 7489 7490 7589 7588
7662 7490 7491 7590 7589
7663 7491 7492 7591 7590
7664 7492 7493 7592 7591
7665 7493 7494 7593 7592
7666 7494 7495 7594 7593
7667 7495 7496 7595 7594
7668 7496 7497 7596 7595
7669 7497 7498 7597 7596
7670 7498 7499 7598 7597
7671 7499 7500 7599 7598
7672 7500 7501 7600 7599
7673 7501 7502 7601 7600
7674 7502 7503 7602 7601
7675 7503 7504 7603 7602
7676 7504 7505 7604 7603
7677 7505 7506 7605 7604
7678 7506 7507 7606 7605
7679 7507 7508 7607 7606
7680 7508 7509 7608 7607
7681 7509 7510 7609 7608
7682 7510 7511 7610 7609
7683 7511 7512 7611 7610
7684 7512 7513 7612 7611
7685 7513 7514 7613 7612
7686 7514 7515 7614 7613
7687 7515 7516 7615 7614
7688 7516 7517 7616 7615
7689 7517 7518 7617 7616
7690 7518 7519 7618 7617
7691 7519 7520 7619 7618
7692 7520 7521 7620 7619
7693 7521 7522 7621 7620
7694 7522 7523 7622 7621
7695 7523 7524 7623 7622
7696 7524 7525 7624 7623
7697 7525 7526 7625 7624
7698 7526 7527 7626 7625
7699 7527 7528 7627 7626
7700 7528 176 177 7627
7701 329 7529 7628 328
7702 7529 7530 7629 7628
7703 7530 7531 7630 7629
7704 7531 7532 7631 7630
7705 7532 7533 7632 7631
7706 7533 7534 7633 7632
7707 7534 7535 7634 7633
7708 7535 7536 7635 7634
7709 7536 7537 7636 7635
7710 7537 7538 7637 7636
7711 7538 7539 7638 7637
7712 7539 7540 7639 7638
7713 7540 7541 7640 7639
7714 7541 7542 7641 7640
7715 7542 7543 7642 7641
7716 7543 7544 7643 7642
7717 7544 7545 7644 7643
7718 7545 7546 7645 7644
7719 7546 7547 7646 7645
7720 7547 7548 7647 7646
7721 7548 7549 7648 7647
7722 7549 7550 7649 7648
7723 7550 7551 7650 7649
7724 7551 7552 7651 7650
7725 7552 7553 7652 7651
7726 7553 7554 7653 7652
7727 7554 7555 7654 7653
7728 7555 7556 7655 7654
7729 7556 7557 7656 7655
7730 7557 7558 7657 7656
7731 7558 7559 7658 7657
7732 7559 7560 7659 7658
7733 7560 7561 7660 7659
7734 7561 7562 7661 7660
7735 7562 7563 7662 7661
7736 7563 7564 7663 7662
7737 7564 7565 7664 7663
7738 7565 7566 7665 7664
7739 7566 7567 7666 7665
7740 7567 7568 7667 7666
7741 7568 7569 7668 7667
7742 7569 7570 7669 7668
7743 7570 7571 7670 7669
7744 7571 7572 7671 7670
7745 7572 7573 7672 7671
7746 7573 7574 7673 7672
7747 7574 7575 7674 7673
7748 7575 7576 7675 7674
7749 7576 7577 7676 7675
7750 7577 7578 7677 7676
7751 7578 7579 7678 7677
7752 7579 7580 7679 7678
7753 7580 7581 7680 7679
7754 7581 7582 7681 7680
7755 7582 7583 7682 7681
7756 7583 7584 7683 7682
7757 7584 7585 7684 7683
7758 7585 7586 7685 7684
7759 7586 7587 7686 7685
7760 7587 7588 7687 7686
7761 7588 7589 7688 7687
7762 7589 7590 7689 7688
7763 7590 7591 7690 7689
7764 7591 7592 7691 7690
7765 7592 7593 7692 7691
7766 7593 7594 7693 7692
7767 7594 7595 7694 7693
7768 7595 7596 7695 7694
7769 7596 7597 7696 7695
7770 7597 7598 7697 7696
7771 7598 7599 7698 7697
7772 7599 7600 7699 7698
7773 7600 7601 7700 7699
7774 7601 7602 7701 7700
7775 7602 7603 7702 7701
7776 7603 7604 7703 7702
7777 7604 7605 7704 7703
7778 7605 7606 7705 7704
7779 7606 7607 7706 7705
7780 7607 7608 7707 7706
7781 7608 7609 7708 7707
7782 7609 7610 7709 7708
7783 7610 7611 7710 7709
7784 7611 7612 7711 7710
7785 7612 7613 7712 7711
7786 7613 7614 7713 7712
7787 7614 7615 7714 7713
7788 7615 7616 7715 7714
7789 7616 7617 7716 7715
7790 7617 7618 7717 7716
7791 7618 7619 7718 7717
7792 7619 7620 7719 7718
7793 7620 7621 7720 7719
7794 7621 7622 7721 7720
7795 7622 7623 7722 7721
7796 7623 7624 7723 7722
7797 7624 7625 7724 7723
7798 7625 7626 7725 7724
7799 7626 7627 7726 7725
7800 7627 177 178 7726
7801 328 7628 7727 327
7802 7628 7629 7728 7727
7803 7629 7630 7729 7728
7804 7630 7631 7730 7729
7805 7631 7632 7731 7730
7806 7632 7633 7732 7731
7807 7633 7634 7733 7732
7808 7634 7635 7734 7733
7809 7635 7636 7735 7734
7810 7636 7637 7736 7735
7811 7637 7638 7737 7736
7812 7638 7639 7738 7737
7813 7639 7640 7739 7738
7814 7640 7641 7740 7739
7815 7641 7642 7741 7740
7816 7642 7643 7742 7741
7817 7643 7644 7743 7742
7818 7644 7645 7744 7743
7819 7645 7646 7745 7744
7820 7646 7647 7746 7745
7821 7647 7648 7747 7746
7822 7648 7649 7748 7747
7823 7649 7650 7749 7748
7824 7650 7651 7750 7749
7825 7651 7652 7751 7750
7826 7652 7653 7752 7751
7827 7653 7654 7753 7752
7828 7654 7655 7754 7753
7829 7655 7656 7755 7754
7830 7656 7657 7756 7755
7831 7657 7658 7757 7756
7832 7658 7659 7758 7757
7833 7659 7660 7759 7758
7834 7660 7661 7760 7759
7835 7661 7662 7761 7760
7836 7662 7663 7762 7761
7837 7663 7664 7763 7762
7838 7664 7665 7764 7763
7839 7665 7666 7765 7764
7840 7666 7667 7766 7765
7841 7667 7668 7767 7766
7842 7668 7669 7768 7767
7843 7669 7670 7769 7768
7844 7670 7671 7770 7769
7845 7671 7672 7771 7770
7846 7672 7673 7772 7771
7847 7673 7674 7773 7772
7848 7674 7675 7774 7773
7849 7675 7676 7775 7774
7850 7676 7677 7776 7775
7851 7677 7678 7777 7776
7852 7678 7679 7778 7777
7853 7679 7680 7779 7778
7854 7680 7681 7780 7779
7855 7681 7682 7781 7780
7856 7682 7683 7782 7781
7857 7683 7684 7783 7782
7858 7684 7685 7784 7783
7859 7685 7686 7785 7784
7860 7686 7687 7786 7785
7861 7687 7688 7787 7786
7862 7688 7689 7788 7787
7863 7689 7690 7789 7788
7864 7690 7691 7790 7789
7865 7691 7692 7791 7790
7866 7692 7693 7792 7791
7867 7693 7694 7793 7792
7868 7694 7695 7794 7793
7869 7695 7696 7795 7794
7870 7696 7697 7796 7795
7871 7697 7698 7797 7796
7872 7698 7699 7798 7797
7873 7699 7700 7799 7798
7874 7700 7701 7800 7799
7875 7701 7702 7801 7800
7876 7702 7703 7802 7801
7877 7703 7704 7803 7802
7878 7704 7705 7804 7803
7879 7705 7706 7805 7804
7880 7706 7707 7806 7805
7881 7707 7708 7807 7806
7882 7708 7709 7808 7807
7883 7709 7710 7809 7808
7884 7710 7711 7810 7809
7885 7711 7712 7811 7810
7886 7712 7713 7812 7811
7887 7713 7714 7813 7812
7888 7714 7715 7814 7813
7889 7715 7716 7815 7814
7890 7716 7717 7816 7815
7891 7717 7718 7817 7816
7892 7718 7719 7818 7817
7893 7719 7720 7819 7818
7894 7720 7721 7820 7819
7895 7721 7722 7821 7820
7896 7722 7723 7822 7821
7897 7723 7724 7823 7822
7898 7724 7725 7824 7823
7899 7725 7726 7825 7824
7900 7726 178 179 7825
7901 327 7727 7826 326
7902 7727 7728 7827 7826
7903 7728 7729 7828 7827
7904 7729 7730 7829 7828
7905 7730 7731 7830 7829
7906 7731 7732 7831 7830
7907 7732 7733 7832 7831
7908 7733 7734 7833 7832
7909 7734 7735 7834 7833
7910 7735 7736 7835 7834
7911 7736 7737 7836 7835
7912 7737 7738 7837 7836
7913 7738 7739 7838 7837
7914 7739 7740 7839 7838
7915 7740 7741 7840 7839
7916 7741 7742 7841 7840
7917 7742 7743 7842 7841
7918 7743 7744 7843 7842
7919 7744 7745 7844 7843
7920 7745 7746 7845 7844
7921 7746 7747 7846 7845
7922 7747 7748 7847 7846
7923 7748 7749 7848 7847
7924 7749 7750 7849 7848
7925 7750 7751 7850 7849
7926 7751 7752 7851 7850
7927 7752 7753 7852 7851
7928 7753 7754 7853 7852
7929 7754 7755 7854 7853
7930 7755 7756 7855 7854
7931 7756 7757 7856 7855
7932 7757 7758 7857 7856
7933 7758 7759 7858 7857
7934 7759 7760 7859 7858
7935 7760 7761 7860 7859
7936 7761 7762 7861 7860
7937 7762 7763 7862 7861
7938 7763 7764 7863 7862
7939 7764 7765 7864 7863
7940 7765 7766 7865 7864
7941 7766 7767 7866 7865
7942 7767 7768 7867 7866
7943 7768 7769 7868 7867
7944 7769 7770 7869 7868
7945 7770 7771 7870 7869
7946 7771 7772 7871 7870
7947 7772 7773 7872 7871
7948 7773 7774 7873 7872
7949 7774 7775 7874 7873
7950 7775 7776 7875 7874
7951 7776 7777 7876 7875
7952 7777 7778 7877 7876
7953 7778 7779 7878 7877
7954 7779 7780 7879 7878
7955 7780 7781 7880 7879
7956 7781 7782 7881 7880
7957 7782 7783 7882 7881
7958 7783 7784 7883 7882
7959 7784 7785 7884 7883
7960 7785 7786 7885 7884
7961 7786 7787 7886 7885
7962 7787 7788 7887 7886
7963 7788 7789 7888 7887
7964 7789 7790 7889 7888
7965 7790 7791 7890 7889
7966 7791 7792 7891 7890
7967 7792 7793 7892 7891
7968 7793 7794 7893 7892
7969 7794 7795 7894 7893
7970 7795 7796 7895 7894
7971 7796 7797 7896 7895
7972 7797 7798 7897 7896
7973 7798 7799 7898 7897
7974 7799 7800 7899 7898
7975 7800 7801 7900 7899
7976 7801 7802 7901 7900
7977 7802 7803 7902 7901
7978 7803 7804 7903 7902
7979 7804 7805 7904 7903
7980 7805 7806 7905 7904
7981 7806 7807 7906 7905
7982 7807 7808 7907 7906
7983 7808 7809 7908 7907
7984 7809 7810 7909 7908
7985 7810 7811 7910 7909
7986 7811 7812 7911 7910
7987 7812 7813 7912 7911
7988 7813 7814 7913 7912
7989 7814 7815 7914 7913
7990 7815 7816 7915 7914
7991 7816 7817 7916 7915
7992 7817 7818 7917 7916
7993 7818 7819 7918 7917
7994 7819 7820 7919 7918
7995 7820 7821 7920 7919
7996 7821 7822 7921 7920
7997 7822 7823 7922 7921
7998 7823 7824 7923 7922
7999 7824 7825 7924 7923
8000 7825 179 180 7924
8001 326 7826 7925 325
8002 7826 7827 7926 7925
8003 7827 7828 7927 7926
8004 7828 7829 7928 7927
8005 7829 7830 7929 7928
8006 7830 7831 7930 7929
8007 7831 7832 7931 7930
8008 7832 7833 7932 7931
8009 7833 7834 7933 7932
8010 7834 7835 7934 7933
8011 7835 7836 7935 7934
8012 7836 7837 7936 7935
8013 7837 7838 7937 7936
8014 7838 7839 7938 7937
8015 7839 7840 7939 7938
8016 7840 7841 7940 7939
8017 7841 7842 7941 7940
8018 7842 7843 7942 7941
8019 7843 7844 7943 7942
8020 7844 7845 7944 7943
8021 7845 7846 7945 7944
8022 7846 7847 7946 7945
8023 7847 7848 7947 7946
8024 7848 7849 7948 7947
8025 7849 7850 7949 7948
8026 7850 7851 7950 7949
8027 7851 7852 7951 7950
8028 7852 7853 7952 7951
8029 7853 7854 7953 7952
8030 7854 7855 7954 7953
8031 7855 7856 7955 7954
8032 7856 7857 7956 7955
8033 7857 7858 7957 7956
8034 7858 7859 7958 7957
8035 7859 7860 7959 7958
8036 7860 7861 7960 7959
8037 7861 7862 7961 7960
8038 7862 7863 7962 7961
8039 7863 7864 7963 7962
8040 7864 7865 7964 7963
8041 7865 7866 7965 7964
8042 7866 7867 7966 7965
8043 7867 7868 7967 7966
8044 7868 7869 7968 7967
8045 7869 7870 7969 7968
8046 7870 7871 7970 7969
8047 7871 7872 7971 7970
8048 7872 7873 7972 7971
8049 7873 7874 7973 7972
8050 7874 7875 7974 7973
8051 7875 7876 7975 7974
8052 7876 7877 7976 7975
8053 7877 7878 7977 7976
8054 7878 7879 7978 7977
8055 7879 7880 7979 7978
8056 7880 7881 7980 7979
8057 7881 7882 7981 7980
8058 7882 7883 7982 7981
8059 7883 7884 7983 7982
8060 7884 7885 7984 7983
8061 7885 7886 7985 7984
8062 7886 7887 7986 7985
8063 7887 7888 7987 7986
8064 7888 7889 7988 7987
8065 7889 7890 7989 7988
8066 7890 7891 7990 7989
8067 7891 7892 7991 7990
8068 7892 7893 7992 7991
8069 7893 7894 7993 7992
8070 7894 7895 7994 7993
8071 7895 7896 7995 7994
8072 7896 7897 7996 7995
8073 7897 7898 7997 7996
8074 7898 7899 7998 7997
8075 7899 7900 7999 7998
8076 7900 7901 8000 7999
8077 7901 7902 8001 8000
8078 7902 7903 8002 8001
8079 7903 7904 8003 8002
8080 7904 7905 8004 8003
8081 7905 7906 8005 8004
8082 7906 7907 8006 8005
8083 7907 7908 8007 8006
8084 7908 7909 8008 8007
8085 7909 7910 8009 8008
8086 7910 7911 8010 8009
8087 7911 7912 8011 8010
8088 7912 7913 8012 8011
8089 7913 7914 8013 8012
8090 7914 7915 8014 8013
8091 7915 7916 8015 8014
8092 7916 7917 8016 8015
8093 7917 7918 8017 8016
8094 7918 7919 8018 8017
8095 7919 7920 8019 8018
8096 7920 7921 8020 8019
8097 7921 7922 8021 8020
8098 7922 7923 8022 8021
8099 7923 7924 8023 8022
8100 7924 180 181 8023
8101 325 7925 8024 324
8102 7925 7926 8025 8024
8103 7926 7927 8026 8025
8104 7927 7928 8027 8026
8105 7928 7929 8028 8027
8106 7929 7930 8029 8028
8107 7930 7931 8030 8029
8108 7931 7932 8031 8030
8109 7932 7933 8032 8031
8110 7933 7934 8033 8032
8111 7934 7935 8034 8033
8112 7935 7936 8035 8034
8113 7936 7937 8036 8035
8114 7937 7938 8037 8036
8115 7938 7939 8038 8037
8116 7939 7940 8039 8038
8117 7940 7941 8040 8039
8118 7941 7942 8041 8040
8119 7942 7943 8042 8041
8120 7943 7944 8043 8042
8121 7944 7945 8044 8043
8122 7945 7946 8045 8044
8123 7946 7947 8046 8045
8124 7947 7948 8047 8046
8125 7948 7949 8048 8047
8126 7949 7950 8049 8048
8127 7950 7951 8050 8049
8128 7951 7952 8051 8050
8129 7952 7953 8052 8051
8130 7953 7954 8053 8052
8131 7954 7955 8054 8053
8132 7955 7956 8055 8054
8133 7956 7957 8056 8055
8134 7957 7958 8057 8056
8135 7958 7959 8058 8057
8136 7959 7960 8059 8058
8137 7960 7961 8060 8059
8138 7961 7962 8061 8060
8139 7962 7963 8062 8061
8140 7963 7964 8063 8062
8141 7964 7965 8064 8063
8142 7965 7966 8065 8064
8143 7966 7967 8066 8065
8144 7967 7968 8067 8066
8145 7968 7969 8068 8067
8146 7969 7970 8069 8068
8147 7970 7971 8070 8069
8148 7971 7972 8071 8070
8149 7972 7973 8072 8071
8150 7973 7974 8073 8072
8151 7974 7975 8074 8073
8152 7975 7976 8075 8074
8153 7976 7977 8076 8075
8154 7977 7978 8077 8076
8155 7978 7979 8078 8077
8156 7979 7980 8079 8078
8157 7980 7981 8080 8079
8158 7981 7982 8081 8080
8159 7982 7983 8082 8081
8160 7983 7984 8083 8082
8161 7984 7985 8084 8083
8162 7985 7986 8085 8084
8163 7986 7987 8086 8085
8164 7987 7988 8087 8086
8165 7988 7989 8088 8087
8166 7989 7990 8089 8088
8167 7990 7991 8090 8089
8168 7991 7992 8091 8090
8169 7992 7993 8092 8091
8170 7993 7994 8093 8092
8171 7994 7995 8094 8093
8172 7995 7996 8095 8094
8173 7996 7997 8096 8095
8174 7997 7998 8097 8096
8175 7998 7999 8098 8097
8176 7999 8000 8099 8098
8177 8000 8001 8100 8099
8178 8001 8002 8101 8100
8179 8002 8003 8102 8101
8180 8003 8004 8103 8102
8181 8004 8005 8104 8103
8182 8005 8006 8105 8104
8183 8006 8007 8106 8105
8184 8007 8008 8107 8106
8185 8008 8009 8108 8107
8186 8009 8010 8109 8108
8187 8010 8011 8110 8109
8188 8011 8012 8111 8110
8189 8012 8013 8112 8111
8190 8013 8014 8113 8112
8191 8014 8015 8114 8113
8192 8015 8016 8115 8114
8193 8016 8017 8116 8115
8194 8017 8018 8117 8116
8195 8018 8019 8118 8117
8196 8019 8020 8119 8118
8197 8020 8021 8120 8119
8198 8021 8022 8121 8120
8199 8022 8023 8122 8121
8200 8023 181 182 8122
8201 324 8024 8123 323
8202 8024 8025 8124 8123
8203 8025 8026 8125 8124
8204 8026 8027 8126 8125
8205 8027 8028 8127 8126
8206 8028 8029 8128 8127
8207 8029 8030 8129 8128
8208 8030 8031 8130 8129
8209 8031 8032 8131 8130
8210 8032 8033 8132 8131
8211 8033 8034 8133 8132
8212 8034 8035 8134 8133
8213 8035 8036 8135 8134
8214 8036 8037 8136 8135
8215 8037 8038 8137 8136
8216 8038 8039 8138 8137
8217 8039 8040 8139 8138
8218 8040 8041 8140 8139
8219 8041 8042 8141 8140
8220 8042 8043 8142 8141
8221 8043 8044 8143 8142
8222 8044 8045 8144 8143
8223 8045 8046 8145 8144
8224 8046 8047 8146 8145
8225 8047 8048 8147 8146
8226 8048 8049 8148 8147
8227 8049 8050 8149 8148
8228 8050 8051 8150 8149
8229 8051 8052 8151 8150
8230 8052 8053 8152 8151
8231 8053 8054 8153 8152
8232 8054 8055 8154 8153
8233 8055 8056 8155 8154
8234 8056 8057 8156 8155
8235 8057 8058 8157 8156
8236 8058 8059 8158 8157
8237 8059 8060 8159 8158
8238 8060 8061 8160 8159
8239 8061 8062 8161 8160
8240 8062 8063 8162 8161
8241 8063 8064 8163 8162
8242 8064 8065 8164 8163
8243 8065 8066 8165 8164
8244 8066 8067 8166 8165
8245 8067 8068 8167 8166
8246 8068 8069 8168 8167
8247 8069 8070 8169 8168
8248 8070 8071 8170 8169
8249 8071 8072 8171 8170
8250 8072 8073 8172 8171
8251 8073 8074 8173 8172
8252 8074 8075 8174 8173
8253 8075 8076 8175 8174
8254 8076 8077 8176 8175
8255 8077 8078 8177 8176
8256 8078 8079 8178 8177
8257 8079 8080 8179 8178
8258 8080 8081 8180 8179
8259 8081 8082 8181 8180
8260 8082 8083 8182 8181
8261 8083 8084 8183 8182
8262 8084 8085 8184 8183
8263 8085 8086 8185 8184
8264 8086 8087 8186 8185
8265 8087 8088 8187 8186
8266 8088 8089 8188 8187
8267 8089 8090 8189 8188
8268 8090 8091 8190 8189
8269 8091 8092 8191 8190
8270 8092 8093 8192 8191
8271 8093 8094 8193 8192
8272 8094 8095 8194 8193
8273 8095 8096 8195 8194
8274 8096 8097 8196 8195
8275 8097 8098 8197 8196
8276 8098 8099 8198 8197
8277 8099 8100 8199 8198
8278 8100 8101 8200 8199
8279 8101 8102 8201 8200
8280 8102 8103 8202 8201
8281 8103 8104 8203 8202
8282 8104 8105 8204 8203
8283 8105 8106 8205 8204
8284 8106 8107 8206 8205
8285 8107 8108 8207 8206
8286 8108 8109 8208 8207
8287 8109 8110 8209 8208
8288 8110 8111 8210 8209
8289 8111 8112 8211 8210
8290 8112 8113 8212 8211
8291 8113 8114 8213 8212
8292 8114 8115 8214 8213
8293 8115 8116 8215 8214
8294 8116 8117 8216 8215
8295 8117 8118 8217 8216
8296 8118 8119 8218 8217
8297 8119 8120 8219 8218
8298 8120 8121 8220 8219
8299 8121 8122 8221 8220
8300 8122 182 183 8221
8301 323 8123 8222 322
8302 8123 8124 8223 8222
8303 8124 8125 8224 8223
8304 8125 8126 8225 8224
8305 8126 8127 8226 8225
8306 8127 8128 8227 8226
8307 8128 8129 8228 8227
8308 8129 8130 8229 8228
8309 8130 8131 8230 8229
8310 8131 8132 8231 8230
8311 8132 8133 8232 8231
8312 8133 8134 8233 8232
8313 8134 8135 8234 8233
8314 8135 8136 8235 8234
8315 8136 8137 8236 8235
8316 8137 8138 8237 8236
8317 8138 8139 8238 8237
8318 8139 8140 8239 8238
8319 8140 8141 8240 8239
8320 8141 8142 8241 8240
8321 8142 8143 8242 8241
8322 8143 8144 8243 8242
8323 8144 8145 8244 8243
8324 8145 8146 8245 8244
8325 8146 8147 8246 8245
8326 8147 8148 8247 8246
8327 8148 8149 8248 8247
8328 8149 8150 8249 8248
8329 8150 8151 8250 8249
8330 8151 8152 8251 8250
8331 8152 8153 8252 8251
8332 8153 8154 8253 8252
8333 8154 8155 8254 8253
8334 8155 8156 8255 8254
8335 8156 8157 8256 8255
8336 8157 8158 8257 8256
8337 8158 8159 8258 8257
8338 8159 8160 8259 8258
8339 8160 8161 8260 8259
8340 8161 8162 8261 8260
8341 8162 8163 8262 8261
8342 8163 8164 8263 8262
8343 8164 8165 8264 8263
8344 8165 8166 8265 8264
8345 8166 8167 8266 8265
8346 8167 8168 8267 8266
8347 8168 8169 8268 8267
8348 8169 8170 8269 8268
8349 8170 8171 8270 8269
8350 8171 8172 8271 8270
8351 8172 8173 8272 8271
8352 8173 8174 8273 8272
8353 8174 8175 8274 8273
8354 8175 8176 8275 8274
8355 8176 8177 8276 8275
8356 8177 8178 8277 8276
8357 8178 8179 8278 8277
8358 8179 8180 8279 8278
8359 8180 8181 8280 8279
8360 8181 8182 8281 8280
8361 8182 8183 8282 8281
8362 8183 8184 8283 8282
8363 8184 8185 8284 8283
8364 8185 8186 8285 8284
8365 8186 8187 8286 8285
8366 8187 8188 8287 8286
8367 8188 8189 8288 8287
8368 8189 8190 8289 8288
8369 8190 8191 8290 8289
8370 8191 8192 8291 8290
8371 8192 8193 8292 8291
8372 8193 8194 8293 8292
8373 8194 8195 8294 8293
8374 8195 8196 8295 8294
8375 8196 8197 8296 8295
8376 8197 8198 8297 8296
8377 8198 8199 8298 8297
8378 8199 8200 8299 8298
8379 8200 8201 8300 8299
8380 8201 8202 8301 8300
8381 8202 8203 8302 8301
8382 8203 8204 8303 8302
8383 8204 8205 8304 8303
8384 8205 8206 8305 8304
8385 8206 8207 8306 8305
8386 8207 8208 8307 8306
8387 8208 8209 8308 8307
8388 8209 8210 8309 8308
8389 8210 8211 8310 8309
8390 8211 8212 8311 8310
8391 8212 8213 8312 8311
8392 8213 8214 8313 8312
8393 8214 8215 8314 8313
8394 8215 8216 8315 8314
8395 8216 8217 8316 8315
8396 8217 8218 8317 8316
8397 8218 8219 8318 8317
8398 8219 8220 8319 8318
8399 8220 8221 8320 8319
8400 8221 183 184 8320
8401 322 8222 8321 321
8402 8222 8223 8322 8321
8403 8223 8224 8323 8322
8404 8224 8225 8324 8323
8405 8225 8226 8325 8324
8406 8226 8227 8326 8325
8407 8227 8228 8327 8326
8408 8228 8229 8328 8327
8409 8229 8230 8329 8328
8410 8230 8231 8330 8329
8411 8231 8232 8331 8330
8412 8232 8233 8332 8331
8413 8233 8234 8333 8332
8414 8234 8235 8334 8333
8415 8235 8236 8335 8334
8416 8236 8237 8336 8335
8417 8237 8238 8337 8336
8418 8238 8239 8338 8337
8419 8239 8240 8339 8338
8420 8240 8241 8340 8339
8421 8241 8242 8341 8340
8422 8242 8243 8342 8341
8423 8243 8244 8343 8342
8424 8244 8245 8344 8343
8425 8245 8246 8345 8344
8426 8246 8247 8346 8345
8427 8247 8248 8347 8346
8428 8248 8249 8348 8347
8429 8249 8250 8349 8348
8430 8250 8251 8350 8349
8431 8251 8252 8351 8350
8432 8252 8253 8352 8351
8433 8253 8254 8353 8352
8434 8254 8255 8354 8353
8435 8255 8256 8355 8354
8436 8256 8257 8356 8355
8437 8257 8258 8357 8356
8438 8258 8259 8358 8357
8439 8259 8260 8359 8358
8440 8260 8261 8360 8359
8441 8261 8262 8361 8360
8442 8262 8263 8362 8361
8443 8263 8264 8363 8362
8444 8264 8265 8364 8363
8445 8265 8266 8365 8364
8446 8266 8267 8366 8365
8447 8267 8268 8367 8366
8448 8268 8269 8368 8367
8449 8269 8270 8369 8368
8450 8270 8271 8370 8369
8451 8271 8272 8371 8370
8452 8272 8273 8372 8371
8453 8273 8274 8373 8372
8454 8274 8275 8374 8373
8455 8275 8276 8375 8374
8456 8276 8277 8376 8375
8457 8277 8278 8377 8376
8458 8278 8279 8378 8377
8459 8279 8280 8379 8378
8460 8280 8281 8380 8379
8461 8281 8282 8381 8380
8462 8282 8283 8382 8381
8463 8283 8284 8383 8382
8464 8284 8285 8384 8383
8465 8285 8286 8385 8384
8466 8286 8287 8386 8385
8467 8287 8288 8387 8386
8468 8288 8289 8388 8387
8469 8289 8290 8389 8388
8470 8290 8291 8390 8389
8471 8291 8292 8391 8390
8472 8292 8293 8392 8391
8473 8293 8294 8393 8392
8474 8294 8295 8394 8393
8475 8295 8296 8395 8394
8476 8296 8297 8396 8395
8477 8297 8298 8397 8396
8478 8298 8299 8398 8397
8479 8299 8300 8399 8398
8480 8300 8301 8400 8399
8481 8301 8302 8401 8400
8482 8302 8303 8402 8401
8483 8303 8304 8403 8402
8484 8304 8305 8404 8403
8485 8305 8306 8405 8404
8486 8306 8307 8406 8405
8487 8307 8308 8407 8406
8488 8308 8309 8408 8407
8489 8309 8310 8409 8408
8490 8310 8311 8410 8409
8491 8311 8312 8411 8410
8492 8312 8313 8412 8411
8493 8313 8314 8413 8412
8494 8314 8315 8414 8413
8495 8315 8316 8415 8414
8496 8316 8317 8416 8415
8497 8317 8318 8417 8416
8498 8318 8319 8418 8417
8499 8319 8320 8419 8418
8500 8320 184 185 8419
8501 321 8321 8420 320
8502 8321 8322 8421 8420
8503 8322 8323 8422 8421
8504 8323 8324 8423 8422
8505 8324 8325 8424 8423
8506 8325 8326 8425 8424
8507 8326 8327 8426 8425
8508 8327 8328 8427 8426
8509 8328 8329 8428 8427
8510 8329 8330 8429 8428
8511 8330 8331 8430 8429
8512 8331 8332 8431 8430
8513 8332 8333 8432 8431
8514 8333 8334 8433 8432
8515 8334 8335 8434 8433
8516 8335 8336 8435 8434
8517 8336 8337 8436 8435
8518 8337 8338 8437 8436
8519 8338 8339 8438 8437
8520 8339 8340 8439 8438
8521 8340 8341 8440 8439
8522 8341 8342 8441 8440
8523 8342 8343 8442 8441
8524 8343 8344 8443 8442
8525 8344 8345 8444 8443
8526 8345 8346 8445 8444
8527 8346 8347 8446 8445
8528 8347 8348 8447 8446
8529 8348 8349 8448 8447
8530 8349 8350 8449 8448
8531 8350 8351 8450 8449
8532 8351 8352 8451 8450
8533 8352 8353 8452 8451
8534 8353 8354 8453 8452
8535 8354 8355 8454 8453
8536 8355 8356 8455 8454
8537 8356 8357 8456 8455
8538 8357 8358 8457 8456
8539 8358 8359 8458 8457
8540 8359 8360 8459 8458
8541 8360 8361 8460 8459
8542 8361 8362 8461 8460
8543 8362 8363 8462 8461
8544 8363 8364 8463 8462
8545 8364 8365 8464 8463
8546 8365 8366 8465 8464
8547 8366 8367 8466 8465
8548 8367 8368 8467 8466
8549 8368 8369 8468 8467
8550 8369 8370 8469 8468
8551 8370 8371 8470 8469
8552 8371 8372 8471 8470
8553 8372 8373 8472 8471
8554 8373 8374 8473 8472
8555 8374 8375 8474 8473
8556 8375 8376 8475 8474
8557 8376 8377 8476 8475
8558 8377 8378 8477 8476
8559 8378 8379 8478 8477
8560 8379 8380 8479 8478
8561 8380 8381 8480 8479
8562 8381 8382 8481 8480
8563 8382 8383 8482 8481
8564 8383 8384 8483 8482
8565 8384 8385 8484 8483
8566 8385 8386 8485 8484
8567 8386 8387 8486 8485
8568 8387 8388 8487 8486
8569 8388 8389 8488 8487
8570 8389 8390 8489 8488
8571 8390 8391 8490 8489
8572 8391 8392 8491 8490
8573 8392 8393 8492 8491
8574 8393 8394 8493 8492
8575 8394 8395 8494 8493
8576 8395 8396 8495 8494
8577 8396 8397 8496 8495
8578 8397 8398 8497 8496
8579 8398 8399 8498 8497
8580 8399 8400 8499 8498
8581 8400 8401 8500 8499
8582 8401 8402 8501 8500
8583 8402 8403 8502 8501
8584 8403 8404 8503 8502
8585 8404 8405 8504 8503
8586 8405 8406 8505 8504
8587 8406 8407 8506 8505
8588 8407 8408 8507 8506
8589 8408 8409 8508 8507
8590 8409 8410 8509 8508
8591 8410 8411 8510 8509
8592 8411 8412 8511 8510
8593 8412 8413 8512 8511
8594 8413 8414 8513 8512
8595 8414 8415 8514 8513
8596 8415 8416 8515 8514
8597 8416 8417 8516 8515
8598 8417 8418 8517 8516
8599 8418 8419 8518 8517
8600 8419 185 186 8518
8601 320 8420 8519 319
8602 8420 8421 8520 8519
8603 8421 8422 8521 8520
8604 8422 8423 8522 8521
8605 8423 8424 8523 8522
8606 8424 8425 8524 8523
8607 8425 8426 8525 8524
8608 8426 8427 8526 8525
8609 8427 8428 8527 8526
8610 8428 8429 8528 8527
8611 8429 8430 8529 8528
8612 8430 8431 8530 8529
8613 8431 8432 8531 8530
8614 8432 8433 8532 8531
8615 8433 8434 8533 8532
8616 8434 8435 8534 8533
8617 8435 8436 8535 8534
8618 8436 8437 8536 8535
8619 8437 8438 8537 8536
8620 8438 8439 8538 8537
8621 8439 8440 8539 8538
8622 8440 8441 8540 8539
8623 8441 8442 8541 8540
8624 8442 8443 8542 8541
8625 8443 8444 8543 8542
8626 8444 8445 8544 8543
8627 8445 8446 8545 8544
8628 8446 8447 8546 8545
8629 8447 8448 8547 8546
8630 8448 8449 8548 8547
8631 8449 8450 8549 8548
8632 8450 8451 8550 8549
8633 8451 8452 8551 8550
8634 8452 8453 8552 8551
8635 8453 8454 8553 8552
8636 8454 8455 8554 8553
8637 8455 8456 8555 8554
8638 8456 8457 8556 8555
8639 8457 8458 8557 8556
8640 8458 8459 8558 8557
8641 8459 8460 8559 8558
8642 8460 8461 8560 8559
8643 8461 8462 8561 8560
8644 8462 8463 8562 8561
8645 8463 8464 8563 8562
8646 8464 8465 8564 8563
8647 8465 8466 8565 8564
8648 8466 8467 8566 8565
8649 8467 8468 8567 8566
8650 8468 8469 8568 8567
8651 8469 8470 8569 8568
8652 8470 8471 8570 8569
8653 8471 8472 8571 8570
8654 8472 8473 8572 8571
8655 8473 8474 8573 8572
8656 8474 8475 8574 8573
8657 8475 8476 8575 8574
8658 8476 8477 8576 8575
8659 8477 8478 8577 8576
8660 8478 8479 8578 8577
8661 8479 8480 8579 8578
8662 8480 8481 8580 8579
8663 8481 8482 8581 8580
8664 8482 8483 8582 8581
8665 8483 8484 8583 8582
8666 8484 8485 8584 8583
8667 8485 8486 8585 8584
8668 8486 8487 8586 8585
8669 8487 8488 8587 8586
8670 8488 8489 8588 8587
8671 8489 8490 8589 8588
8672 8490 8491 8590 8589
8673 8491 8492 8591 8590
8674 8492 8493 8592 8591
8675 8493 8494 8593 8592
8676 8494 8495 8594 8593
8677 8495 8496 8595 8594
8678 8496 8497 8596 8595
8679 8497 8498 8597 8596
8680 8498 8499 8598 8597
8681 8499 8500 8599 8598
8682 8500 8501 8600 8599
8683 8501 8502 8601 8600
8684 8502 8503 8602 8601
8685 8503 8504 8603 8602
8686 8504 8505 8604 8603
8687 8505 8506 8605 8604
8688 8506 8507 8606 8605
8689 8507 8508 8607 8606
8690 8508 8509 8608 8607
8691 8509 8510 8609 8608
8692 8510 8511 8610 8609
8693 8511 8512 8611 8610
8694 8512 8513 8612 8611
8695 8513 8514 8613 8612
8696 8514 8515 8614 8613
8697 8515 8516 8615 8614
8698 8516 8517 8616 8615
8699 8517 8518 8617 8616
8700 8518 186 187 8617
8701 319 8519 8618 318
8702 8519 8520 8619 8618
8703 8520 8521 8620 8619
8704 8521 8522 8621 8620
8705 8522 8523 8622 8621
8706 8523 8524 8623 8622
8707 8524 8525 8624 8623
8708 8525 8526 8625 8624
8709 8526 8527 8626 8625
8710 8527 8528 8627 8626
8711 8528 8529 8628 8627
8712 8529 8530 8629 8628
8713 8530 8531 8630 8629
8714 8531 8532 8631 8630
8715 8532 8533 8632 8631
8716 8533 8534 8633 8632
8717 8534 8535 8634 8633
8718 8535 8536 8635 8634
8719 8536 8537 8636 8635
8720 8537 8538 8637 8636
8721 8538 8539 8638 8637
8722 8539 8540 8639 8638
8723 8540 8541 8640 8639
8724 8541 8542 8641 8640
8725 8542 8543 8642 8641
8726 8543 8544 8643 8642
8727 8544 8545 8644 8643
8728 8545 8546 8645 8644
8729 8546 8547 8646 8645
8730 8547 8548 8647 8646
8731 8548 8549 8648 8647
8732 8549 8550 8649 8648
8733 8550 8551 8650 8649
8734 8551 8552 8651 8650
8735 8552 8553 8652 8651
8736 8553 8554 8653 8652
8737 8554 8555 8654 8653
8738 8555 8556 8655 8654
8739 8556 8557 8656 8655
8740 8557 8558 8657 8656
8741 8558 8559 8658 8657
8742 8559 8560 8659 8658
8743 8560 8561 8660 8659
8744 8561 8562 8661 8660
8745 8562 8563 8662 8661
8746 8563 8564 8663 8662
8747 8564 8565 8664 8663
8748 8565 8566 8665 8664
8749 8566 8567 8666 8665
8750 8567 8568 8667 8666
8751 8568 8569 8668 8667
8752 8569 8570 8669 8668
8753 8570 8571 8670 8669
8754 8571 8572 8671 8670
8755 8572 8573 8672 8671
8756 8573 8574 8673 8672
8757 8574 8575 8674 8673
8758 8575 8576 8675 8674
8759 8576 8577 8676 8675
8760 8577 8578 8677 8676
8761 8578 8579 8678 8677
8762 8579 8580 8679 8678
8763 8580 8581 8680 8679
8764 8581 8582 8681 8680
8765 8582 8583 8682 8681
8766 8583 8584 8683 8682
8767 8584 8585 8684 8683
8768 8585 8586 8685 8684
8769 8586 8587 8686 8685
8770 8587 8588 8687 8686
8771 8588 8589 8688 8687
8772 8589 8590 8689 8688
8773 8590 8591 8690 8689
8774 8591 8592 8691 8690
8775 8592 8593 8692 8691
8776 8593 8594 8693 8692
8777 8594 8595 8694 8693
8778 8595 8596 8695 8694
8779 8596 8597 8696 8695
8780 8597 8598 8697 8696
8781 8598 8599 8698 8697
8782 8599 8600 8699 8698
8783 8600 8601 8700 8699
8784 8601 8602 8701 8700
8785 8602 8603 8702 8701
8786 8603 8604 8703 8702
8787 8604 8605 8704 8703
8788 8605 8606 8705 8704
8789 8606 8607 8706 8705
8790 8607 8608 8707 8706
8791 8608 8609 8708 8707
8792 8609 8610 8709 8708
8793 8610 8611 8710 8709
8794 8611 8612 8711 8710
8795 8612 8613 8712 8711
8796 8613 8614 8713 8712
8797 8614 8615 8714 8713
8798 8615 8616 8715 8714
8799 8616 8617 8716 8715
8800 8617 187 188 8716
8801 318 8618 8717 317
8802 8618 8619 8718 8717
8803 8619 8620 8719 8718
8804 8620 8621 8720 8719
8805 8621 8622 8721 8720
8806 8622 8623 8722 8721
8807 8623 8624 8723 8722
8808 8624 8625 8724 8723
8809 8625 8626 8725 8724
8810 8626 8627 8726 8725
8811 8627 8628 8727 8726
8812 8628 8629 8728 8727
8813 8629 8630 8729 8728
8814 8630 8631 8730 8729
8815 8631 8632 8731 8730
8816 8632 8633 8732 8731
8817 8633 8634 8733 8732
8818 8634 8635 8734 8733
8819 8635 8636 8735 8734
8820 8636 8637 8736 8735
8821 8637 8638 8737 8736
8822 8638 8639 8738 8737
8823 8639 8640 8739 8738
8824 8640 8641 8740 8739
8825 8641 8642 8741 8740
8826 8642 8643 8742 8741
8827 8643 8644 8743 8742
8828 8644 8645 8744 8743
8829 8645 8646 8745 8744
8830 8646 8647 8746 8745
8831 8647 8648 8747 8746
8832 8648 8649 8748 8747
8833 8649 8650 8749 8748
8834 8650 8651 8750 8749
8835 8651 8652 8751 8750
8836 8652 8653 8752 8751
8837 8653 8654 8753 8752
8838 8654 8655 8754 8753
8839 8655 8656 8755 8754
8840 8656 8657 8756 8755
8841 8657 8658 8757 8756
8842 8658 8659 8758 8757
8843 8659 8660 8759 8758
8844 8660 8661 8760 8759
8845 8661 8662 8761 8760
8846 8662 8663 8762 8761
8847 8663 8664 8763 8762
8848 8664 8665 8764 8763
8849 8665 8666 8765 8764
8850 8666 8667 8766 8765
8851 8667 8668 8767 8766
8852 8668 8669 8768 8767
8853 8669 8670 8769 8768
8854 8670 8671 8770 8769
8855 8671 8672 8771 8770
8856 8672 8673 8772 8771
8857 8673 8674 8773 8772
8858 8674 8675 8774 8773
8859 8675 8676 8775 8774
8860 8676 8677 8776 8775
8861 8677 8678 8777 8776
8862 8678 8679 8778 8777
8863 8679 8680 8779 8778
8864 8680 8681 8780 8779
8865 8681 8682 8781 8780
8866 8682 8683 8782 8781
8867 8683 8684 8783 8782
8868 8684 8685 8784 8783
8869 8685 8686 8785 8784
8870 8686 8687 8786 8785
8871 8687 8688 8787 8786
8872 8688 8689 8788 8787
8873 8689 8690 8789 8788
8874 8690 8691 8790 8789
8875 8691 8692 8791 8790
8876 8692 8693 8792 8791
8877 8693 8694 8793 8792
8878 8694 8695 8794 8793
8879 8695 8696 8795 8794
8880 8696 8697 8796 8795
8881 8697 8698 8797 8796
8882 8698 8699 8798 8797
8883 8699 8700 8799 8798
8884 8700 8701 8800 8799
8885 8701 8702 8801 8800
8886 8702 8703 8802 8801
8887 8703 8704 8803 8802
8888 8704 8705 8804 8803
8889 8705 8706 8805 8804
8890 8706 8707 8806 8805
8891 8707 8708 8807 8806
8892 8708 8709 8808 8807
8893 8709 8710 8809 8808
8894 8710 8711 8810 8809
8895 8711 8712 8811 8810
8896 8712 8713 8812 8811
8897 8713 8714 8813 8812
8898 8714 8715 8814 8813
8899 8715 8716 8815 8814
8900 8716 188 189 8815
8901 317 8717 8816 316
8902 8717 8718 8817 8816
8903 8718 8719 8818 8817
8904 8719 8720 8819 8818
8905 8720 8721 8820 8819
8906 8721 8722 8821 8820
8907 8722 8723 8822 8821
8908 8723 8724 8823 8822
8909 8724 8725 8824 8823
8910 8725 8726 8825 8824
8911 8726 8727 8826 8825
8912 8727 8728 8827 8826
8913 8728 8729 8828 8827
8914 8729 8730 8829 8828
8915 8730 8731 8830 8829
8916 8731 8732 8831 8830
8917 8732 8733 8832 8831
8918 8733 8734 8833 8832
8919 8734 8735 8834 8833
8920 8735 8736 8835 8834
8921 8736 8737 8836 8835
8922 8737 8738 8837 8836
8923 8738 8739 8838 8837
8924 8739 8740 8839 8838
8925 8740 8741 8840 8839
8926 8741 8742 8841 8840
8927 8742 8743 8842 8841
8928 8743 8744 8843 8842
8929 8744 8745 8844 8843
8930 8745 8746 8845 8844
8931 8746 8747 8846 8845
8932 8747 8748 8847 8846
8933 8748 8749 8848 8847
8934 8749 8750 8849 8848
8935 8750 8751 8850 8849
8936 8751 8752 8851 8850
8937 8752 8753 8852 8851
8938 8753 8754 8853 8852
8939 8754 8755 8854 8853
8940 8755 8756 8855 8854
8941 8756 8757 8856 8855
8942 8757 8758 8857 8856
8943 8758 8759 8858 8857
8944 8759 8760 8859 8858
8945 8760 8761 8860 8859
8946 8761 8762 8861 8860
8947 8762 8763 8862 8861
8948 8763 8764 8863 8862
8949 8764 8765 8864 8863
8950 8765 8766 8865 8864
8951 8766 8767 8866 8865
8952 8767 8768 8867 8866
8953 8768 8769 8868 8867
8954 8769 8770 8869 8868
8955 8770 8771 8870 8869
8956 8771 8772 8871 8870
8957 8772 8773 8872 8871
8958 8773 8774 8873 8872
8959 8774 8775 8874 8873
8960 8775 8776 8875 8874
8961 8776 8777 8876 8875
8962 8777 8778 8877 8876
8963 8778 8779 8878 8877
8964 8779 8780 8879 8878
8965 8780 8781 8880 8879
8966 8781 8782 8881 8880
8967 8782 8783 8882 8881
8968 8783 8784 8883 8882
8969 8784 8785 8884 8883
8970 8785 8786 8885 8884
8971 8786 8787 8886 8885
8972 8787 8788 8887 8886
8973 8788 8789 8888 8887
8974 8789 8790 8889 8888
8975 8790 8791 8890 8889
8976 8791 8792 8891 8890
8977 8792 8793 8892 8891
8978 8793 8794 8893 8892
8979 8794 8795 8894 8893
8980 8795 8796 8895 8894
8981 8796 8797 8896 8895
8982 8797 8798 8897 8896
8983 8798 8799 8898 8897
8984 8799 8800 8899 8898
8985 8800 8801 8900 8899
8986 8801 8802 8901 8900
8987 8802 8803 8902 8901
8988 8803 8804 8903 8902
8989 8804 8805 8904 8903
8990 8805 8806 8905 8904
8991 8806 8807 8906 8905
8992 8807 8808 8907 8906
8993 8808 8809 8908 8907
8994 8809 8810 8909 8908
8995 8810 8811 8910 8909
8996 8811 8812 8911 8910
8997 8812 8813 8912 8911
8998 8813 8814 8913 8912
8999 8814 8815 8914 8913
9000 8815 189 190 8914
9001 316 8816 8915 315
9002 8816 8817 8916 8915
9003 8817 8818 8917 8916
9004 8818 8819 8918 8917
9005 8819 8820 8919 8918
9006 8820 8821 8920 8919
9007 8821 8822 8921 8920
9008 8822 8823 8922 8921
9009 8823 8824 8923 8922
9010 8824 8825 8924 8923
9011 8825 8826 8925 8924
9012 8826 8827 8926 8925
9013 8827 8828 8927 8926
9014 8828 8829 8928 8927
9015 8829 8830 8929 8928
9016 8830 8831 8930 8929
9017 8831 8832 8931 8930
9018 8832 8833 8932 8931
9019 8833 8834 8933 8932
9020 8834 8835 8934 8933
9021 8835 8836 8935 8934
9022 8836 8837 8936 8935
9023 8837 8838 8937 8936
9024 8838 8839 8938 8937
9025 8839 8840 8939 8938
9026 8840 8841 8940 8939
9027 8841 8842 8941 8940
9028 8842 8843 8942 8941
9029 8843 8844 8943 8942
9030 8844 8845 8944 8943
9031 8845 8846 8945 8944
9032 8846 8847 8946 8945
9033 8847 8848 8947 8946
9034 8848 8849 8948 8947
9035 8849 8850 8949 8948
9036 8850 8851 8950 8949
9037 8851 8852 8951 8950
9038 8852 8853 8952 8951
9039 8853 8854 8953 8952
9040 8854 8855 8954 8953
9041 8855 8856 8955 8954
9042 8856 8857 8956 8955
9043 8857 8858 8957 8956
9044 8858 8859 8958 8957
9045 8859 8860 8959 8958
9046 8860 8861 8960 8959
9047 8861 8862 8961 8960
9048 8862 8863 8962 8961
9049 8863 8864 8963 8962
9050 8864 8865 8964 8963
9051 8865 8866 8965 8964
9052 8866 8867 8966 8965
9053 8867 8868 8967 8966
9054 8868 8869 8968 8967
9055 8869 8870 8969 8968
9056 8870 8871 8970 8969
9057 8871 8872 8971 8970
9058 8872 8873 8972 8971
9059 8873 8874 8973 8972
9060 8874 8875 8974 8973
9061 8875 8876 8975 8974
9062 8876 8877 8976 8975
9063 8877 8878 8977 8976
9064 8878 8879 8978 8977
9065 8879 8880 8979 8978
9066 8880 8881 8980 8979
9067 8881 8882 8981 8980
9068 8882 8883 8982 8981
9069 8883 8884 8983 8982
9070 8884 8885 8984 8983
9071 8885 8886 8985 8984
9072 8886 8887 8986 8985
9073 8887 8888 8987 8986
9074 8888 8889 8988 8987
9075 8889 8890 8989 8988
9076 8890 8891 8990 8989
9077 8891 8892 8991 8990
9078 8892 8893 8992 8991
9079 8893 8894 8993 8992
9080 8894 8895 8994 8993
9081 8895 8896 8995 8994
9082 8896 8897 8996 8995
9083 8897 8898 8997 8996
9084 8898 8899 8998 8997
9085 8899 8900 8999 8998
9086 8900 8901 9000 8999
9087 8901 8902 9001 9000
9088 8902 8903 9002 9001
9089 8903 8904 9003 9002
9090 8904 8905 9004 9003
9091 8905 8906 9005 9004
9092 8906 8907 9006 9005
9093 8907 8908 9007 9006
9094 8908 8909 9008 9007
9095 8909 8910 9009 9008
9096 8910 8911 9010 9009
9097 8911 8912 9011 9010
9098 8912 8913 9012 9011
9099 8913 8914 9013 9012
9100 8914 190 191 9013
9101 315 8915 9014 314
9102 8915 8916 9015 9014
9103 8916 8917 9016 9015
9104 8917 8918 9017 9016
9105 8918 8919 9018 9017
9106 8919 8920 9019 9018
9107 8920 8921 9020 9019
9108 8921 8922 9021 9020
9109 8922 8923 9022 9021
9110 8923 8924 9023 9022
9111 8924 8925 9024 9023
9112 8925 8926 9025 9024
9113 8926 8927 9026 9025
9114 8927 8928 9027 9026
9115 8928 8929 9028 9027
9116 8929 8930 9029 9028
9117 8930 8931 9030 9029
9118 8931 8932 9031 9030
9119 8932 8933 9032 9031
9120 8933 8934 9033 9032
9121 8934 8935 9034 9033
9122 8935 8936 9035 9034
9123 8936 8937 9036 9035
9124 8937 8938 9037 9036
9125 8938 8939 9038 9037
9126 8939 8940 9039 9038
9127 8940 8941 9040 9039
9128 8941 8942 9041 9040
9129 8942 8943 9042 9041
9130 8943 8944 9043 9042
9131 8944 8945 9044 9043
9132 8945 8946 9045 9044
9133 8946 8947 9046 9045
9134 8947 8948 9047 9046
9135 8948 8949 9048 9047
9136 8949 8950 9049 9048
9137 8950 8951 9050 9049
9138 8951 8952 9051 9050
9139 8952 8953 9052 9051
9140 8953 8954 9053 9052
9141 8954 8955 9054 9053
9142 8955 8956 9055 9054
9143 8956 8957 9056 9055
9144 8957 8958 9057 9056
9145 8958 8959 9058 9057
9146 8959 8960 9059 9058
9147 8960 8961 9060 9059
9148 8961 8962 9061 9060
9149 8962 8963 9062 9061
9150 8963 8964 9063 9062
9151 8964 8965 9064 9063
9152 8965 8966 9065 9064
9153 8966 8967 9066 9065
9154 8967 8968 9067 9066
9155 8968 8969 9068 9067
9156 8969 8970 9069 9068
9157 8970 8971 9070 9069
9158 8971 8972 9071 9070
9159 8972 8973 9072 9071
9160 8973 8974 9073 9072
9161 8974 8975 9074 9073
9162 8975 8976 9075 9074
9163 8976 8977 9076 9075
9164 8977 8978 9077 9076
9165 8978 8979 9078 9077
9166 8979 8980 9079 9078
9167 8980 8981 9080 9079
9168 8981 8982 9081 9080
9169 8982 8983 9082 9081
9170 8983 8984 9083 9082
9171 8984 8985 9084 9083
9172 8985 8986 9085 9084
9173 8986 8987 9086 9085
9174 8987 8988 9087 9086
9175 8988 8989 9088 9087
9176 8989 8990 9089 9088
9177 8990 8991 9090 9089
9178 8991 8992 9091 9090
9179 8992 8993 9092 9091
9180 8993 8994 9093 9092
9181 8994 8995 9094 9093
9182 8995 8996 9095 9094
9183 8996 8997 9096 9095
9184 8997 8998 9097 9096
9185 8998 8999 9098 9097
9186 8999 9000 9099 9098
9187 9000 9001 9100 9099
9188 9001 9002 9101 9100
9189 9002 9003 9102 9101
9190 9003 9004 9103 9102
9191 9004 9005 9104 9103
9192 9005 9006 9105 9104
9193 9006 9007 9106 9105
9194 9007 9008 9107 9106
9195 9008 9009 9108 9107
9196 9009 9010 9109 9108
9197 9010 9011 9110 9109
9198 9011 9012 9111 9110
9199 9012 9013 9112 9111
9200 9013 191 192 9112
9201 314 9014 9113 313
9202 9014 9015 9114 9113
9203 9015 9016 9115 9114
9204 9016 9017 9116 9115
9205 9017 9018 9117 9116
9206 9018 9019 9118 9117
9207 9019 9020 9119 9118
9208 9020 9021 9120 9119
9209 9021 9022 9121 9120
9210 9022 9023 9122 9121
9211 9023 9024 9123 9122
9212 9024 9025 9124 9123
9213 9025 9026 9125 9124
9214 9026 9027 9126 9125
9215 9027 9028 9127 9126
9216 9028 9029 9128 9127
9217 9029 9030 9129 9128
9218 9030 9031 9130 9129
9219 9031 9032 9131 9130
9220 9032 9033 9132 9131
9221 9033 9034 9133 9132
9222 9034 9035 9134 9133
9223 9035 9036 9135 9134
9224 9036 9037 9136 9135
9225 9037 9038 9137 9136
9226 9038 9039 9138 9137
9227 9039 9040 9139 9138
9228 9040 9041 9140 9139
9229 9041 9042 9141 9140
9230 9042 9043 9142 9141
9231 9043 9044 9143 9142
9232 9044 9045 9144 9143
9233 9045 9046 9145 9144
9234 9046 9047 9146 9145
9235 9047 9048 9147 9146
9236 9048 9049 9148 9147
9237 9049 9050 9149 9148
9238 9050 9051 9150 9149
9239 9051 9052 9151 9150
9240 9052 9053 9152 9151
9241 9053 9054 9153 9152
9242 9054 9055 9154 9153
9243 9055 9056 9155 9154
9244 9056 9057 9156 9155
9245 9057 9058 9157 9156
9246 9058 9059 9158 9157
9247 9059 9060 9159 9158
9248 9060 9061 9160 9159
9249 9061 9062 9161 9160
9250 9062 9063 9162 9161
9251 9063 9064 9163 9162
9252 9064 9065 9164 9163
9253 9065 9066 9165 9164
9254 9066 9067 9166 9165
9255 9067 9068 9167 9166
9256 9068 9069 9168 9167
9257 9069 9070 9169 9168
9258 9070 9071 9170 9169
9259 9071 9072 9171 9170
9260 9072 9073 9172 9171
9261 9073 9074 9173 9172
9262 9074 9075 9174 9173
9263 9075 9076 9175 9174
9264 9076 9077 9176 9175
9265 9077 9078 9177 9176
9266 9078 9079 9178 9177
9267 9079 9080 9179 9178
9268 9080 9081 9180 9179
9269 9081 9082 9181 9180
9270 9082 9083 9182 9181
9271 9083 9084 9183 9182
9272 9084 9085 9184 9183
9273 9085 9086 9185 9184
9274 9086 9087 9186 9185
9275 9087 9088 9187 9186
9276 9088 9089 9188 9187
9277 9089 9090 9189 9188
9278 9090 9091 9190 9189
9279 9091 9092 9191 9190
9280 9092 9093 9192 9191
9281 9093 9094 9193 9192
9282 9094 9095 9194 9193
9283 9095 9096 9195 9194
9284 9096 9097 9196 9195
9285 9097 9098 9197 9196
9286 9098 9099 9198 9197
9287 9099 9100 9199 9198
9288 9100 9101 9200 9199
9289 9101 9102 9201 9200
9290 9102 9103 9202 9201
9291 9103 9104 9203 9202
9292 9104 9105 9204 9203
9293 9105 9106 9205 9204
9294 9106 9107 9206 9205
9295 9107 9108 9207 9206
9296 9108 9109 9208 9207
9297 9109 9110 9209 9208
9298 9110 9111 9210 9209
9299 9111 9112 9211 9210
9300 9112 192 193 9211
9301 313 9113 9212 312
9302 9113 9114 9213 9212
9303 9114 9115 9214 9213
9304 9115 9116 9215 9214
9305 9116 9117 9216 9215
9306 9117 9118 9217 9216
9307 9118 9119 9218 9217
9308 9119 9120 9219 9218
9309 9120 9121 9220 9219
9310 9121 9122 9221 9220
9311 9122 9123 9222 9221
9312 9123 9124 9223 9222
9313 9124 9125 9224 9223
9314 9125 9126 9225 9224
9315 9126 9127 9226 9225
9316 9127 9128 9227 9226
9317 9128 9129 9228 9227
9318 9129 9130 9229 9228
9319 9130 9131 9230 9229
9320 9131 9132 9231 9230
9321 9132 9133 9232 9231
9322 9133 9134 9233 9232
9323 9134 9135 9234 9233
9324 9135 9136 9235 9234
9325 9136 9137 9236 9235
9326 9137 9138 9237 9236
9327 9138 9139 9238 9237
9328 9139 9140 9239 9238
9329 9140 9141 9240 9239
9330 9141 9142 9241 9240
9331 9142 9143 9242 9241
9332 9143 9144 9243 9242
9333 9144 9145 9244 9243
9334 9145 9146 9245 9244
9335 9146 9147 9246 9245
9336 9147 9148 9247 9246
9337 9148 9149 9248 9247
9338 9149 9150 9249 9248
9339 9150 9151 9250 9249
9340 9151 9152 9251 9250
9341 9152 9153 9252 9251
9342 9153 9154 9253 9252
9343 9154 9155 9254 9253
9344 9155 9156 9255 9254
9345 9156 9157 9256 9255
9346 9157 9158 9257 9256
9347 9158 9159 9258 9257
9348 9159 9160 9259 9258
9349 9160 9161 9260 9259
9350 9161 9162 9261 9260
9351 9162 9163 9262 9261
9352 9163 9164 9263 9262
9353 9164 9165 9264 9263
9354 9165 9166 9265 9264
9355 9166 9167 9266 9265
9356 9167 9168 9267 9266
9357 9168 9169 9268 9267
9358 9169 9170 9269 9268
9359 9170 9171 9270 9269
9360 9171 9172 9271 9270
9361 9172 9173 9272 9271
9362 9173 9174 9273 9272
9363 9174 9175 9274 9273
9364 9175 9176 9275 9274
9365 9176 9177 9276 9275
9366 9177 9178 9277 9276
9367 9178 9179 9278 9277
9368 9179 9180 9279 9278
9369 9180 9181 9280 9279
9370 9181 9182 9281 9280
9371 9182 9183 9282 9281
9372 9183 9184 9283 9282
9373 9184 9185 9284 9283
9374 9185 9186 9285 9284
9375 9186 9187 9286 9285
9376 9187 9188 9287 9286
9377 9188 9189 9288 9287
9378 9189 9190 9289 9288
9379 9190 9191 9290 9289
9380 9191 9192 9291 9290
9381 9192 9193 9292 9291
9382 9193 9194 9293 9292
9383 9194 9195 9294 9293
9384 9195 9196 9295 9294
9385 9196 9197 9296 9295
9386 9197 9198 9297 9296
9387 9198 9199 9298 9297
9388 9199 9200 9299 9298
9389 9200 9201 9300 9299
9390 9201 9202 9301 9300
9391 9202 9203 9302 9301
9392 9203 9204 9303 9302
9393 9204 9205 9304 9303
9394 9205 9206 9305 9304
9395 9206 9207 9306 9305
9396 9207 9208 9307 9306
9397 9208 9209 9308 9307
9398 9209 9210 9309 9308
9399 9210 9211 9310 9309
9400 9211 193 194 9310
9401 312 9212 9311 311
9402 9212 9213 9312 9311
9403 9213 9214 9313 9312
9404 9214 9215 9314 9313
9405 9215 9216 9315 9314
9406 9216 9217 9316 9315
9407 9217 9218 9317 9316
9408 9218 9219 9318 9317
9409 9219 9220 9319 9318
9410 9220 9221 9320 9319
9411 9221 9222 9321 9320
9412 9222 9223 9322 9321
9413 9223 9224 9323 9322
9414 9224 9225 9324 9323
9415 9225 9226 9325 9324
9416 9226 9227 9326 9325
9417 9227 9228 9327 9326
9418 9228 9229 9328 9327
9419 9229 9230 9329 9328
9420 9230 9231 9330 9329
9421 9231 9232 9331 9330
9422 9232 9233 9332 9331
9423 9233 9234 9333 9332
9424 9234 9235 9334 9333
9425 9235 9236 9335 9334
9426 9236 9237 9336 9335
9427 9237 9238 9337 9336
9428 9238 9239 9338 9337
9429 9239 9240 9339 9338
9430 9240 9241 9340 9339
9431 9241 9242 9341 9340
9432 9242 9243 9342 9341
9433 9243 9244 9343 9342
9434 9244 9245 9344 9343
9435 9245 9246 9345 9344
9436 9246 9247 9346 9345
9437 9247 9248 9347 9346
9438 9248 9249 9348 9347
9439 9249 9250 9349 9348
9440 9250 9251 9350 9349
9441 9251 9252 9351 9350
9442 9252 9253 9352 9351
9443 9253 9254 9353 9352
9444 9254 9255 9354 9353
9445 9255 9256 9355 9354
9446 9256 9257 9356 9355
9447 9257 9258 9357 9356
9448 9258 9259 9358 9357
9449 9259 9260 9359 9358
9450 9260 9261 9360 9359
9451 9261 9262 9361 9360
9452 9262 9263 9362 9361
9453 9263 9264 9363 9362
9454 9264 9265 9364 9363
9455 9265 9266 9365 9364
9456 9266 9267 9366 9365
9457 9267 9268 9367 9366
9458 9268 9269 9368 9367
9459 9269 9270 9369 9368
9460 9270 9271 9370 9369
9461 9271 9272 9371 9370
9462 9272 9273 9372 9371
9463 9273 9274 9373 9372
9464 9274 9275 9374 9373
9465 9275 9276 9375 9374
9466 9276 9277 9376 9375
9467 9277 9278 9377 9376
9468 9278 9279 9378 9377
9469 9279 9280 9379 9378
9470 9280 9281 9380 9379
9471 9281 9282 9381 9380
9472 9282 9283 9382 9381
9473 9283 9284 9383 9382
9474 9284 9285 9384 9383
9475 9285 9286 9385 9384
9476 9286 9287 9386 9385
9477 9287 9288 9387 9386
9478 9288 9289 9388 9387
9479 9289 9290 9389 9388
9480 9290 9291 9390 9389
9481 9291 9292 9391 9390
9482 9292 9293 9392 9391
9483 9293 9294 9393 9392
9484 9294 9295 9394 9393
9485 9295 9296 9395 9394
9486 9296 9297 9396 9395
9487 9297 9298 9397 9396
9488 9298 9299 9398 9397
9489 9299 9300 9399 9398
9490 9300 9301 9400 9399
9491 9301 9302 9401 9400
9492 9302 9303 9402 9401
9493 9303 9304 9403 9402
9494 9304 9305 9404 9403
9495 9305 9306 9405 9404
9496 9306 9307 9406 9405
9497 9307 9308 9407 9406
9498 9308 9309 9408 9407
9499 9309 9310 9409 9408
9500 9310 194 195 9409
9501 311 9311 9410 310
9502 9311 9312 9411 9410
9503 9312 9313 9412 9411
9504 9313 9314 9413 9412
9505 9314 9315 9414 9413
9506 9315 9316 9415 9414
9507 9316 9317 9416 9415
9508 9317 9318 9417 9416
9509 9318 9319 9418 9417
9510 9319 9320 9419 9418
9511 9320 9321 9420 9419
9512 9321 9322 9421 9420
9513 9322 9323 9422 9421
9514 9323 9324 9423 9422
9515 9324 9325 9424 9423
9516 9325 9326 9425 9424
9517 9326 9327 9426 9425
9518 9327 9328 9427 9426
9519 9328 9329 9428 9427
9520 9329 9330 9429 9428
9521 9330 9331 9430 9429
9522 9331 9332 9431 9430
9523 9332 9333 9432 9431
9524 9333 9334 9433 9432
9525 9334 9335 9434 9433
9526 9335 9336 9435 9434
9527 9336 9337 9436 9435
9528 9337 9338 9437 9436
9529 9338 9339 9438 9437
9530 9339 9340 9439 9438
9531 9340 9341 9440 9439
9532 9341 9342 9441 9440
9533 9342 9343 9442 9441
9534 9343 9344 9443 9442
9535 9344 9345 9444 9443
9536 9345 9346 9445 9444
9537 9346 9347 9446 9445
9538 9347 9348 9447 9446
9539 9348 9349 9448 9447
9540 9349 9350 9449 9448
9541 9350 9351 9450 9449
9542 9351 9352 9451 9450
9543 9352 9353 9452 9451
9544 9353 9354 9453 9452
9545 9354 9355 9454 9453
9546 9355 9356 9455 9454
9547 9356 9357 9456 9455
9548 9357 9358 9457 9456
9549 9358 9359 9458 9457
9550 9359 9360 9459 9458
9551 9360 9361 9460 9459
9552 9361 9362 9461 9460
9553 9362 9363 9462 9461
9554 9363 9364 9463 9462
9555 9364 9365 9464 9463
9556 9365 9366 9465 9464
9557 9366 9367 9466 9465
9558 9367 9368 9467 9466
9559 9368 9369 9468 9467
9560 9369 9370 9469 9468
9561 9370 9371 9470 9469
9562 9371 9372 9471 9470
9563 9372 9373 9472 9471
9564 9373 9374 9473 9472
9565 9374 9375 9474 9473
9566 9375 9376 9475 9474
9567 9376 9377 9476 9475
9568 9377 9378 9477 9476
9569 9378 9379 9478 9477
9570 9379 9380 9479 9478
9571 9380 9381 9480 9479
9572 9381 9382 9481 9480
9573 9382 9383 9482 9481
9574 9383 9384 9483 9482
9575 9384 9385 9484 9483
9576 9385 9386 9485 9484
9577 9386 9387 9486 9485
9578 9387 9388 9487 9486
9579 9388 9389 9488 9487
9580 9389 9390 9489 9488
9581 9390 9391 9490 9489
9582 9391 9392 9491 9490
9583 9392 9393 9492 9491
9584 9393 9394 9493 9492
9585 9394 9395 9494 9493
9586 9395 9396 9495 9494
9587 9396 9397 9496 9495
9588 9397 9398 9497 9496
9589 9398 9399 9498 9497
9590 9399 9400 9499 9498
9591 9400 9401 9500 9499
9592 9401 9402 9501 9500
9593 9402 9403 9502 9501
9594 9403 9404 9503 9502
9595 9404 9405 9504 9503
9596 9405 9406 9505 9504
9597 9406 9407 9506 9505
9598 9407 9408 9507 9506
9599 9408 9409 9508 9507
9600 9409 195 196 9508
9601 310 9410 9509 309
9602 9410 9411 9510 9509
9603 9411 9412 9511 9510
9604 9412 9413 9512 9511
9605 9413 9414 9513 9512
9606 9414 9415 9514 9513
9607 9415 9416 9515 9514
9608 9416 9417 9516 9515
9609 9417 9418 9517 9516
9610 9418 9419 9518 9517
9611 9419 9420 9519 9518
9612 9420 9421 9520 9519
9613 9421 9422 9521 9520
9614 9422 9423 9522 9521
9615 9423 9424 9523 9522
9616 9424 9425 9524 9523
9617 9425 9426 9525 9524
9618 9426 9427 9526 9525
9619 9427 9428 9527 9526
9620 9428 9429 9528 9527
9621 9429 9430 9529 9528
9622 9430 9431 9530 9529
9623 9431 9432 9531 9530
9624 9432 9433 9532 9531
9625 9433 9434 9533 9532
9626 9434 9435 9534 9533
9627 9435 9436 9535 9534
9628 9436 9437 9536 9535
9629 9437 9438 9537 9536
9630 9438 9439 9538 9537
9631 9439 9440 9539 9538
9632 9440 9441 9540 9539
9633 9441 9442 9541 9540
9634 9442 9443 9542 9541
9635 9443 9444 9543 9542
9636 9444 9445 9544 9543
9637 9445 9446 9545 9544
9638 9446 9447 9546 9545
9639 9447 9448 9547 9546
9640 9448 9449 9548 9547
9641 9449 9450 9549 9548
9642 9450 9451 9550 9549
9643 9451 9452 9551 9550
9644 9452 9453 9552 9551
9645 9453 9454 9553 9552
9646 9454 9455 9554 9553
9647 9455 9456 9555 9554
9648 9456 9457 9556 9555
9649 9457 9458 9557 9556
9650 9458 9459 9558 9557
9651 9459 9460 9559 9558
9652 9460 9461 9560 9559
9653 9461 9462 9561 9560
9654 9462 9463 9562 9561
9655 9463 9464 9563 9562
9656 9464 9465 9564 9563
9657 9465 9466 9565 9564
9658 9466 9467 9566 9565
9659 9467 9468 9567 9566
9660 9468 9469 9568 9567
9661 9469 9470 9569 9568
9662 9470 9471 9570 9569
9663 9471 9472 9571 9570
9664 9472 9473 9572 9571
9665 9473 9474 9573 9572
9666 9474 9475 9574 9573
9667 9475 9476 9575 9574
9668 9476 9477 9576 9575
9669 9477 9478 9577 9576
9670 9478 9479 9578 9577
9671 9479 9480 9579 9578
9672 9480 9481 9580 9579
9673 9481 9482 9581 9580
9674 9482 9483 9582 9581
9675 9483 9484 9583 9582
9676 9484 9485 9584 9583
9677 9485 9486 9585 9584
9678 9486 9487 9586 9585
9679 9487 9488 9587 9586
9680 9488 9489 9588 9587
9681 9489 9490 9589 9588
9682 9490 9491 9590 9589
9683 9491 9492 9591 9590
9684 9492 9493 9592 9591
9685 9493 9494 9593 9592
9686 9494 9495 9594 9593
9687 9495 9496 9595 9594
9688 9496 9497 9596 9595
9689 9497 9498 9597 9596
9690 9498 9499 9598 9597
9691 9499 9500 9599 9598
9692 9500 9501 9600 9599
9693 9501 9502 9601 9600
9694 9502 9503 9602 9601
9695 9503 9504 9603 9602
9696 9504 9505 9604 9603
9697 9505 9506 9605 9604
9698 9506 9507 9606 9605
9699 9507 9508 9607 9606
9700 9508 196 197 9607
9701 309 9509 9608 308
9702 9509 9510 9609 9608
9703 9510 9511 9610 9609
9704 9511 9512 9611 9610
9705 9512 9513 9612 9611
9706 9513 9514 9613 9612
9707 9514 9515 9614 9613
9708 9515 9516 9615 9614
9709 9516 9517 9616 9615
9710 9517 9518 9617 9616
9711 9518 9519 9618 9617
9712 9519 9520 9619 9618
9713 9520 9521 9620 9619
9714 9521 9522 9621 9620
9715 9522 9523 9622 9621
9716 9523 9524 9623 9622
9717 9524 9525 9624 9623
9718 9525 9526 9625 9624
9719 9526 9527 9626 9625
9720 9527 9528 9627 9626
9721 9528 9529 9628 9627
9722 9529 9530 9629 9628
9723 9530 9531 9630 9629
9724 9531 9532 9631 9630
9725 9532 9533 9632 9631
9726 9533 9534 9633 9632
9727 9534 9535 9634 9633
9728 9535 9536 9635 9634
9729 9536 9537 9636 9635
9730 9537 9538 9637 9636
9731 9538 9539 9638 9637
9732 9539 9540 9639 9638
9733 9540 9541 9640 9639
9734 9541 9542 9641 9640
9735 9542 9543 9642 9641
9736 9543 9544 9643 9642
9737 9544 9545 9644 9643
9738 9545 9546 9645 9644
9739 9546 9547 9646 9645
9740 9547 9548 9647 9646
9741 9548 9549 9648 9647
9742 9549 9550 9649 9648
9743 9550 9551 9650 9649
9744 9551 9552 9651 9650
9745 9552 9553 9652 9651
9746 9553 9554 9653 9652
9747 9554 9555 9654 9653
9748 9555 9556 9655 9654
9749 9556 9557 9656 9655
9750 9557 9558 9657 9656
9751 9558 9559 9658 9657
9752 9559 9560 9659 9658
9753 9560 9561 9660 9659
9754 9561 9562 9661 9660
9755 9562 9563 9662 9661
9756 9563 9564 9663 9662
9757 9564 9565 9664 9663
9758 9565 9566 9665 9664
9759 9566 9567 9666 9665
9760 9567 9568 9667 9666
9761 9568 9569 9668 9667
9762 9569 9570 9669 9668
9763 9570 9571 9670 9669
9764 9571 9572 9671 9670
9765 9572 9573 9672 9671
9766 9573 9574 9673 9672
9767 9574 9575 9674 9673
9768 9575 9576 9675 9674
9769 9576 9577 9676 9675
9770 9577 9578 9677 9676
9771 9578 9579 9678 9677
9772 9579 9580 9679 9678
9773 9580 9581 9680 9679
9774 9581 9582 9681 9680
9775 9582 9583 9682 9681
9776 9583 9584 9683 9682
9777 9584 9585 9684 9683
9778 9585 9586 9685 9684
9779 9586 9587 9686 9685
9780 9587 9588 9687 9686
9781 9588 9589 9688 9687
9782 9589 9590 9689 9688
9783 9590 9591 9690 9689
9784 9591 9592 9691 9690
9785 9592 9593 9692 9691
9786 9593 9594 9693 9692
9787 9594 9595 9694 9693
9788 9595 9596 9695 9694
9789 9596 9597 9696 9695
9790 9597 9598 9697 9696
9791 9598 9599 9698 9697
9792 9599 9600 9699 9698
9793 9600 9601 9700 9699
9794 9601 9602 9701 9700
9795 9602 9603 9702 9701
9796 9603 9604 9703 9702
9797 9604 9605 9704 9703
9798 9605 9606 9705 9704
9799 9606 9607 9706 9705
9800 9607 197 198 9706
9801 308 9608 9707 307
9802 9608 9609 9708 9707
9803 9609 9610 9709 9708
9804 9610 9611 9710 9709
9805 9611 9612 9711 9710
9806 9612 9613 9712 9711
9807 9613 9614 9713 9712
9808 9614 9615 9714 9713
9809 9615 9616 9715 9714
9810 9616 9617 9716 9715
9811 9617 9618 9717 9716
9812 9618 9619 9718 9717
9813 9619 9620 9719 9718
9814 9620 9621 9720 9719
9815 9621 9622 9721 9720
9816 9622 9623 9722 9721
9817 9623 9624 9723 9722
9818 9624 9625 9724 9723
9819 9625 9626 9725 9724
9820 9626 9627 9726 9725
9821 9627 9628 9727 9726
9822 9628 9629 9728 9727
9823 9629 9630 9729 9728
9824 9630 9631 9730 9729
9825 9631 9632 9731 9730
9826 9632 9633 9732 9731
9827 9633 9634 9733 9732
9828 9634 9635 9734 9733
9829 9635 9636 9735 9734
9830 9636 9637 9736 9735
9831 9637 9638 9737 9736
9832 9638 9639 9738 9737
9833 9639 9640 9739 9738
9834 9640 9641 9740 9739
9835 9641 9642 9741 9740
9836 9642 9643 9742 9741
9837 9643 9644 9743 9742
9838 9644 9645 9744 9743
9839 9645 9646 9745 9744
9840 9646 9647 9746 9745
9841 9647 9648 9747 9746
9842 9648 9649 9748 9747
9843 9649 9650 9749 9748
9844 9650 9651 9750 9749
9845 9651 9652 9751 9750
9846 9652 9653 9752 9751
9847 9653 9654 9753 9752
9848 9654 9655 9754 9753
9849 9655 9656 9755 9754
9850 9656 9657 9756 9755
9851 9657 9658 9757 9756
9852 9658 9659 9758 9757
9853 9659 9660 9759 9758
9854 9660 9661 9760 9759
9855 9661 9662 9761 9760
9856 9662 9663 9762 9761
9857 9663 9664 9763 9762
9858 9664 9665 9764 9763
9859 9665 9666 9765 9764
9860 9666 9667 9766 9765
9861 9667 9668 9767 9766
9862 9668 9669 9768 9767
9863 9669 9670 9769 9768
9864 9670 9671 9770 9769
9865 9671 9672 9771 9770
9866 9672 9673 9772 9771
9867 9673 9674 9773 9772
9868 9674 9675 9774 9773
9869 9675 9676 9775 9774
9870 9676 9677 9776 9775
9871 9677 9678 9777 9776
9872 9678 9679 9778 9777
9873 9679 9680 9779 9778
9874 9680 9681 9780 9779
9875 9681 9682 9781 9780
9876 9682 9683 9782 9781
9877 9683 9684 9783 9782
9878 9684 9685 9784 9783
9879 9685 9686 9785 9784
9880 9686 9687 9786 9785
9881 9687 9688 9787 9786
9882 9688 9689 9788 9787
9883 9689 9690 9789 9788
9884 9690 9691 9790 9789
9885 9691 9692 9791 9790
9886 9692 9693 9792 9791
9887 9693 9694 9793 9792
9888 9694 9695 9794 9793
9889 9695 9696 9795 9794
9890 9696 9697 9796 9795
9891 9697 9698 9797 9796
9892 9698 9699 9798 9797
9893 9699 9700 9799 9798
9894 9700 9701 9800 9799
9895 9701 9702 9801 9800
9896 9702 9703 9802 9801
9897 9703 9704 9803 9802
9898 9704 9705 9804 9803
9899 9705 9706 9805 9804
9900 9706 198 199 9805
9901 307 9707 9806 306
9902 9707 9708 9807 9806
9903 9708 9709 9808 9807
9904 9709 9710 9809 9808
9905 9710 9711 9810 9809
9906 9711 9712 9811 9810
9907 9712 9713 9812 9811
9908 9713 9714 9813 9812
9909 9714 9715 9814 9813
9910 9715 9716 9815 9814
9911 9716 9717 9816 9815
9912 9717 9718 9817 9816
9913 9718 9719 9818 9817
9914 9719 9720 9819 9818
9915 9720 9721 9820 9819
9916 9721 9722 9821 9820
9917 9722 9723 9822 9821
9918 9723 9724 9823 9822
9919 9724 9725 9824 9823
9920 9725 9726 9825 9824
9921 9726 9727 9826 9825
9922 9727 9728 9827 9826
9923 9728 9729 9828 9827
9924 9729 9730 9829 9828
9925 9730 9731 9830 9829
9926 9731 9732 9831 9830
9927 9732 9733 9832 9831
9928 9733 9734 9833 9832
9929 9734 9735 9834 9833
9930 9735 9736 9835 9834
9931 9736 9737 9836 9835
9932 9737 9738 9837 9836
9933 9738 9739 9838 9837
9934 9739 9740 9839 9838
9935 9740 9741 9840 9839
9936 9741 9742 9841 9840
9937 9742 9743 9842 9841
9938 9743 9744 9843 9842
9939 9744 9745 9844 9843
9940 9745 9746 9845 9844
9941 9746 9747 9846 9845
9942 9747 9748 9847 9846
9943 9748 9749 9848 9847
9944 9749 9750 9849 9848
9945 9750 9751 9850 9849
9946 9751 9752 9851 9850
9947 9752 9753 9852 9851
9948 9753 9754 9853 9852
9949 9754 9755 9854 9853
9950 9755 9756 9855 9854
9951 9756 9757 9856 9855
9952 9757 9758 9857 9856
9953 9758 9759 9858 9857
9954 9759 9760 9859 9858
9955 9760 9761 9860 9859
9956 9761 9762 9861 9860
9957 9762 9763 9862 9861
9958 9763 9764 9863 9862
9959 9764 9765 9864 9863
9960 9765 9766 9865 9864
9961 9766 9767 9866 9865
9962 9767 9768 9867 9866
9963 9768 9769 9868 9867
9964 9769 9770 9869 9868
9965 9770 9771 9870 9869
9966 9771 9772 9871 9870
9967 9772 9773 9872 9871
9968 9773 9774 9873 9872
9969 9774 9775 9874 9873
9970 9775 9776 9875 9874
9971 9776 9777 9876 9875
9972 9777 9778 9877 9876
9973 9778 9779 9878 9877
9974 9779 9780 9879 9878
9975 9780 9781 9880 9879
9976 9781 9782 9881 9880
9977 9782 9783 9882 9881
9978 9783 9784 9883 9882
9979 9784 9785 9884 9883
9980 9785 9786 9885 9884
9981 9786 9787 9886 9885
9982 9787 9788 9887 9886
9983 9788 9789 9888 9887
9984 9789 9790 9889 9888
9985 9790 9791 9890 9889
9986 9791 9792 9891 9890
9987 9792 9793 9892 9891
9988 9793 9794 9893 9892
9989 9794 9795 9894 9893
9990 9795 9796 9895 9894
9991 9796 9797 9896 9895
9992 9797 9798 9897 9896
9993 9798 9799 9898 9897
9994 9799 9800 9899 9898
9995 9800 9801 9900 9899
9996 9801 9802 9901 9900
9997 9802 9803 9902 9901
9998 9803 9804 9903 9902
9999 9804 9805 9904 9903
10000 9805 199 200 9904
10001 306 9806 9905 305
10002 9806 9807 9906 9905
10003 9807 9808 9907 9906
10004 9808 9809 9908 9907
10005 9809 9810 9909 9908
10006 9810 9811 9910 9909
10007 9811 9812 9911 9910
10008 9812 9813 9912 9911
10009 9813 9814 9913 9912
10010 9814 9815 9914 9913
10011 9815 9816 9915 9914
10012 9816 9817 9916 9915
10013 9817 9818 9917 9916
10014 9818 9819 9918 9917
10015 9819 9820 9919 9918
10016 9820 9821 9920 9919
10017 9821 9822 9921 9920
10018 9822 9823 9922 9921
10019 9823 9824 9923 9922
10020 9824 9825 9924 9923
10021 9825 9826 9925 9924
10022 9826 9827 9926 9925
10023 9827 9828 9927 9926
10024 9828 9829 9928 9927
10025 9829 9830 9929 9928
10026 9830 9831 9930 9929
10027 9831 9832 9931 9930
10028 9832 9833 9932 9931
10029 9833 9834 9933 9932
10030 9834 9835 9934 9933
10031 9835 9836 9935 9934
10032 9836 9837 9936 9935
10033 9837 9838 9937 9936
10034 9838 9839 9938 9937
10035 9839 9840 9939 9938
10036 9840 9841 9940 9939
10037 9841 9842 9941 9940
10038 9842 9843 9942 9941
10039 9843 9844 9943 9942
10040 9844 9845 9944 9943
10041 9845 9846 9945 9944
10042 9846 9847 9946 9945
10043 9847 9848 9947 9946
10044 9848 9849 9948 9947
10045 9849 9850 9949 9948
10046 9850 9851 9950 9949
10047 9851 9852 9951 9950
10048 9852 9853 9952 9951
10049 9853 9854 9953 9952
10050 9854 9855 9954 9953
10051 9855 9856 9955 9954
10052 9856 9857 9956 9955
10053 9857 9858 9957 9956
10054 9858 9859 9958 9957
10055 9859 9860 9959 9958
10056 9860 9861 9960 9959
10057 9861 9862 9961 9960
10058 9862 9863 9962 9961
10059 9863 9864 9963 9962
10060 9864 9865 9964 9963
10061 9865 9866 9965 9964
10062 9866 9867 9966 9965
10063 9867 9868 9967 9966
10064 9868 9869 9968 9967
10065 9869 9870 9969 9968
10066 9870 9871 9970 9969
10067 9871 9872 9971 9970
10068 9872 9873 9972 9971
10069 9873 9874 9973 9972
10070 9874 9875 9974 9973
10071 9875 9876 9975 9974
10072 9876 9877 9976 9975
10073 9877 9878 9977 9976
10074 9878 9879 9978 9977
10075 9879 9880 9979 9978
10076 9880 9881 9980 9979
10077 9881 9882 9981 9980
10078 9882 9883 9982 9981
10079 9883 9884 9983 9982
10080 9884 9885 9984 9983
10081 9885 9886 9985 9984
10082 9886 9887 9986 9985
10083 9887 9888 9987 9986
10084 9888 9889 9988 9987
10085 9889 9890 9989 9988
10086 9890 9891 9990 9989
10087 9891 9892 9991 9990
10088 9892 9893 9992 9991
10089 9893 9894 9993 9992
10090 9894 9895 9994 9993
10091 9895 9896 9995 9994
10092 9896 9897 9996 9995
10093 9897 9898 9997 9996
10094 9898 9899 9998 9997
10095 9899 9900 9999 9998
10096 9900 9901 10000 9999
10097 9901 9902 10001 10000
10098 9902 9903 10002 10001
10099 9903 9904 10003 10002
10100 9904 200 201 10003
10101 305 9905 10004 304
10102 9905 9906 10005 10004
10103 9906 9907 10006 10005
10104 9907 9908 10007 10006
10105 9908 9909 10008 10007
10106 9909 9910 10009 10008
10107 9910 9911 10010 10009
10108 9911 9912 10011 10010
10109 9912 9913 10012 10011
10110 9913 9914 10013 10012
10111 9914 9915 10014 10013
10112 9915 9916 10015 10014
10113 9916 9917 10016 10015
10114 9917 9918 10017 10016
10115 9918 9919 10018 10017
10116 9919 9920 10019 10018
10117 9920 9921 10020 10019
10118 9921 9922 10021 10020
10119 9922 9923 10022 10021
10120 9923 9924 10023 10022
10121 9924 9925 10024 10023
10122 9925 9926 10025 10024
10123 9926 9927 10026 10025
10124 9927 9928 10027 10026
10125 9928 9929 10028 10027
10126 9929 9930 10029 10028
10127 9930 9931 10030 10029
10128 9931 9932 10031 10030
10129 9932 9933 10032 10031
10130 9933 9934 10033 10032
10131 9934 9935 10034 10033
10132 9935 9936 10035 10034
10133 9936 9937 10036 10035
10134 9937 9938 10037 10036
10135 9938 9939 10038 10037
10136 9939 9940 10039 10038
10137 9940 9941 10040 10039
10138 9941 9942 10041 10040
10139 9942 9943 10042 10041
10140 9943 9944 10043 10042
10141 9944 9945 10044 10043
10142 9945 9946 10045 10044
10143 9946 9947 10046 10045
10144 9947 9948 10047 10046
10145 9948 9949 10048 10047
10146 9949 9950 10049 10048
10147 9950 9951 10050 10049
10148 9951 9952 10051 10050
10149 9952 9953 10052 10051
10150 9953 9954 10053 10052
10151 9954 9955 10054 10053
10152 9955 9956 10055 10054
10153 9956 9957 10056 10055
10154 9957 9958 10057 10056
10155 9958 9959 10058 10057
10156 9959 9960 10059 10058
10157 9960 9961 10060 10059
10158 9961 9962 10061 10060
10159 9962 9963 10062 10061
10160 9963 9964 10063 10062
10161 9964 9965 10064 10063
10162 9965 9966 10065 10064
10163 9966 9967 10066 10065
10164 9967 9968 10067 10066
10165 9968 9969 10068 10067
10166 9969 9970 10069 10068
10167 9970 9971 10070 10069
10168 9971 9972 10071 10070
10169 9972 9973 10072 10071
10170 9973 9974 10073 10072
10171 9974 9975 10074 10073
10172 9975 9976 10075 10074
10173 9976 9977 10076 10075
10174 9977 9978 10077 10076
10175 9978 9979 10078 10077
10176 9979 9980 10079 10078
10177 9980 9981 10080 10079
10178 9981 9982 10081 10080
10179 9982 9983 10082 10081
10180 9983 9984 10083 10082
10181 9984 9985 10084 10083
10182 9985 9986 10085 10084
10183 9986 9987 10086 10085
10184 9987 9988 10087 10086
10185 9988 9989 10088 10087
10186 9989 9990 10089 10088
10187 9990 9991 10090 10089
10188 9991 9992 10091 10090
10189 9992 9993 10092 10091
10190 9993 9994 10093 10092
10191 9994 9995 10094 10093
10192 9995 9996 10095 10094
10193 9996 9997 10096 10095
10194 9997 9998 10097 10096
10195 9998 9999 10098 10097
10196 9999 10000 10099 10098
10197 10000 10001 10100 10099
10198 10001 10002 10101 10100
10199 10002 10003 10102 10101
10200 10003 201 202 10102
10201 304 10004 10103 303
10202 10004 10005 10104 10103
10203 10005 10006 10105 10104
10204 10006 10007 10106 10105
10205 10007 10008 10107 10106
10206 10008 10009 10108 10107
10207 10009 10010 10109 10108
10208 10010 10011 10110 10109
10209 10011 10012 10111 10110
10210 10012 10013 10112 10111
10211 10013 10014 10113 10112
10212 10014 10015 10114 10113
10213 10015 10016 10115 10114
10214 10016 10017 10116 10115
10215 10017 10018 10117 10116
10216 10018 10019 10118 10117
10217 10019 10020 10119 10118
10218 10020 10021 10120 10119
10219 10021 10022 10121 10120
10220 10022 10023 10122 10121
10221 10023 10024 10123 10122
10222 10024 10025 10124 10123
10223 10025 10026 10125 10124
10224 10026 10027 10126 10125
10225 10027 10028 10127 10126
10226 10028 10029 10128 10127
10227 10029 10030 10129 10128
10228 10030 10031 10130 10129
10229 10031 10032 10131 10130
10230 10032 10033 10132 10131
10231 10033 10034 10133 10132
10232 10034 10035 10134 10133
10233 10035 10036 10135 10134
10234 10036 10037 10136 10135
10235 10037 10038 10137 10136
10236 10038 10039 10138 10137
10237 10039 10040 10139 10138
10238 10040 10041 10140 10139
10239 10041 10042 10141 10140
10240 10042 10043 10142 10141
10241 10043 10044 10143 10142
10242 10044 10045 10144 10143
10243 10045 10046 10145 10144
10244 10046 10047 10146 10145
10245 10047 10048 10147 10146
10246 10048 10049 10148 10147
10247 10049 10050 10149 10148
10248 10050 10051 10150 10149
10249 10051 10052 10151 10150
10250 10052 10053 10152 10151
10251 10053 10054 10153 10152
10252 10054 10055 10154 10153
10253 10055 10056 10155 10154
10254 10056 10057 10156 10155
10255 10057 10058 10157 10156
10256 10058 10059 10158 10157
10257 10059 10060 10159 10158
10258 10060 10061 10160 10159
10259 10061 10062 10161 10160
10260 10062 10063 10162 10161
10261 10063 10064 10163 10162
10262 10064 10065 10164 10163
10263 10065 10066 10165 10164
10264 10066 10067 10166 10165
10265 10067 10068 10167 10166
10266 10068 10069 10168 10167
10267 10069 10070 10169 10168
10268 10070 10071 10170 10169
10269 10071 10072 10171 10170
10270 10072 10073 10172 10171
10271 10073 10074 10173 10172
10272 10074 10075 10174 10173
10273 10075 10076 10175 10174
10274 10076 10077 10176 10175
10275 10077 10078 10177 10176
10276 10078 10079 10178 10177
10277 10079 10080 10179 10178
10278 10080 10081 10180 10179
10279 10081 10082 10181 10180
10280 10082 10083 10182 10181
10281 10083 10084 10183 10182
10282 10084 10085 10184 10183
10283 10085 10086 10185 10184
10284 10086 10087 10186 10185
10285 10087 10088 10187 10186
10286 10088 10089 10188 10187
10287 10089 10090 10189 10188
10288 10090 10091 10190 10189
10289 10091 10092 10191 10190
10290 10092 10093 10192 10191
10291 10093 10094 10193 10192
10292 10094 10095 10194 10193
10293 10095 10096 10195 10194
10294 10096 10097 10196 10195
10295 10097 10098 10197 10196
10296 10098 10099 10198 10197
10297 10099 10100 10199 10198
10298 10100 10101 10200 10199
10299 10101 10102 10201 10200
10300 10102 202 203 10201
10301 303 10103 302 4
10302 10103 10104 301 302
10303 10104 10105 300 301
10304 10105 10106 299 300
10305 10106 10107 298 299
10306 10107 10108 297 298
10307 10108 10109 296 297
10308 10109 10110 295 296
10309 10110 10111 294 295
10310 10111 10112 293 294
10311 10112 10113 292 293
10312 10113 10114 291 292
10313 10114 10115 290 291
10314 10115 10116 289 290
10315 10116 10117 288 289
10316 10117 10118 287 288
10317 10118 10119 286 287
10318 10119 10120 285 286
10319 10120 10121 284 285
10320 10121 10122 283 284
10321 10122 10123 282 283
10322 10123 10124 281 282
10323 10124 10125 280 281
10324 10125 10126 279 280
10325 10126 10127 278 279
10326 10127 10128 277 278
10327 10128 10129 276 277
10328 10129 10130 275 276
10329 10130 10131 274 275
10330 10131 10132 273 274
10331 10132 10133 272 273
10332 10133 10134 271 272
10333 10134 10135 270 271
10334 10135 10136 269 270
10335 10136 10137 268 269
10336 10137 10138 267 268
10337 10138 10139 266 267
10338 10139 10140 265 266
10339 10140 10141 264 265
10340 10141 10142 263 264
10341 10142 10143 262 263
10342 10143 10144 261 262
10343 10144 10145 260 261
10344 10145 10146 259 260
10345 10146 10147 258 259
10346 10147 10148 257 258
10347 10148 10149 256 257
10348 10149 10150 255 256
10349 10150 10151 254 255
10350 10151 10152 253 254
10351 10152 10153 252 253
10352 10153 10154 251 252
10353 10154 10155 250 251
10354 10155 10156 249 250
10355 10156 10157 248 249
10356 10157 10158 247 248
10357 10158 10159 246 247
10358 10159 10160 245 246
10359 10160 10161 244 245
10360 10161 10162 243 244
10361 10162 10163 242 243
10362 10163 10164 241 242
10363 10164 10165 240 241
10364 10165 10166 239 240
10365 10166 10167 238 239
10366 10167 10168 237 238
10367 10168 10169 236 237
10368 10169 10170 235 236
10369 10170 10171 234 235
10370 10171 10172 233 234
10371 10172 10173 232 233
10372 10173 10174 231 232
10373 10174 10175 230 231
10374 10175 10176 229 230
10375 10176 10177 228 229
10376 10177 10178 227 228
10377 10178 10179 226 227
10378 10179 10180 225 226
10379 10180 10181 224 225
10380 10181 10182 223 224
10381 10182 10183 222 223
10382 10183 10184 221 222
10383 10184 10185 220 221
10384 10185 10186 219 220
10385 10186 10187 218 219
10386 10187 10188 217 218
10387 10188 10189 216 217
10388 10189 10190 215 216
10389 10190 10191 214 215
10390 10191 10192 213 214
10391 10192 10193 212 213
10392 10193 10194 211 212
10393 10194 10195 210 211
10394 10195 10196 209 210
10395 10196 10197 208 209
10396 10197 10198 207 208
10397 10198 10199 206 207
10398 10199 10200 205 206
10399 10200 10201 204 205
10400 10201 203 3 204
$EndElements
